marketing_spend,advertising_spend,website_traffic,number_of_customers,product_price,discount_percentage,previous_revenue,revenue
38923.85,12538.68,119536.56,1705.59,372.98,47.71,186620.23,134820.99
22505.04,17928.1,122471.95,1010.5,497.95,49.52,222087.86,97624.05
43071.3,24068.06,53645.23,1244.22,30.08,41.66,492655.7,224871.46
35171.03,10783.61,18941.92,2534.16,130.01,22.19,60413.16,124550.52
5614.69,2478.17,51033.47,1786.26,302.89,27.37,73592.54,69174.09
48805.5,18833.05,42851.21,811.82,213.45,25.17,228977.76,163885.92
38295.85,23252.64,80991.44,1411.59,322.4,7.78,101236.95,136504.85
39517.15,21093.64,163880.1,3684.79,297.34,42.72,348718.48,201105.11
7277.57,15642.21,43769.11,1571.52,396.11,33.79,193125.22,113088.38
23068.91,12969.15,61612.04,1688.7,44.74,31.9,426179.58,181167.15
19169.1,8915.26,117273.78,1130.27,225.9,11.02,379333.06,151646.82
46411.48,20151.98,94953.09,1457.97,431.43,7.66,245987.26,161834.2
32549.39,10995.01,20165.59,2563.42,187.75,43.65,425590.11,201939.87
41315.32,22924.52,46784.67,2613.9,256.86,8.97,68393.05,146243.71
22727.3,8886.31,147720.23,2101.55,20.57,3.69,298927.52,176192.56
12134.7,8606.57,26844.18,2825.81,119.85,31.28,310463.82,189163.63
28174.65,16012.55,109898.5,1752.24,237.19,35.22,138090.13,140339.3
4127.05,10816.25,128540.22,3249.26,205.49,5.98,43818.24,124645.06
41553.93,20527.35,59910.54,491.09,360.18,10.34,276895.5,165925.36
31951.56,15420.48,122472.7,1719.33,309.82,39.44,266564.98,173826.42
38146.3,26058.99,50481.99,2832.11,441.34,46.48,333733.64,223173.15
18371.77,20553.07,62731.25,3027.45,428.84,23.82,122205.8,138640.44
48564.2,27355.55,72098.64,2654.12,128.2,39.6,106228.81,165365.23
44762.93,21728.16,166865.6,2876.94,18.64,15.97,489399.63,266788.32
39140.79,20710.81,52681.63,2728.37,428.69,35.16,74570.48,116318.35
10537.3,14486.83,35324.55,2328.54,171.27,27.86,499716.12,256806.59
23869.33,13754.11,150228.54,1588.38,180.08,42.16,365588.85,205085.07
3146.38,7410.34,34408.23,1624.13,87.61,38.8,322074.67,181322.8
8560.19,13756.09,143500.46,2733.55,349.57,14.21,183096.08,136807.08
34469.4,7891.75,105629.61,2332.78,147.25,7.47,436545.49,212254.53
37493.35,8144.07,95160.17,3142.58,96.6,40.38,456829.57,222046.19
48407.98,26788.61,135375.0,2151.02,256.66,1.64,366504.32,259994.83
16965.44,4798.36,114108.53,1186.71,377.7,33.95,360746.52,173212.89
19152.53,14564.01,32677.51,885.68,142.1,23.8,256714.22,142104.59
24008.23,17293.91,163757.71,3372.35,363.8,3.76,57360.74,162758.62
10284.1,6421.16,146710.94,858.85,236.37,34.43,499533.94,188228.79
7366.15,19439.98,150557.82,3373.27,207.85,24.14,27466.58,113636.09
24309.54,9068.78,102486.95,773.64,186.17,43.01,257790.75,129454.36
12118.56,20171.75,96942.15,1720.52,81.33,10.43,196224.47,126441.39
33820.89,22142.49,100474.38,2922.88,172.99,0.11,392543.53,234339.22
22420.44,9678.58,14908.72,1356.63,440.83,6.52,373174.57,176394.95
41801.23,11799.76,86862.88,2919.12,60.06,13.48,321463.86,222637.34
35312.99,13729.14,106429.9,923.02,479.57,32.61,55874.5,119863.83
16305.97,11521.23,109729.38,2132.12,62.67,18.13,133687.73,104323.49
41780.73,13648.95,64079.38,2109.57,187.4,5.91,65196.05,138412.07
40433.45,28065.08,95788.0,3162.46,307.09,49.08,489908.65,302938.62
19986.44,8975.51,104445.44,893.73,420.54,5.41,81335.79,94885.7
15128.08,19722.99,82882.69,1496.36,80.36,17.76,484252.51,234969.11
34442.28,10491.25,152902.61,2776.62,79.14,43.83,74101.84,144659.93
7847.87,21184.34,124236.58,3562.98,317.91,32.63,433870.57,232263.55
10795.5,7056.81,10830.14,2614.15,153.45,15.99,295822.48,142286.18
1360.75,8995.08,15571.59,2632.69,325.81,48.52,419228.32,181158.04
39559.29,19303.86,120536.62,2202.51,412.09,25.05,324336.3,178622.84
33577.69,9561.11,72482.43,2098.88,47.67,0.41,389041.84,195968.42
35553.1,23538.61,145554.18,3317.65,423.8,0.31,370789.57,210224.08
39255.72,13707.51,41053.24,2827.18,28.42,47.05,144889.75,156182.73
23486.87,15908.14,19731.41,2525.25,450.42,14.06,468823.18,266800.41
28868.32,16991.52,74865.16,2848.18,488.05,40.6,328950.13,190534.16
7850.05,13821.5,122786.5,3264.86,337.05,2.18,117000.38,144224.17
6611.97,2904.37,148224.02,1171.09,492.29,7.35,166900.17,97694.8
33751.75,10538.41,141560.54,1656.46,412.78,42.84,275864.48,176139.72
24083.71,8459.99,81958.81,3340.52,31.74,49.7,443276.83,228701.03
28696.57,12129.31,132561.96,2342.66,11.87,2.6,402441.5,190126.63
38484.94,11022.81,24016.17,731.83,20.19,8.38,164983.04,114698.95
32101.2,24897.71,107897.65,2098.35,231.43,36.15,350473.43,222975.07
28125.39,16127.69,151925.42,2732.4,315.46,26.48,20795.28,120890.49
28401.15,18339.95,77147.8,2887.58,245.92,20.3,179667.7,170079.67
15893.55,10649.73,152734.38,3218.98,341.79,9.72,423005.71,223785.94
2510.07,6388.81,42110.39,453.35,230.31,47.27,92576.57,38057.77
22399.15,14791.79,32150.33,1575.97,30.86,8.61,189629.73,127648.17
11514.65,8542.23,87924.32,599.27,120.82,13.26,20500.79,49006.17
21017.9,11404.68,145674.54,3404.03,496.39,16.21,31103.71,153018.21
42816.75,17891.99,64449.08,926.57,179.47,6.93,90089.12,117684.2
12463.03,12854.41,131306.78,2568.67,169.14,26.81,68894.27,100565.34
3856.83,20465.49,45906.0,1984.32,84.87,17.07,255070.08,160514.11
14787.81,7812.35,119357.59,2510.82,493.7,30.39,452002.1,237050.05
15386.09,13092.75,96243.11,2215.12,122.93,18.39,60628.02,90853.25
33433.91,10102.26,38459.27,2367.5,326.95,5.82,437521.7,227149.76
28294.58,12983.9,119509.77,2513.27,30.6,43.63,340715.76,188307.44
39411.01,22369.76,126390.45,993.82,42.57,25.48,101069.54,113877.98
33551.36,10612.28,88227.94,1604.77,361.21,16.09,159073.52,142861.71
20912.96,16018.94,50507.96,1937.66,321.23,0.82,113208.07,121619.91
40887.0,16803.07,37625.07,1231.2,343.28,29.89,398863.26,218095.56
9181.67,3342.14,146475.69,3037.34,123.18,39.13,368048.17,188757.37
2112.89,19117.55,115386.85,1598.84,492.6,32.5,166116.49,101654.13
5412.35,9647.73,130058.2,3153.48,283.6,39.39,46080.48,109330.94
36395.61,23065.69,124513.28,1148.09,485.08,7.75,100995.56,117867.4
23631.98,13344.51,135949.29,3010.98,90.44,48.59,322340.65,217976.25
8902.32,20558.99,45008.36,857.09,208.5,10.57,63378.95,72964.58
25551.19,11274.41,86077.31,2061.63,174.49,13.34,277503.44,183715.35
8463.29,10231.16,109918.02,1579.11,379.99,25.62,314205.93,148273.42
35119.7,22321.79,37848.97,2137.51,376.31,0.26,350121.73,232537.55
22861.66,11773.84,36162.83,897.76,248.41,22.12,80170.76,83142.48
19670.04,11538.97,106158.65,2937.48,17.91,9.79,240658.82,184121.34
15774.09,23053.87,149405.44,2510.42,95.85,37.45,242430.38,169640.51
31883.85,17711.25,114929.35,3450.74,34.63,37.89,420935.65,221437.9
18728.82,17688.68,24400.64,2286.14,425.04,30.79,244984.16,165976.93
5294.85,14106.48,156997.96,2646.44,151.99,21.08,215261.96,163745.04
6782.29,18000.98,39629.28,2702.71,67.78,15.51,79261.02,103317.68
48132.99,26932.19,60267.27,1038.42,183.54,41.37,353342.89,191490.0
45520.45,20587.59,162840.32,2749.15,47.87,25.35,317498.95,243189.82
35285.65,13300.97,127440.56,1869.37,489.64,24.82,364135.93,172638.05
14027.63,3750.13,143803.72,2976.01,164.35,5.67,335015.96,204785.28
48489.64,22178.79,139702.89,869.48,467.2,10.92,440136.24,249008.5
39158.79,24428.4,119044.22,1935.59,344.54,18.02,441126.13,217431.15
36127.62,16511.05,59469.02,2287.28,287.39,34.94,167687.96,138537.27
23018.71,8315.51,59050.22,1731.11,242.99,42.26,107557.79,98183.15
14339.84,8985.57,149542.76,1537.83,346.82,49.64,464709.2,207691.2
5723.16,11589.42,139062.25,2141.92,346.27,21.37,362259.15,219933.0
45227.52,25860.79,77814.74,2953.33,15.16,22.66,486069.15,263486.13
23333.04,8515.79,65936.41,1029.52,454.81,38.3,258538.74,143888.52
10915.8,14620.08,59861.75,1464.11,190.3,16.06,481876.81,197882.02
15991.87,18389.06,67000.12,3306.97,183.1,27.03,78905.02,123980.89
29381.76,24629.28,149500.21,3494.67,209.23,33.85,303374.99,230520.69
9661.87,4708.1,10289.97,249.96,345.79,11.81,258432.95,101431.65
42974.1,27159.46,89955.2,2087.74,194.25,13.98,21269.56,143382.11
38167.46,19862.11,157601.44,1077.7,193.18,17.81,112591.38,106781.33
36253.68,22701.42,101843.41,3288.54,41.1,28.88,93666.63,132201.03
22172.56,5983.12,75101.13,1755.99,214.15,13.52,49188.46,93474.7
31738.13,16717.52,63667.63,1631.81,83.24,10.41,475111.56,197780.41
29620.8,18565.44,30569.68,1044.39,429.24,7.48,483376.25,212168.25
32842.48,13051.76,47991.94,1989.53,173.91,40.47,448040.0,248549.17
5137.77,9944.73,26072.26,650.86,480.83,44.3,494662.82,187089.26
21374.56,15583.73,35838.4,2596.16,345.42,45.24,418718.82,207766.92
3039.09,11882.5,38215.9,1715.59,380.51,41.08,467446.91,199256.96
25205.55,6357.41,53880.2,2012.14,474.4,6.86,114862.94,122040.35
17163.2,12502.53,16599.45,2621.33,127.08,4.89,143304.25,142265.47
8081.69,6285.79,147799.5,1375.93,287.97,24.96,433791.73,166737.3
6066.75,19588.9,38624.89,801.16,29.96,26.07,250142.59,102748.31
29794.58,25502.23,80958.37,1725.12,59.37,36.64,364146.77,210203.65
9359.06,8214.93,139103.44,3075.29,189.63,11.14,289716.36,175553.24
46330.89,13182.29,30998.19,424.77,344.43,46.55,166706.6,120513.48
29472.0,10674.73,83662.4,2824.31,417.53,15.5,156720.73,146180.59
17996.62,13415.49,138226.02,2243.32,135.64,28.89,379126.21,201007.13
29954.86,23543.83,104594.65,2252.09,377.05,43.21,275405.65,174691.59
2117.39,10674.18,44039.17,1956.92,119.9,26.17,192505.13,112409.71
47969.4,11174.03,120588.1,865.83,12.97,37.68,316179.06,170955.03
24632.87,6204.34,108757.93,1368.12,36.66,37.45,221570.04,113412.72
39354.03,12804.93,67760.9,2629.17,296.92,39.5,248035.92,200034.65
5053.77,17944.79,26068.63,1425.92,253.6,40.55,345396.66,159831.95
24846.26,17588.12,20210.88,1826.55,142.51,19.62,239823.3,155016.08
25044.64,16486.61,137871.25,3529.48,13.21,18.18,475971.49,274560.19
46953.5,16110.61,64514.3,556.76,288.33,40.17,252892.46,161653.78
29014.67,24426.73,44518.02,1626.66,410.63,28.99,481674.95,226919.67
24200.98,11798.17,89628.47,1595.84,43.59,30.39,426890.31,197348.69
14081.81,19597.78,154199.05,1179.7,370.87,20.6,447645.13,225126.32
17246.88,21419.49,23365.32,2974.13,320.93,10.08,386372.16,202975.49
26512.95,15227.62,25322.91,3014.85,244.88,22.85,310172.31,208286.52
22506.66,22439.97,83423.49,1420.43,33.69,48.48,275680.48,149066.8
2058.99,6309.46,108062.63,3385.79,462.55,14.54,284794.46,183007.96
41488.3,21637.11,91344.26,658.72,243.95,13.6,116698.28,103276.95
44911.88,11197.67,144102.66,3665.11,205.81,6.54,122909.54,164838.74
7872.21,11316.16,20445.19,2626.43,432.12,24.06,36397.68,101351.68
28147.77,10367.52,62614.45,1034.63,424.33,14.43,377868.95,177637.46
6320.21,2987.93,58335.78,2130.37,366.36,34.36,79934.48,84564.2
33939.76,7360.6,60206.93,2716.1,416.39,6.76,299431.58,220855.27
14780.46,9788.76,83545.46,1443.69,70.92,12.37,86203.09,83982.35
33311.71,18658.19,134560.22,1798.68,382.85,3.09,51942.43,99700.15
36622.74,16701.54,64454.21,2246.29,170.74,2.07,276125.3,181065.42
38663.73,14117.25,124243.86,1147.79,435.07,40.71,439086.03,240027.94
6279.31,21084.26,43104.9,658.34,191.41,45.29,190886.93,98788.63
45884.58,27997.65,108703.23,1367.95,36.61,38.19,461229.2,251627.46
12280.49,5406.34,63712.83,2568.22,213.05,43.26,24947.43,77543.76
2833.22,9161.24,90514.56,1615.71,380.82,4.33,243554.72,113893.39
28187.77,18790.07,35655.77,1749.62,255.46,44.91,90446.93,110129.03
19175.19,18638.11,158162.6,1457.62,384.18,23.3,171574.63,134973.74
41659.7,15976.2,149182.0,1408.82,27.28,38.43,31391.23,107159.46
40604.32,23173.36,143366.15,2703.14,96.81,30.79,36966.79,138840.2
16539.81,6228.89,139436.62,1111.47,286.17,17.49,362150.57,145388.0
47692.07,16508.76,39476.75,2234.12,198.8,13.24,334179.24,181766.88
15254.97,17521.44,92056.81,1722.32,343.29,5.91,120001.02,105355.84
26237.8,17948.37,65455.53,2373.96,481.65,20.63,452551.51,238546.89
13542.29,19534.06,149298.21,1953.51,333.33,24.71,350228.93,226458.71
46866.13,10786.94,41098.02,2759.04,214.51,49.16,181363.09,172310.98
9065.78,5713.8,41463.11,468.43,275.76,1.86,215673.53,106998.4
3200.62,2085.77,106242.21,3221.77,457.28,29.51,160426.78,130192.98
22319.76,8710.18,24858.59,1003.41,339.76,26.25,418687.14,168920.72
49626.4,10508.8,119600.28,821.37,403.56,1.14,257100.77,178299.77
44692.19,19270.54,59294.89,2027.45,157.74,16.49,84947.64,118653.87
37681.79,18338.49,115506.42,1328.16,374.72,21.15,116822.6,105550.0
44648.83,22258.66,149397.4,2178.68,78.32,24.71,162357.96,153242.97
44778.89,16961.57,106962.9,2961.53,377.39,11.67,213513.52,215119.22
26424.06,5847.36,40517.03,2598.07,441.96,1.71,304467.15,193244.23
16480.52,16936.98,25678.59,1969.51,451.11,14.69,482799.19,206154.54
38828.61,9324.4,18928.54,3030.47,67.13,41.82,145725.75,168082.11
33421.4,24074.6,37137.41,1630.57,416.64,40.39,177633.71,151710.07
19309.23,4803.6,92916.48,678.81,63.87,9.04,31496.96,64271.75
5628.87,11970.04,65067.62,2801.67,244.41,32.32,198824.94,115285.81
37592.69,25469.44,60626.06,1044.88,344.44,46.18,344037.18,176973.52
13860.57,14435.66,48347.98,852.83,247.28,8.61,482269.38,184113.9
46903.84,21744.9,159940.24,1102.73,176.56,6.43,375290.97,217126.57
12807.56,16352.92,35310.74,1227.46,345.07,1.11,76638.33,100787.6
7015.14,4290.0,52630.09,1309.01,333.83,8.62,447218.53,181924.01
41724.52,22005.98,90968.99,1432.88,295.62,40.7,422565.98,204096.95
8510.93,19369.11,20560.47,1923.06,268.93,40.7,110730.77,101788.58
9784.15,21454.14,155701.52,3057.98,355.81,27.02,468484.58,250038.04
30369.76,15213.47,31540.07,2977.22,207.49,16.68,362767.54,187115.21
43853.54,15988.55,116749.08,956.49,43.7,40.34,395752.32,210564.04
10625.3,17314.6,110037.17,1086.29,273.35,9.75,240387.04,149401.4
16205.86,14327.22,133776.04,2479.42,364.49,6.99,116328.17,131069.0
39092.84,13336.01,110120.03,935.19,156.59,4.46,403570.5,201331.31
48619.49,13580.98,127425.96,1812.35,78.97,42.57,249172.52,194497.32
25536.32,8926.75,73222.45,2277.31,456.8,35.74,484366.57,254663.95
8050.98,11064.15,84713.47,2787.15,433.24,31.23,93600.57,132766.13
1682.88,4154.0,110064.21,1281.36,313.03,36.37,190593.69,95081.47
12253.15,3335.15,90089.99,2487.61,395.44,7.17,373062.58,167829.94
7459.29,3007.59,81579.16,2380.92,484.71,19.24,294695.18,140879.45
34205.28,25473.8,55185.01,2868.81,288.94,40.71,227972.04,171179.26
6969.79,3316.7,45079.06,1235.26,129.65,45.84,356773.06,150008.56
25810.17,7089.06,62653.35,2588.53,323.02,25.65,372008.51,186864.78
35018.86,16301.95,19387.79,2377.74,458.15,6.1,297103.53,224887.03
29474.71,11174.4,74457.22,1165.95,348.17,48.93,173169.63,121128.95
10789.01,21430.33,22545.69,2014.09,22.86,19.75,317004.54,181416.15
40402.1,26344.64,108002.95,2597.98,459.39,15.95,281716.4,172961.23
36054.95,15603.48,119566.96,1493.68,379.3,6.0,402874.88,202992.86
37210.22,16692.31,99865.4,1909.55,206.9,0.63,333659.77,181209.16
7421.83,9299.08,112999.66,1928.75,493.87,30.18,258450.44,164316.37
7063.94,2651.18,7122.85,2378.79,363.62,30.62,28978.26,74505.94
46450.56,15500.63,26019.59,232.1,414.47,11.71,100131.35,94961.68
20481.33,6988.4,111867.77,2112.32,472.15,8.1,181565.26,114739.68
15746.49,5645.52,125936.94,1264.27,29.39,26.4,308661.74,173277.96
24940.62,16424.92,122206.67,2586.88,389.47,21.77,400332.2,240682.59
33480.35,9121.98,108434.36,2615.24,199.31,15.18,480777.98,283308.49
47825.54,12072.27,117228.3,2139.41,435.85,10.91,307906.59,190945.75
15035.87,12877.19,122542.29,2284.6,440.66,42.97,369845.12,184235.85
46315.61,18387.63,124744.84,1637.39,416.02,49.19,318291.78,207377.93
2218.12,3627.5,114913.23,1583.2,391.81,17.78,226533.31,115440.28
28204.7,6227.7,20715.02,2364.41,399.2,34.91,312644.81,182326.28
32064.78,10675.96,22715.14,595.6,155.31,43.28,212323.03,120641.45
6188.97,6337.69,62432.55,2649.52,209.2,1.35,237746.91,156915.33
7876.64,17680.17,95645.66,2477.77,66.38,45.4,457281.87,209582.06
21536.6,22658.37,133706.46,3333.51,416.99,24.96,290652.64,230075.24
48345.36,18084.99,68000.62,1194.42,326.54,27.84,68197.25,91222.36
30206.09,14439.24,56443.37,1850.14,310.23,26.99,271407.52,144718.17
46718.14,23737.01,137299.61,899.57,130.58,12.15,477564.9,220862.86
40413.68,20807.72,57800.02,3035.27,311.37,39.11,68020.58,115995.1
23901.7,8871.07,131118.86,2714.23,232.73,36.62,486169.91,226158.69
39453.41,10490.62,39076.86,2101.72,497.68,4.79,494067.37,286607.77
1874.0,9408.23,64650.25,2548.05,432.9,28.14,289142.32,191542.14
6348.06,12783.76,73382.97,1291.47,267.73,47.85,179570.59,109013.7
41642.0,11533.2,57655.57,2139.47,406.14,43.56,24144.64,126386.89
40044.04,14227.64,16868.86,2507.02,90.61,31.3,27442.4,108806.94
12399.4,8945.77,46305.46,593.38,59.69,9.93,206285.79,113347.42
27007.71,10996.86,62757.25,3194.36,319.02,17.36,395874.46,211727.94
30694.78,15623.8,62974.65,3001.34,366.13,7.52,472339.29,246745.0
43519.21,21938.58,136456.41,3575.04,36.0,41.1,94293.59,148234.71
30552.25,16543.55,25103.17,2569.73,108.47,38.93,254121.25,146944.96
21216.01,8671.6,68334.84,1295.18,273.26,45.52,260828.3,160323.07
19335.02,6374.32,15539.19,1864.21,40.78,3.17,202545.62,115642.26
21868.22,20900.12,156663.99,1231.79,217.79,48.24,279178.91,156997.74
32944.62,16435.37,132728.66,2950.73,246.22,48.32,464010.67,222405.88
43507.04,10413.12,155743.93,1324.27,461.69,33.72,230493.99,168955.32
23240.95,10181.56,145118.52,3339.38,164.68,44.09,86134.27,139403.52
13144.14,18807.49,65838.84,1126.81,92.65,21.92,339415.79,150275.21
12596.46,17677.95,119421.96,1162.3,13.68,15.67,35059.77,55521.37
37554.7,25089.36,69521.83,653.23,69.59,7.72,471255.33,219427.0
41011.87,20443.09,150145.09,2913.68,377.92,1.58,471146.07,277114.4
6158.63,9978.39,72541.88,1002.7,228.01,2.1,64228.45,72278.97
4261.38,9671.66,67241.02,1009.44,107.38,34.58,284425.69,125087.65
30127.25,10308.45,145786.73,1321.05,467.18,16.83,402747.38,173090.17
8162.49,14823.08,138185.8,1677.73,395.89,2.7,242997.67,137090.28
41408.55,20190.55,161282.41,3635.93,66.04,5.61,249810.38,224866.67
16206.4,6761.14,20049.68,1611.45,141.79,33.26,485696.0,198926.1
8049.72,19380.37,55788.43,1135.49,426.23,46.93,130643.88,77175.09
46127.55,16910.64,62152.89,904.9,349.29,20.4,272628.89,178394.0
9111.05,3292.12,69164.74,500.64,473.32,38.88,75184.72,65332.16
14951.28,9883.93,81511.0,1566.03,47.36,48.68,165171.27,93015.15
8527.06,19167.62,62597.6,732.17,389.95,35.41,428434.13,183241.24
6659.01,19712.46,135385.28,855.26,47.44,36.15,363895.36,159434.97
2036.25,10470.02,45746.42,627.37,174.96,30.8,313761.82,121910.92
3714.38,19891.5,121908.21,1633.25,377.83,48.88,74666.51,64210.07
9557.43,19478.7,144089.37,2997.95,358.39,14.99,428335.3,259004.33
3615.71,17315.14,106388.36,826.2,11.04,39.15,163092.46,84323.35
29966.05,23257.56,74959.09,2442.95,108.95,20.75,276791.77,158124.12
34355.01,14817.57,44098.29,2120.06,391.5,7.77,132067.86,139995.51
20287.89,19308.72,39927.18,2857.41,71.81,36.97,269953.55,168784.49
16581.56,15074.42,124964.88,1258.39,169.93,41.47,289826.98,135064.09
25721.79,19678.2,88766.7,2847.21,100.11,43.18,183424.85,146368.22
43875.24,12741.88,21909.84,2717.66,64.61,46.09,262842.39,181712.56
42705.45,23303.27,166299.35,3763.3,419.95,37.25,214905.14,223128.22
3130.28,19799.11,118178.25,3035.68,40.06,26.38,354797.8,194505.12
9893.42,8380.62,134110.97,1129.48,272.66,46.93,281067.84,125656.83
12600.5,22250.25,86337.55,3278.36,349.41,10.48,441476.53,270005.16
13219.99,10522.33,151956.46,3223.26,38.22,3.87,43828.14,113618.46
28990.4,10192.69,42085.28,926.17,320.38,21.58,32786.56,84034.96
21396.86,6968.95,37419.9,766.17,173.69,29.11,110503.69,84857.79
3413.45,16489.45,147290.09,3552.05,418.44,34.0,76916.76,116745.62
19307.09,15180.51,146443.39,1283.74,400.85,40.77,272429.97,187665.28
26663.89,11821.84,86815.3,2787.68,399.01,1.34,116064.34,144820.91
5981.92,13561.17,34087.96,1445.69,205.35,40.1,27703.34,55639.44
41839.47,15343.87,61531.48,2506.69,413.05,30.01,155658.59,164572.59
3546.13,9952.2,122313.85,977.94,318.69,47.65,264417.46,139165.1
46317.25,26585.4,148937.15,2947.35,195.55,17.39,362842.47,267640.21
5856.54,14700.56,67170.38,1920.39,49.53,30.85,230429.51,151451.03
42335.17,23833.87,32945.98,2875.83,42.74,38.33,482102.88,304639.22
45230.0,20924.13,118269.67,1237.7,133.19,25.82,115737.28,111365.06
48998.96,29632.05,135932.71,1096.8,156.8,7.8,266749.75,188029.76
40299.27,13267.35,77096.01,1054.52,464.49,2.49,141528.19,122263.68
39194.4,13453.56,100312.0,829.43,499.97,5.57,407200.6,221918.04
32481.68,8801.24,155209.86,3718.49,80.4,24.75,110124.06,181235.43
39170.82,19137.54,55834.83,735.46,471.96,31.98,481568.52,217803.49
7593.06,13979.12,99265.06,1178.79,356.2,28.53,363971.12,183092.49
27267.33,20109.72,109677.03,2996.47,254.32,35.65,287295.24,176884.09
26196.92,12280.58,94445.01,1287.81,477.8,1.95,275527.07,147841.16
43021.04,9343.21,138498.36,1437.14,359.71,6.82,193985.71,131445.4
23677.17,17563.91,106777.22,2583.58,300.89,38.06,30092.51,114303.19
19869.39,23948.44,97802.8,1745.43,112.67,39.06,459259.41,191230.93
32338.6,12711.43,33006.32,2687.92,129.78,35.11,401569.92,214436.69
14056.7,6898.06,112483.78,2513.4,456.64,37.27,84731.88,105641.4
7848.65,7564.19,30206.92,1086.86,115.37,48.17,78598.21,76701.81
24415.99,13678.8,19795.67,1932.96,25.83,47.21,167888.32,118023.94
21427.58,9678.32,83579.67,3030.64,140.45,32.22,386306.91,219931.38
12395.93,9744.91,95800.49,1636.0,245.47,15.97,261519.21,123881.37
19008.08,16746.65,163260.16,3052.07,197.16,0.71,334020.74,203971.1
18953.23,11018.69,117102.34,1891.43,468.54,31.58,22973.25,82310.19
17047.28,11632.61,137351.68,2361.67,215.1,21.57,463378.18,217318.51
19593.74,5199.36,59385.75,2524.66,445.64,7.35,99529.19,129900.07
34601.42,25320.16,99048.76,770.77,301.38,10.76,173072.61,135816.97
15546.95,11543.67,155503.94,2196.87,266.82,46.83,474632.27,257572.88
47494.04,16397.61,78639.43,769.32,88.5,3.31,371788.9,194025.54
45901.05,11366.65,131150.43,2858.27,142.81,39.37,265312.02,177526.22
24564.61,17779.49,95492.02,2340.1,434.91,45.1,434199.69,252369.97
17089.7,20762.53,54084.49,1318.52,392.18,34.42,49405.91,86074.17
27236.3,6749.75,94560.5,794.02,229.24,3.07,56620.56,64475.64
42579.46,11848.71,46097.96,3015.32,455.42,42.29,94477.24,120869.61
32976.78,9949.96,13398.88,1080.51,411.4,32.66,146994.1,119641.66
40415.2,20327.4,55466.84,1175.93,64.92,13.85,360334.24,196916.34
27103.39,23884.67,52113.59,653.48,306.91,31.48,275560.46,135018.4
32012.96,15439.08,71134.83,2130.0,401.43,6.83,224501.4,158654.69
15119.63,10228.15,142029.07,1580.54,406.09,35.38,395642.48,192364.58
37009.76,22835.85,79507.37,2941.81,54.76,45.15,172237.09,153493.77
10917.83,17163.66,141283.14,2786.44,120.06,26.08,61019.58,126850.49
35045.11,12320.77,95420.5,588.46,212.39,47.61,210447.86,112300.86
43175.23,12271.16,15921.06,1820.06,133.3,21.9,387877.41,234910.22
7473.04,8971.9,39544.35,970.04,63.38,42.88,247561.14,124061.71
31104.61,21845.19,157511.47,932.12,318.11,38.68,489031.01,245943.32
5659.69,15185.67,104753.69,2419.93,258.66,4.42,430941.11,230054.73
36560.07,20796.16,156421.22,1476.36,85.94,45.63,399657.85,193444.49
5140.17,17701.89,64128.92,3029.59,297.33,45.52,391126.69,188129.84
46861.05,15276.25,121122.55,2368.42,40.39,17.57,298939.55,174604.11
7732.99,8670.43,123879.99,1326.04,197.69,39.67,452551.86,221258.41
47985.13,10922.65,155214.56,3715.54,398.33,11.23,303138.61,224505.3
40243.32,25489.21,28026.96,1824.82,446.12,1.52,198817.52,178265.14
30090.42,17875.46,157374.77,1366.74,130.16,10.4,114032.66,124163.46
39348.58,14183.1,73127.06,1965.64,431.16,24.2,410285.56,200492.74
39960.63,9845.75,134385.5,3554.04,446.96,2.89,198145.9,211396.75
47355.33,24077.55,103245.41,1846.44,307.37,8.0,399633.55,269993.18
13415.78,17783.54,101101.01,1839.01,491.27,47.52,491841.35,243804.98
29913.72,19473.23,72688.38,1800.71,130.63,24.69,211379.17,120319.53
5657.41,5605.21,129612.69,1560.36,43.8,41.16,183555.81,102625.28
31192.12,24546.14,62918.88,883.77,423.29,10.33,101644.54,107563.32
9393.27,17065.24,90027.19,2229.03,250.56,4.43,248168.77,149197.02
28682.58,19062.76,101475.51,3200.56,179.76,39.03,333928.86,229465.18
29049.1,19003.23,127868.14,2872.96,37.06,17.44,170137.63,189871.48
23833.27,22901.63,91708.43,837.49,41.67,22.99,253119.49,143731.6
26608.96,23923.78,122780.04,1876.36,54.45,49.61,277794.94,156128.32
38432.25,19801.38,91208.75,571.4,99.98,15.83,152113.92,108432.56
40162.99,16657.65,113927.61,1562.67,485.5,23.66,31285.49,112983.42
25115.51,12615.91,112843.54,2605.41,147.89,31.74,123499.48,126963.67
30380.08,22548.05,125907.47,1571.22,410.35,4.45,405511.83,195935.21
46630.58,22395.92,142295.21,3249.1,19.51,35.82,153469.92,173145.49
6866.95,3380.08,86108.83,1914.96,167.69,22.59,26634.53,76817.74
6738.07,4620.24,36721.53,2224.2,454.03,8.75,223975.36,119021.53
5297.74,19113.17,118838.46,3257.4,100.67,21.53,347586.2,203715.96
33235.3,24394.77,35697.94,2258.64,149.17,23.03,381156.53,224547.24
21511.81,23363.09,55438.95,2979.44,414.99,32.04,218671.2,161273.33
38941.75,16631.44,133168.0,3109.23,69.48,46.86,294492.03,203535.04
33890.34,22567.26,86138.98,2175.18,36.06,38.25,377843.96,218232.64
17348.25,20120.04,93312.43,1428.54,483.33,19.12,446835.92,203742.5
45019.96,15660.08,160700.62,1768.12,208.35,48.48,327151.63,226884.14
38364.08,11006.9,47905.53,2877.99,332.36,39.54,351614.13,210243.27
14256.21,22793.26,26069.75,386.61,72.29,1.4,67364.06,77418.97
18845.41,4858.36,25035.71,2955.35,117.89,5.83,221816.14,176295.31
16407.56,15429.56,52796.42,1312.46,235.39,10.9,446700.25,205052.11
8722.97,14923.73,122197.39,2853.71,340.83,4.18,97145.63,101334.21
8241.39,15443.17,129848.73,1706.33,153.69,24.27,168780.52,108805.16
46870.25,14858.79,98882.93,3358.99,443.47,17.04,345422.51,271636.6
22457.3,19062.25,57231.53,491.93,392.76,48.65,452995.5,189462.91
19782.67,8676.33,87593.64,1562.59,280.26,23.64,48339.38,71765.44
36754.6,24017.17,26382.58,2747.55,235.01,10.61,437836.15,216820.81
28096.66,10392.11,112174.82,1455.64,313.58,48.54,125754.9,101873.7
46870.86,23459.94,112841.1,1463.5,368.51,25.69,433210.79,204825.58
39234.77,23623.52,27059.31,2841.68,76.13,3.65,446833.07,289898.4
24489.11,9082.26,130732.5,3162.35,427.79,4.04,392231.56,270863.53
19441.61,9029.06,122920.1,1021.34,249.81,33.76,463431.94,222357.78
49344.95,25561.51,70141.65,2133.23,468.32,24.74,481355.88,245944.12
36170.25,9411.03,104658.44,1271.14,478.22,31.21,464089.33,224996.14
47608.54,13741.55,103209.72,1239.95,25.05,42.48,266301.95,161026.69
6805.45,10743.94,34356.29,2056.45,198.4,34.07,242564.85,128351.04
42676.15,27173.78,54761.62,733.02,267.85,43.09,70499.0,99731.0
32216.62,17899.94,118384.84,2054.28,274.4,37.13,123723.67,111110.87
6974.16,9454.55,147928.63,1581.53,412.97,33.72,333135.39,142785.83
29824.64,25543.15,108995.74,3121.35,79.14,6.73,81124.07,172830.94
34618.72,16466.11,100505.8,2210.56,315.02,24.14,472342.65,257937.26
1602.83,9278.4,106191.56,1254.77,471.87,21.65,128982.08,106058.07
23261.58,13179.38,79427.36,3183.89,498.38,27.03,62206.88,136257.3
41444.58,14876.43,24756.09,2610.18,14.94,19.56,132917.75,160593.72
15472.59,9945.57,70449.51,1221.6,486.56,31.02,43477.56,72119.05
23468.86,18606.59,150421.85,3639.16,69.88,19.62,99723.02,121963.0
22673.39,5830.97,126382.06,1508.35,273.11,27.88,302088.35,165203.64
15794.44,16954.31,153039.87,1713.86,130.72,19.74,158798.45,121487.5
46003.65,13624.22,38059.95,1409.59,307.13,45.09,404557.0,190374.26
39283.41,15848.74,91042.86,1033.15,28.14,18.67,214272.19,146662.19
6418.83,4641.28,93498.6,2559.84,126.78,36.55,362703.01,175763.59
49854.7,21249.59,52438.87,1978.47,157.28,30.69,359981.07,228437.57
44080.8,23538.49,52971.48,2958.8,458.65,19.28,85173.56,123927.88
14911.51,10398.09,126713.24,1432.1,295.98,40.38,47159.06,88332.14
42007.93,12088.21,112089.1,1154.12,357.02,46.38,424157.12,234045.62
6214.56,6159.77,103770.01,1658.86,341.25,38.02,356408.48,161812.63
49956.13,26444.43,64868.72,848.06,202.22,47.43,103990.84,126363.84
33618.55,12442.86,88435.86,3286.02,16.87,21.82,346396.11,245838.12
32856.13,22177.93,26087.48,2311.03,62.44,45.69,178144.63,136151.55
5431.6,8044.71,30277.94,2560.35,234.82,43.81,47241.96,89375.19
44954.64,13171.21,90683.34,2722.74,471.23,38.12,129806.11,170109.85
2420.98,15166.71,62035.85,1114.35,131.89,41.76,382786.33,136874.11
12800.57,12196.74,154779.51,1281.8,352.18,36.51,207549.08,108547.38
8008.07,2711.52,75534.5,1723.03,415.03,25.62,281533.77,110892.1
39061.63,27031.2,38741.77,2697.86,454.32,27.62,85540.25,129016.37
10712.01,5523.59,12006.02,1118.52,153.81,20.88,64477.02,64550.07
45621.27,16515.69,123374.94,744.61,466.33,33.21,134841.07,141726.55
33157.18,14634.93,41576.42,2222.06,307.91,16.24,246818.07,177395.57
2771.97,10598.28,40711.42,883.74,259.12,36.98,426555.76,164446.05
1266.06,16069.37,79307.54,2070.76,391.41,25.26,386427.98,185475.65
3531.24,1325.01,44348.79,364.9,126.97,17.66,96830.92,53380.85
30690.33,24821.27,114260.69,2146.97,408.16,7.36,54306.37,110576.84
40272.61,21151.32,92346.47,1703.2,328.48,12.78,128243.72,155456.56
12689.09,21575.47,38420.71,2845.3,401.69,32.01,429117.67,218946.46
42621.03,24963.3,138758.07,2887.05,429.3,18.49,267606.8,215985.81
3804.37,19353.72,82232.51,615.64,312.5,1.66,407313.24,161234.62
40247.23,20268.96,109786.14,2938.55,28.0,16.49,197399.46,208368.29
46461.98,16759.92,18979.57,2489.46,155.9,18.32,303412.69,188056.85
38833.31,16903.49,109350.79,2570.64,440.23,11.72,305471.76,206183.55
35207.92,20373.21,62311.8,3106.52,317.21,14.32,320829.49,195402.72
42061.03,17237.38,90473.66,2881.8,446.13,35.25,245672.61,170432.65
2967.41,15361.1,60458.37,1037.1,198.42,37.31,134835.01,92626.04
10887.32,4468.5,153032.61,1971.65,257.32,47.94,225672.73,151071.85
7121.26,18108.99,52959.33,1379.57,432.67,5.9,487884.06,209936.85
25722.02,9626.08,145065.51,2289.56,383.4,15.59,150613.88,123927.18
37514.22,26409.82,159233.02,3661.93,194.98,3.85,367917.6,293959.44
31870.58,9907.26,73970.9,2255.09,21.09,30.67,473469.99,241408.27
42705.42,11559.79,58328.28,1299.16,441.37,0.82,291802.72,196834.51
8605.44,18052.67,74692.29,3203.86,395.31,10.27,254881.27,167307.8
36996.43,23863.97,167545.35,2968.51,230.09,29.35,78002.14,167650.35
10459.03,16997.62,108323.55,1413.25,277.66,17.94,381568.25,195318.79
14267.18,22083.78,101660.16,3237.19,110.11,27.22,457515.69,235147.19
35785.33,12932.59,20554.16,1200.99,211.93,32.01,490728.71,188646.44
49030.03,26425.66,149077.77,2342.4,89.97,41.95,116795.6,137913.93
30965.64,13557.92,27998.13,1629.74,113.18,19.64,461626.6,237573.59
3670.52,11713.38,21181.69,2884.44,424.72,13.94,197728.62,136967.43
31199.14,15429.03,57197.65,1156.41,187.61,26.94,317193.21,176544.55
3075.18,1229.11,74972.64,1441.45,409.21,3.48,127352.31,94013.78
44323.14,20566.64,151270.21,2770.82,242.21,2.1,139227.09,184978.21
35769.34,22230.23,137345.61,3357.91,44.68,22.61,317099.92,211492.32
9483.26,5800.42,38297.0,624.65,187.15,10.9,252719.78,123835.27
5494.33,19766.16,74764.46,1082.48,87.55,0.36,482911.2,174528.93
9993.13,12841.42,128407.97,3491.34,349.85,33.97,146942.68,172133.99
49021.33,13780.06,92452.46,2816.42,456.58,40.81,441457.6,254783.15
23469.47,17789.87,44533.23,1326.27,383.91,7.39,241027.84,131407.94
39419.97,12126.49,72129.19,1497.79,391.43,28.2,84585.95,113129.45
32184.01,8175.7,102301.25,1973.15,432.31,49.2,134780.82,130552.82
29048.24,19673.3,161856.36,2863.3,390.57,13.44,382735.82,238979.04
8111.38,4280.83,104387.41,2248.96,288.6,36.54,416784.2,170672.66
47355.2,12042.28,16982.12,2435.66,360.0,8.11,38990.4,108809.2
15765.79,18082.06,121691.85,865.54,213.82,46.6,216814.23,132740.84
29322.84,7441.01,47328.21,2711.86,44.69,0.02,257202.87,160277.73
35289.02,23348.3,148691.69,1011.81,355.73,14.74,315216.01,163251.98
32812.42,22587.39,78733.95,3048.49,363.61,48.82,332296.23,237132.95
47089.13,12675.0,44084.18,445.86,119.62,33.53,418668.19,182359.56
8273.51,12263.12,82662.84,884.03,477.43,10.59,151226.99,83360.75
25909.28,7566.05,48056.55,862.82,35.73,39.57,73725.5,74907.64
20797.69,16994.68,52789.86,1010.8,370.62,44.9,109513.65,104017.6
24234.27,6573.99,93382.15,1732.02,484.55,24.36,469686.19,236117.12
6841.66,20285.71,132493.78,2663.37,161.48,7.8,282407.42,143932.15
7570.64,6064.88,130920.29,3343.15,457.11,12.93,125165.55,127779.01
14625.7,16741.59,76055.4,2001.34,414.95,47.16,397215.09,196245.15
15930.53,6187.79,19636.78,1742.4,374.61,8.06,301763.55,157045.02
21967.26,8980.58,82360.84,1437.79,477.36,15.6,196317.34,97779.95
30938.39,15481.2,80283.27,2823.39,330.49,7.28,28785.21,108359.81
32096.83,18094.74,48037.74,660.6,252.49,5.28,395737.5,193205.31
21178.73,24213.58,154311.87,1744.76,341.08,26.1,364371.95,173535.88
21030.37,5211.64,150420.81,1133.35,211.79,19.84,145811.19,129103.4
11663.8,2838.89,14774.45,795.0,169.19,2.31,147497.59,94752.4
29827.01,13297.56,131021.27,2456.24,50.3,7.26,150314.25,148246.26
16535.0,10947.05,107386.54,1002.22,195.22,1.88,341801.49,176556.9
2766.93,18288.21,57538.83,679.49,403.57,1.23,161205.1,92542.4
21501.6,22595.68,115174.18,3071.01,473.26,8.92,168974.12,149519.18
24232.5,22516.74,41666.65,651.4,487.82,37.18,200777.12,122949.03
12054.05,5702.8,19626.18,1961.49,111.2,0.74,490496.64,248543.86
29050.44,14346.13,160532.82,1923.5,290.0,15.22,240847.24,151293.01
28722.82,20789.33,113905.09,3268.99,292.12,28.24,201140.17,179976.64
35398.11,13675.54,52657.71,2415.18,96.26,37.19,245611.03,179651.43
32749.48,19983.04,86241.35,703.55,295.0,33.89,365217.68,157763.88
32969.22,11718.13,152137.29,3457.54,187.75,49.42,444171.55,274374.71
16494.49,10105.57,76699.59,1683.8,471.78,13.78,495584.87,242359.65
39584.18,25195.21,155720.63,1743.46,135.05,0.01,253310.83,183003.06
27908.07,10966.54,139750.57,2749.82,419.13,1.91,240868.66,159315.14
22139.49,23732.22,73888.44,2551.57,449.46,4.88,178549.56,159374.3
31674.61,12806.98,116166.89,1560.26,370.58,48.76,393964.46,220638.58
18672.21,4693.24,104526.88,1642.44,115.19,28.5,334681.36,163860.44
26124.22,10695.41,125382.05,1180.27,137.58,39.97,194414.97,129513.96
37098.58,11258.21,67066.3,2156.32,485.85,49.25,268900.01,187476.69
44433.74,19269.87,27990.19,3014.99,47.16,42.21,118793.97,175677.34
46131.8,11924.32,39340.15,1504.91,67.37,20.38,353116.95,177482.96
25678.01,17843.56,108675.13,3532.37,489.5,43.79,141019.3,175704.55
26493.48,22859.23,135676.91,1289.99,390.68,21.69,187782.11,131421.79
40193.65,15607.85,127113.33,3044.26,375.73,5.7,52696.92,131492.53
16408.08,7067.22,95287.61,3267.95,88.5,27.41,125537.81,118833.38
42031.74,16706.83,30655.4,2248.63,249.58,45.79,113543.62,122833.14
25212.94,20868.94,24202.0,538.06,421.97,39.23,372947.21,198032.09
6676.98,13369.41,129106.08,1692.5,171.15,20.1,353344.54,175524.95
4530.9,3378.47,87362.36,785.24,104.45,42.74,278309.03,110802.42
42257.67,19426.68,134034.6,2515.24,15.36,23.21,205787.13,142290.97
3722.83,10372.23,36902.11,3179.14,315.05,34.23,446918.3,175510.02
14749.96,9828.68,71939.3,1546.48,153.97,16.66,444360.01,233023.04
17372.37,6122.61,143177.63,1288.43,433.2,9.74,309360.88,184895.98
9476.73,21527.03,47103.33,1114.57,148.92,15.67,335815.06,150780.63
16380.78,7209.0,19688.6,1853.77,84.27,43.76,402296.34,172378.12
37391.94,11736.87,109142.27,2295.7,480.62,49.49,366931.98,197534.0
1719.46,3682.75,94153.97,1237.25,482.74,13.2,127952.71,91691.66
41531.5,19925.06,158984.47,3071.97,345.66,8.27,261613.14,175285.66
42970.85,17745.73,150634.5,1108.41,464.91,3.55,92905.23,101620.5
19240.82,9214.53,121039.03,2512.01,89.3,37.69,408502.81,227660.79
8527.03,10579.16,16241.13,1415.73,235.57,26.4,333716.89,175345.49
30441.18,19721.91,90433.64,920.98,110.04,27.81,489963.78,189068.05
6863.96,7365.95,140827.54,2643.85,244.6,2.26,85524.65,124865.63
18881.05,22123.5,85578.21,2479.73,397.68,4.05,264870.89,168234.1
47963.03,16066.36,157364.22,2162.88,424.01,45.73,367524.96,230342.55
49777.76,14320.04,111066.79,2969.51,12.04,28.84,436324.32,225170.11
38833.14,26880.7,42375.84,1788.9,200.86,10.96,429630.91,250071.77
16237.11,19553.35,94487.13,1401.12,497.09,10.37,116959.74,116207.41
34695.59,14130.3,117168.73,3451.29,298.76,12.05,491514.05,312068.7
35564.91,24020.9,33695.22,3006.2,155.14,3.19,491044.54,269601.84
20004.24,14617.73,66668.36,710.64,200.61,2.49,485148.15,234076.18
32403.54,13742.38,119970.66,3443.49,168.06,36.0,314534.15,220973.81
1525.65,17177.56,41517.39,2556.49,229.32,13.19,419328.92,195128.54
11243.83,17415.98,69442.07,756.48,227.8,19.22,56496.13,72370.52
26729.33,11654.42,114360.54,2177.85,258.36,26.87,142621.0,147035.99
9023.81,14134.99,128761.43,845.17,237.61,16.0,64158.03,69059.09
9129.44,9529.0,87807.41,2246.72,262.9,23.94,262669.14,152733.99
41978.91,8916.3,150877.38,3560.63,23.71,43.25,483070.48,297404.59
49467.52,29148.91,162492.1,1980.27,36.67,12.2,331601.96,254183.67
28242.5,16866.27,87141.39,2010.72,191.86,39.56,241401.02,178209.38
42114.42,20592.32,44713.64,983.49,443.62,13.2,400561.15,215558.3
49525.76,22103.04,134757.5,2342.53,397.51,9.35,284161.38,214877.94
7938.2,12825.15,50515.36,2680.04,63.98,3.63,239670.88,174612.49
22964.04,10748.74,135808.08,1403.29,252.47,34.21,322077.53,163503.95
20236.06,23492.95,108930.29,2249.76,306.25,20.58,265664.33,194819.98
4922.41,13607.02,73029.1,1493.61,245.78,38.52,327941.7,171246.28
38011.18,21185.2,102623.75,2781.95,351.81,6.63,405265.77,261024.92
22255.17,13819.49,93312.87,2602.48,498.66,30.17,241960.89,165118.64
23997.02,10912.7,147816.42,2865.57,57.27,0.65,219210.2,164310.78
8382.98,3431.4,38827.76,1389.77,262.61,11.69,288159.46,168186.65
9865.41,9302.57,147025.03,2573.04,261.06,30.48,454281.74,249038.25
45448.08,13023.52,19963.26,2087.96,285.57,2.8,223031.5,156136.95
3187.81,14048.28,127773.1,2713.23,91.81,18.86,426919.87,238126.16
12409.76,20122.53,154449.9,2540.49,322.8,28.08,316238.18,178107.14
15310.91,9465.9,69710.29,2962.29,31.73,36.38,25950.63,102508.98
25019.68,11995.15,25190.86,947.47,373.15,35.28,248577.23,149099.81
29735.81,19519.27,137292.21,948.3,334.95,7.41,121057.01,104811.72
25171.21,8445.03,133971.43,3561.12,171.91,3.76,92175.85,160975.78
5121.65,19648.36,69476.01,623.51,494.6,18.82,132530.19,93455.19
12939.71,10182.95,88342.39,3160.28,416.1,12.04,361961.29,212158.64
42335.83,10940.56,131125.46,2531.25,274.37,15.28,321143.71,236869.93
32241.85,10354.71,41130.0,2970.0,495.35,17.12,277689.5,176221.24
32808.3,25250.21,116401.65,2320.37,416.74,19.86,257728.9,159988.65
33839.96,12086.82,77110.9,2866.48,77.61,25.93,206805.44,147143.24
38382.25,21090.69,47162.84,2427.56,299.62,0.47,445552.59,254814.94
3847.32,4314.68,129010.58,2267.88,294.62,14.9,467578.03,235311.49
18963.81,8077.75,58540.92,1446.34,329.94,13.22,386930.14,199554.32
27436.84,23132.51,158997.8,903.28,470.97,11.81,158347.78,134773.89
17584.37,6903.52,93018.23,1292.72,251.1,39.43,458654.76,230964.68
42379.46,9341.53,87077.17,3295.51,47.92,12.56,413184.98,254536.53
24646.05,15203.26,78541.97,1291.55,244.87,7.55,79532.69,102994.69
38662.75,25055.72,83141.86,2696.08,396.02,42.59,184005.22,161925.23
42748.76,15406.58,135930.37,2254.29,185.72,19.15,177250.85,173035.68
25734.78,8146.12,109754.52,1543.46,23.28,9.2,370422.45,158785.71
45568.06,28767.11,140198.76,3675.16,158.59,37.56,271471.31,200181.69
29769.07,19650.22,81777.38,645.11,344.25,32.86,148104.6,94123.52
42663.44,25621.16,63405.32,2105.05,52.14,47.26,130781.42,119517.76
17688.95,18704.49,32559.05,1601.2,194.22,43.89,239602.42,159316.66
25442.03,19204.13,132978.42,986.82,75.23,34.72,339659.37,151342.81
27039.14,13406.83,75940.54,1100.58,243.21,8.05,264188.45,177938.02
6144.01,8053.43,85280.17,2539.7,79.34,24.16,145296.08,107929.71
20529.07,18586.51,87923.97,853.77,63.43,5.94,317592.83,161107.19
45949.55,23665.81,86447.64,2855.21,351.92,27.47,499477.91,270198.92
31910.78,25418.63,124500.34,2535.18,87.42,45.84,104801.0,159273.31
9697.82,13528.43,104089.19,912.93,85.85,0.19,273631.8,119165.71
17603.93,9765.9,153760.52,1700.57,300.33,43.8,200314.94,126661.56
10388.55,12123.52,34839.88,672.02,31.36,26.97,124839.62,84029.86
2216.33,12910.69,98488.85,2905.49,26.17,7.56,440236.27,235663.84
46445.56,18110.34,28658.1,1788.87,221.41,42.79,479729.84,261246.56
22962.16,20519.53,138563.79,801.03,188.9,26.84,188093.98,124272.05
16069.22,15113.8,106456.18,2206.7,276.86,22.41,186699.48,155963.82
30325.38,6749.07,72514.19,1862.7,496.81,24.99,64045.8,99223.02
1358.41,11883.56,130831.02,2619.08,223.01,7.37,316521.54,168056.83
14623.08,15779.89,83599.29,619.04,292.27,5.64,32741.77,65817.3
35448.64,25437.32,58378.84,494.63,460.43,33.08,258181.0,156937.34
32054.72,14978.52,85495.42,1540.64,246.76,44.02,93350.98,101257.64
49108.49,21523.82,32489.66,2259.21,392.75,34.72,342712.78,218775.15
31397.53,16041.96,148023.43,2773.14,278.84,42.04,465876.85,252269.13
24397.79,15746.86,123586.45,1524.9,322.23,42.24,62615.69,93130.6
38310.2,9474.47,122825.36,1340.72,466.93,1.6,393315.43,188211.1
45263.07,27049.64,153441.24,2848.27,10.34,38.55,418672.69,253953.22
36314.1,25515.86,140190.71,879.58,451.46,38.6,104579.03,100665.94
48197.35,20826.63,84279.93,2136.07,253.87,17.5,462868.3,237685.36
39318.25,19216.48,37575.46,1517.76,307.31,20.49,318040.56,207500.23
43473.27,10317.0,67391.49,1130.31,230.53,37.27,276769.73,148014.32
6591.1,13478.25,151224.89,2364.99,137.85,49.33,342278.0,174931.58
36888.26,16246.11,155615.01,1507.86,42.34,49.39,158292.38,113472.49
22564.35,18839.22,131412.65,2393.6,473.11,23.69,32197.22,130350.6
28102.09,7039.35,40273.92,733.39,315.7,39.48,232184.59,110574.9
33051.02,20972.51,49973.24,1526.38,438.0,23.3,376806.27,227605.43
48520.94,15798.62,145205.76,2306.27,152.5,43.3,460952.19,238666.72
49244.33,23057.12,44023.5,412.05,146.22,32.49,226449.83,150356.29
15123.18,15753.59,102302.81,2382.59,174.53,46.83,146550.89,160605.03
36953.92,12314.19,69697.85,2624.4,123.21,49.86,83021.84,100190.96
37749.19,16638.66,62102.52,3183.13,254.01,16.51,469037.28,281826.38
17978.15,20390.48,119532.78,1286.73,468.76,48.97,130853.64,85063.25
7069.62,13722.96,155115.88,1480.8,439.27,34.63,457314.19,166532.79
3006.4,2441.68,119710.23,1582.56,252.6,11.9,108202.98,71898.75
39089.81,16954.68,89057.32,3128.5,180.89,0.16,28703.71,132600.25
24995.29,11578.6,78166.05,1670.72,309.73,34.19,127625.76,121588.58
49291.47,22870.38,154907.61,1749.74,310.01,11.12,256538.98,205598.04
23783.7,17240.74,102618.12,2762.51,345.04,11.57,187378.4,190142.85
48917.93,10486.35,85401.74,637.18,272.44,27.61,455705.95,193194.57
21167.22,16583.51,117278.01,2277.95,23.11,1.55,281640.58,192562.76
39890.43,22807.65,57633.43,1693.72,47.26,20.82,76529.35,130223.5
5156.14,16521.46,27458.82,2049.38,487.15,39.97,320159.35,159585.93
28217.62,7293.55,134826.0,2894.32,375.66,1.36,206694.49,179259.3
40300.93,14481.53,104638.17,1565.66,474.64,31.2,345891.85,221909.59
46310.38,17976.91,43288.71,2162.05,176.37,7.92,397364.81,254720.84
41306.57,12266.86,58030.44,1910.71,272.13,43.14,493064.69,270373.58
2811.57,9266.62,155953.66,1268.27,167.76,19.53,296790.11,114629.37
19262.41,5739.51,101583.03,3164.92,455.38,40.61,196040.32,173813.09
3386.23,3384.98,99944.25,2788.03,150.99,36.19,228128.17,159815.56
6354.83,14810.51,27312.14,2909.36,349.97,43.89,213258.44,168940.54
34089.98,12438.16,155454.33,2966.44,95.78,25.84,236257.92,157289.81
35949.65,21562.34,151703.39,1568.46,61.57,24.31,34428.16,79923.07
38912.31,9220.58,91804.92,1807.55,86.26,1.87,138717.55,118296.58
43407.37,20154.18,65984.74,1551.84,269.43,26.69,494125.19,196886.65
37232.14,15579.68,118681.75,797.29,423.83,26.1,465446.97,242987.52
40242.71,24089.48,145110.87,2016.14,499.65,30.32,43178.7,146412.51
3399.22,16466.9,132161.12,1762.96,315.11,6.55,490198.82,246810.48
12492.22,10321.86,154929.35,886.03,271.47,27.0,400138.0,158973.53
31472.99,18937.52,112494.05,3119.13,395.57,22.7,21318.62,130711.1
43048.14,13546.83,62415.15,829.31,41.23,29.8,458462.51,216231.3
1220.51,12062.03,86849.13,1987.01,406.6,33.03,480977.23,201595.34
26216.84,7328.03,129228.41,3021.71,381.61,18.07,321803.85,207317.55
34187.08,15812.2,56124.44,2133.62,269.48,25.2,398397.92,236367.88
2450.76,4553.34,42196.87,802.1,21.26,19.75,179615.19,100601.56
20666.42,21859.22,127588.39,2530.75,109.08,38.27,294714.21,190845.13
44886.11,18152.79,83964.21,2716.85,191.16,39.82,371143.98,199287.56
33909.03,18801.89,138444.22,3271.04,471.2,14.65,289405.23,210172.08
12645.26,10056.5,33879.32,1193.49,322.86,12.98,166210.44,112795.65
42786.28,14687.71,65426.15,525.5,259.95,33.92,331616.13,184115.09
18053.54,8067.64,50328.6,2114.69,249.33,38.7,422441.08,219166.13
42813.89,26844.27,127666.3,1393.06,392.19,0.54,421283.94,208408.36
15648.24,19219.23,130478.12,3016.99,168.58,21.37,83442.06,115736.85
29925.69,9083.73,78387.38,2463.59,56.32,15.39,233801.98,182619.14
20450.06,19151.15,89635.18,2790.42,341.75,38.33,38594.83,118137.45
14466.43,11554.64,33388.33,3072.78,171.22,7.18,323727.99,199813.53
44441.32,9688.5,114515.87,2367.77,169.54,38.91,136237.86,157414.16
10192.09,12841.58,159159.32,3518.31,232.81,33.07,466570.32,274556.11
5155.77,4067.06,121052.31,2566.75,128.94,42.15,316762.85,183575.79
17754.42,8144.6,43866.97,846.39,461.63,49.51,212296.46,96451.46
36164.32,21305.66,112397.33,2979.98,425.02,23.83,371102.33,236608.8
40564.15,13627.1,58670.42,2405.08,495.63,34.97,119548.01,139069.89
49938.43,27879.5,31679.2,3094.42,482.63,35.5,63887.27,163182.0
15521.74,16419.16,44209.64,1027.0,164.08,42.23,61943.13,56558.97
20989.16,20927.36,36617.96,1249.15,196.49,25.91,299746.48,129872.34
7704.24,14037.04,44639.86,2705.52,352.15,5.38,446656.9,209013.34
29168.72,23276.31,138983.69,977.3,17.76,48.97,126923.89,94485.79
49881.42,17529.14,61483.97,2243.7,497.01,2.84,384823.23,227546.03
35343.17,18276.88,129392.29,2299.84,15.31,48.12,38059.29,96764.25
30165.43,16592.95,155859.43,1368.88,270.43,12.77,189603.24,155785.78
20226.09,22169.14,106004.91,1108.88,337.66,24.62,333783.92,160391.81
45849.64,12885.78,85692.92,2878.04,457.93,47.53,416600.27,231796.86
25348.91,16841.97,127242.01,781.0,325.63,33.83,472732.05,215778.11
7583.98,16728.2,32460.63,2428.14,302.51,29.28,323633.78,176667.06
18903.54,11496.68,76288.1,2606.18,157.18,16.29,242083.63,170328.77
4291.17,18276.07,91950.42,2443.82,299.55,14.62,49105.47,102085.41
10896.97,9953.18,133464.99,1954.93,377.35,1.64,152310.87,111595.57
1865.77,4252.67,126463.7,814.45,262.64,29.32,463093.67,151728.61
23210.72,16531.09,141223.35,3131.27,392.02,21.51,299790.34,195815.26
32092.47,15119.57,118287.23,1055.99,44.11,11.22,184485.1,139342.03
17821.33,4360.47,85418.97,1341.38,174.33,19.21,139432.1,119683.45
21598.71,6181.59,129987.78,3495.61,480.31,47.05,74555.37,136511.91
48001.25,13908.16,142752.47,1689.16,168.49,42.42,380770.39,206213.47
37846.19,23071.17,93127.2,1305.54,314.71,21.52,217940.55,144577.35
27501.98,23395.17,166637.11,3755.96,264.74,49.0,469543.7,300864.14
14942.5,14128.5,143151.43,1064.96,468.95,23.11,238108.02,144861.01
44952.84,11549.1,88257.38,1007.29,89.76,17.46,412820.75,215912.0
12519.76,13425.12,25786.8,1500.05,156.7,19.4,82514.06,87848.28
16941.79,20572.67,54009.48,2654.3,432.56,43.73,92435.66,130585.92
45544.18,24223.65,136956.71,3349.42,336.44,13.39,151141.72,178886.84
26947.56,11565.93,30370.11,2443.19,276.09,11.11,111792.64,139204.74
37373.58,10390.58,81433.48,3338.07,203.5,48.03,488835.48,238242.24
29946.49,24052.59,111945.64,708.58,211.54,36.71,407908.04,182017.83
33018.52,23758.43,151367.04,2653.4,468.11,38.19,187237.88,201782.93
15669.78,4681.41,131576.63,1095.29,338.83,37.01,269515.12,133085.25
12827.23,19127.1,131121.98,3395.66,465.26,34.15,275959.1,194896.74
16802.13,5756.07,68720.52,3155.99,486.37,4.56,311460.35,221208.96
8616.64,3457.36,28392.03,1120.74,278.03,37.68,69736.04,50590.92
43841.4,24061.0,121347.95,3107.09,308.85,12.45,187510.48,150261.23
14879.1,13933.88,42433.95,2139.97,331.62,6.62,61246.3,122557.29
28512.98,14286.28,97819.63,880.52,421.19,49.15,461151.3,161419.33
39806.75,26086.66,168067.67,2688.37,332.95,1.39,213657.86,230900.91
39407.38,24747.9,104593.23,3453.53,66.18,1.58,368968.18,219578.1
22480.93,6119.84,103501.62,1510.98,471.79,15.5,461996.68,175530.94
24336.61,17381.02,117153.26,689.07,333.86,42.21,168529.92,110155.28
49740.39,25507.29,145812.15,3661.76,436.26,48.9,62167.61,164475.97
34055.28,18045.62,82508.7,1713.1,218.12,5.93,181383.8,124737.59
40917.28,27852.06,99420.59,1846.81,242.61,19.77,342074.02,192160.8
45225.14,22922.96,48854.31,2410.85,347.54,36.72,259902.78,168615.53
39591.9,10449.17,102487.92,2365.16,390.44,32.28,55977.71,101733.71
10073.79,6381.57,52990.17,1240.71,48.44,11.67,53694.19,72645.0
28546.37,22321.06,96462.44,872.25,209.6,16.46,355789.57,203604.95
5992.81,21135.32,133059.05,3164.65,387.23,29.72,373541.76,230102.69
32993.18,9016.25,14760.64,1575.6,496.2,1.77,72563.73,95503.48
47812.12,12018.85,96382.83,2532.09,15.7,37.91,401464.59,200448.89
26123.87,20610.82,46638.18,2828.65,139.76,13.77,185868.38,138091.45
22215.65,6198.04,50469.02,403.74,237.78,41.42,52740.39,36068.55
2756.29,2388.18,11943.97,2651.94,119.24,34.18,180253.3,105290.48
48028.95,27437.71,51522.27,2537.82,23.19,32.27,370628.05,246846.25
6047.13,17318.2,161915.82,3655.36,274.38,38.37,334773.55,174529.72
3012.88,18293.06,164420.25,1599.51,328.21,3.76,251106.02,149080.38
13057.26,15796.46,122015.12,1645.1,213.87,13.0,154233.29,126357.19
4210.99,7631.66,99824.57,2517.41,191.24,26.09,220606.97,129539.02
23300.77,22833.26,135932.62,3464.46,492.95,38.86,203173.13,204923.88
26288.3,11582.77,144266.58,3700.07,243.99,42.45,207210.91,180695.03
16315.93,9135.65,87607.75,1746.58,401.05,19.11,255052.62,119687.17
3497.06,18484.22,24903.56,1788.28,150.72,39.68,238536.24,154790.62
6468.42,15069.72,119918.17,1194.19,416.79,11.01,69185.07,98726.5
19840.71,21933.75,165314.36,2939.1,413.61,4.12,159281.39,149805.04
3965.89,4333.25,45884.28,2757.8,141.17,12.33,81972.46,112336.01
35211.3,26112.05,93092.14,2881.54,331.37,45.16,309006.18,220660.43
11144.01,14677.27,69126.61,1448.58,344.19,27.2,222951.21,110329.58
15801.51,16686.98,74967.37,3268.3,226.88,24.07,342524.34,200812.62
20312.16,22386.61,127512.29,1086.57,389.15,37.17,62049.54,111445.75
21413.87,12207.46,69634.6,1880.69,160.37,0.5,185556.35,148976.25
1081.37,14747.99,153255.59,2474.61,247.29,5.92,106568.83,125213.74
6491.45,14284.93,130928.42,2310.53,495.17,4.98,64202.1,100015.87
43275.46,24516.27,28621.84,2440.99,97.55,6.08,391254.45,244691.82
1060.42,18202.47,138251.56,2559.12,82.41,22.67,82849.58,105936.0
25900.2,18941.23,132217.31,984.76,79.68,14.03,103959.16,90769.6
24985.6,6816.09,85344.46,1048.29,499.07,39.29,196053.3,121574.82
17321.61,7535.56,83066.97,2058.83,88.36,41.95,160526.14,116509.37
22135.02,23529.58,144975.06,2839.06,103.22,46.25,461512.97,250167.66
39248.48,27238.38,88384.57,2033.03,350.45,9.8,494550.29,281282.28
42218.98,27808.36,50368.72,1382.82,382.15,25.14,222752.34,167250.88
13757.08,3969.0,53545.53,516.02,268.26,2.43,116544.72,83047.69
16802.03,11318.15,52508.86,2641.6,491.51,12.0,259093.61,171769.44
12881.66,17889.95,118065.52,2132.19,29.07,30.75,257920.93,182395.02
24513.31,20083.93,47003.78,1897.51,314.2,21.12,243698.55,185923.31
34479.66,9071.16,105748.93,1988.72,307.17,34.53,29761.39,114332.98
12184.39,14821.91,84422.74,1291.62,167.41,41.96,81620.94,87478.89
17206.05,6727.17,132132.57,1562.15,450.73,2.98,87684.12,112993.87
46588.85,19435.35,90873.1,738.52,280.91,46.93,188845.33,126321.41
3379.9,5849.85,144501.45,2874.54,130.71,2.12,298778.18,174931.08
23577.71,6252.18,140569.77,1591.28,53.3,49.08,441364.89,205533.63
35866.34,9233.65,39253.62,1162.1,62.49,31.88,127210.97,100168.65
8372.25,19936.86,120443.61,3583.37,449.69,2.17,390176.03,274688.05
3321.33,15684.86,48668.48,1462.2,132.65,19.68,128579.77,91916.26
7772.06,20224.98,140559.11,2283.82,454.43,12.91,35656.02,91751.2
46022.34,18869.27,112275.27,1782.15,68.86,39.93,331932.0,179821.68
1453.73,8849.95,54727.03,1215.19,492.13,11.27,123023.81,96157.59
10227.78,9534.5,48750.52,360.72,418.34,41.31,461434.4,159973.36
2532.89,13024.57,77708.41,2967.71,66.95,15.62,468041.32,194726.65
6420.84,8639.58,128016.49,2112.23,52.17,49.46,70415.26,82171.95
31387.32,21329.79,137507.27,2875.22,403.68,13.52,113464.97,154321.84
12840.31,18693.75,24794.55,3004.08,48.25,34.25,120998.53,127252.67
28891.39,23357.25,67517.44,445.8,138.47,40.01,457490.48,197677.83
29919.57,11218.53,75288.22,2434.06,402.61,10.82,57451.43,102312.64
42622.33,19301.4,105350.51,970.81,454.71,3.79,380560.66,235496.78
1232.33,5103.64,30764.32,1581.92,386.15,27.56,158098.22,101022.84
42815.1,9795.36,61452.33,2862.93,446.05,33.85,299568.59,219972.89
31336.84,20569.96,149867.54,1056.68,284.35,40.86,105095.39,129514.88
8974.43,13000.02,84499.41,3392.38,392.01,13.64,407134.24,250113.0
38873.93,22391.37,130813.86,2438.49,178.65,43.61,341970.53,216287.62
42919.09,10792.46,83926.85,1665.12,394.75,45.79,30150.43,80062.33
13458.91,22604.54,90506.11,609.11,343.07,38.96,133823.63,104196.32
46020.89,29093.98,118454.38,2394.06,291.67,0.38,243848.13,208247.45
23268.41,14221.18,53984.8,1805.11,496.23,4.36,274964.22,199424.85
30567.8,23501.7,60022.67,1024.53,240.19,49.89,417090.31,202385.87
49247.83,15099.15,160535.63,2324.98,313.43,36.7,205743.0,196963.03
18715.27,18625.59,145904.32,866.61,259.85,31.34,464885.32,222478.86
40844.81,25813.87,132625.55,3661.61,137.65,45.07,113064.99,175785.38
16601.56,19706.3,40651.0,1266.39,171.88,1.98,431702.23,223242.78
40161.46,24361.89,28872.09,1637.0,489.61,37.87,454063.77,239097.96
30435.96,15616.21,42927.78,2590.5,202.13,32.73,320809.74,180811.4
11601.43,18810.09,156019.06,2947.15,342.91,42.41,484411.43,259866.15
21287.28,18226.2,137942.98,3366.54,287.88,38.9,217081.9,193575.89
16564.15,6395.63,85962.53,3259.66,446.0,24.25,355655.92,201617.23
4827.31,3692.06,148426.83,1390.75,381.27,3.55,24846.89,58165.18
2461.9,16044.86,39090.29,1427.61,49.52,45.47,151846.62,101985.68
17977.45,16292.04,99110.45,2587.32,184.17,38.18,291857.12,155213.94
1932.67,11014.37,40378.7,432.46,358.84,17.82,440448.21,168314.02
9108.9,20013.38,65442.86,2506.35,89.06,49.2,477404.32,240895.72
36533.98,20668.81,157854.62,903.44,256.69,15.56,298128.02,163923.29
35696.47,15364.16,143191.71,3466.82,165.71,18.53,430817.86,279025.71
37190.44,16009.76,32568.63,2345.53,41.73,48.73,403631.56,197236.36
16540.51,15610.37,53672.14,2008.31,498.6,33.41,391363.51,190420.44
44610.95,24247.56,110601.63,1896.82,465.39,43.96,73500.17,148582.41
30097.7,17524.43,27915.7,3104.85,376.29,44.39,249746.72,159488.1
7175.29,11855.9,94246.99,2707.12,108.5,26.82,253404.55,142995.25
8042.21,16283.01,102777.66,2955.04,494.38,13.35,397979.95,245978.54
34961.68,21244.99,64186.24,2814.55,319.09,42.37,301331.61,185295.87
9474.25,18586.61,62372.12,475.3,483.38,25.09,413529.3,160249.42
25857.34,6891.23,43729.48,477.23,30.86,28.22,479096.28,187118.9
49596.95,25140.96,160785.84,1479.19,95.0,27.07,286238.65,159084.65
1196.37,10757.6,69992.4,2350.09,341.85,0.48,400021.3,179637.84
1812.41,2319.0,91719.21,2368.05,454.52,2.29,289068.79,181146.51
49661.14,23672.92,67666.65,1381.31,96.13,30.82,320337.29,188444.41
29647.3,20401.99,123207.88,3537.74,165.38,39.72,248483.04,189729.2
7218.59,12154.45,29432.54,517.17,298.21,22.85,480605.77,195501.88
44967.81,24972.64,35366.14,2529.32,499.83,9.52,412437.11,238680.48
44138.63,15182.57,125067.2,2119.88,401.84,20.33,380931.86,219567.49
27273.82,9891.95,118280.42,1906.02,462.55,38.42,178200.0,153070.19
31467.81,13632.87,54331.49,445.8,340.76,5.43,252999.2,152115.71
14386.17,11373.22,65580.35,2538.52,439.91,28.01,434196.31,227540.82
3475.47,14765.8,155615.41,3115.65,258.45,35.11,469463.95,225643.29
30133.81,23014.4,38539.41,1217.67,70.84,20.79,498824.01,238491.42
15443.0,17646.51,45673.53,1827.56,357.68,30.06,372526.04,188275.42
33517.43,10596.24,75832.56,2237.84,304.72,44.17,370802.51,192336.86
41976.01,16036.44,58733.49,1459.84,247.82,10.64,65060.17,91119.57
1889.87,3967.04,102279.87,2396.59,144.75,6.75,380739.6,173812.86
30189.97,19929.12,121080.54,1964.37,394.26,3.04,186435.83,177964.94
12332.75,7805.9,87570.99,3084.26,412.0,36.31,435019.3,216503.93
43820.54,19509.15,109230.93,2729.84,188.45,45.03,25400.37,110605.83
13429.56,18626.59,82747.3,834.19,464.61,34.52,468505.11,187615.03
30927.74,19768.86,131071.24,3074.21,191.17,48.82,252262.8,197248.82
28123.5,11942.99,20658.68,1182.06,62.71,35.41,81418.76,91715.61
20412.16,11073.33,59227.91,3109.29,91.6,14.42,308479.32,210580.63
34203.42,20081.29,120307.39,2451.31,252.31,12.78,352177.21,243529.97
36562.71,18527.16,67620.27,518.08,49.13,33.33,394303.19,195548.1
28779.95,8135.66,22896.15,2344.13,362.02,33.79,356886.81,192471.95
38162.69,25175.37,75167.25,854.97,399.6,26.19,285620.14,176017.08
49187.44,20333.45,124433.5,3266.24,279.24,26.34,59333.13,145235.99
21544.35,14039.41,33919.33,3019.75,447.74,20.83,434191.22,269757.46
26214.57,9612.48,117761.53,2705.05,477.6,17.5,492034.16,215339.31
1611.02,8173.58,123979.95,2265.23,229.31,31.7,393443.35,198251.28
40005.4,14991.16,109111.54,2391.54,53.67,37.38,36676.24,115070.03
26491.27,11077.6,49276.02,1590.06,123.32,40.67,382734.98,202966.44
20990.11,15762.45,134377.79,1014.28,332.23,15.39,149427.7,111944.33
5609.53,10636.27,44603.18,3016.66,208.83,42.89,481808.09,207788.25
44593.16,26757.99,157750.43,1843.39,345.65,15.14,50483.63,142873.06
20355.35,22927.28,125805.45,1636.29,336.7,15.24,64284.03,111295.19
34446.5,11669.03,22269.61,766.19,306.63,40.3,107057.76,87797.57
8319.33,4115.92,124189.37,3598.93,87.34,48.47,381515.89,182686.59
48115.93,25437.27,98782.68,3327.35,150.1,46.61,332674.38,262366.5
9743.65,21848.53,88112.91,1553.92,195.15,5.55,369073.62,190224.59
10777.56,19495.71,81570.69,1261.87,413.96,14.42,189864.44,129637.32
43090.16,9580.13,100625.46,2938.7,344.29,37.99,442196.36,273286.66
45716.55,14542.95,121698.24,1934.06,326.02,40.31,234202.92,181959.63
11395.22,3624.22,137815.98,3595.67,339.35,25.21,84374.93,129455.09
24020.24,21309.25,61624.4,3021.65,256.57,0.81,388387.54,216757.27
36941.25,19225.69,111843.11,2861.62,29.42,25.09,274178.42,213265.54
44039.92,19325.5,119980.08,960.68,108.55,1.56,304837.29,191042.42
19573.58,15226.49,115026.78,2711.3,78.75,14.07,204857.99,147904.8
26333.95,10689.59,85036.77,3388.22,41.36,32.84,361145.38,243034.71
37344.1,19700.77,77458.88,1569.84,166.54,6.73,37072.62,91176.58
36825.66,8463.14,122315.44,3268.13,395.99,35.62,255764.37,189565.66
39365.05,20970.24,65277.61,1610.0,66.41,31.07,225036.12,156994.36
28926.76,20606.81,51653.16,3175.11,64.6,21.48,378309.46,250683.97
6126.14,14849.24,96024.63,2475.54,70.89,18.61,147617.22,117298.09
45294.69,16035.23,56631.76,663.01,142.21,45.73,132181.49,112756.9
43413.05,25294.74,30054.6,1639.51,109.08,27.66,173519.49,133562.76
40106.77,22474.46,30458.05,396.5,16.84,44.44,250660.92,155577.08
5893.26,4180.45,109120.89,1791.32,145.49,20.62,120741.15,72793.2
11015.47,6508.41,151312.87,3511.17,498.18,29.73,348419.37,204386.49
37436.42,20410.9,87258.53,1209.68,174.88,47.73,179173.4,149062.2
2133.86,6570.39,31580.17,3014.55,113.52,6.2,222333.06,171142.59
48982.01,12625.34,133722.34,1058.39,252.9,13.14,287644.85,171012.24
19480.09,7417.91,48842.54,2272.17,122.39,45.83,200900.16,130104.45
36246.31,10978.8,158148.88,3691.23,284.23,21.1,356588.99,242030.4
44490.98,18715.12,101645.4,2505.27,206.32,13.6,334973.7,207582.73
20336.86,16411.39,51860.83,2966.42,449.45,49.87,383280.75,174381.19
16637.49,7267.34,82734.57,3387.66,464.68,5.11,271042.2,201075.73
30828.32,20559.35,70077.76,2311.73,359.4,30.58,196362.49,173732.6
29468.48,11873.44,127522.19,3006.18,115.69,39.4,116541.3,148396.19
21047.86,10784.96,28971.27,337.61,242.21,39.34,229705.33,105944.07
30486.96,10955.62,138029.89,2029.35,159.66,22.09,439047.05,192672.24
46833.69,25178.26,136406.46,1618.0,401.16,2.2,78092.53,131726.64
23914.37,23999.24,149097.15,3235.62,24.3,42.05,123392.84,173196.78
10640.37,12231.82,144559.55,2787.77,334.62,40.14,339317.99,184016.89
19483.09,5216.22,42490.76,2094.26,168.38,11.87,295976.81,145069.42
20311.24,9643.35,88260.52,3242.82,245.69,17.03,459769.05,264014.54
7424.33,5066.85,132292.2,1019.18,168.27,25.63,33935.97,50800.41
8980.7,18730.01,74705.26,3239.67,188.75,5.71,441687.82,223771.32
34543.54,9063.36,21009.79,497.27,340.44,41.03,368235.16,157760.51
17634.41,22873.17,65585.52,1434.28,301.79,46.1,392248.01,198540.61
47790.02,21534.02,57305.66,2214.32,129.6,15.41,201760.2,180116.88
12936.24,13183.17,141705.62,1798.81,31.38,46.2,167516.11,121861.57
5847.3,18192.8,86811.96,2513.41,429.45,40.04,26901.36,83974.95
37921.72,8621.52,111011.13,2903.77,251.23,36.39,397954.48,257257.05
44170.77,24488.63,164098.18,3323.16,313.18,48.46,97545.54,139816.01
14627.55,5699.29,52941.67,884.81,249.36,16.23,128542.0,71510.23
10902.32,19075.64,130634.44,1281.19,313.28,45.78,152749.49,105903.14
10102.54,12839.44,18572.35,344.57,317.22,4.92,437443.68,175723.78
26578.6,7007.74,25703.04,1651.99,17.37,23.9,158192.19,104848.56
23952.42,21538.76,45701.45,727.35,271.3,27.6,224327.95,121502.82
13712.55,3775.14,53320.77,1290.54,256.03,6.14,378725.37,183505.46
3213.48,3840.93,66505.89,2869.79,56.95,36.87,448290.08,195533.32
24593.08,20976.19,90948.26,3305.85,375.48,23.76,399767.61,244327.17
48007.29,19166.44,55906.2,2763.55,125.57,22.78,276998.66,198718.0
32973.44,24281.77,34026.64,272.01,36.72,29.07,21046.02,69240.26
25279.82,17946.84,117598.32,2335.26,403.55,6.74,95764.29,120490.37
6423.91,13943.59,19585.77,681.24,433.91,10.0,141729.33,99693.51
13369.38,8872.46,129471.21,1837.02,127.94,9.03,218607.47,139693.58
15443.92,6195.55,144683.89,2064.38,346.9,47.6,193851.02,139467.95
38475.37,26937.94,129553.84,3482.3,12.43,38.66,266915.04,211096.68
43958.83,11335.32,100482.53,2440.25,363.36,26.46,217773.21,207147.62
45180.45,19851.8,116149.12,1456.95,237.76,32.97,368512.02,200402.42
49243.86,15663.86,112103.28,2524.62,398.32,32.5,45070.74,117178.43
49135.97,15477.94,152479.59,3622.81,202.59,13.12,497469.52,261421.76
47696.96,21633.82,162131.41,1082.22,182.03,4.33,424668.25,212496.45
4519.28,16963.57,80444.05,2868.58,421.98,27.75,180784.0,135890.78
7751.88,17205.38,108240.78,1270.21,28.94,13.15,210465.01,127577.64
15918.86,20625.4,137907.35,1233.55,101.71,43.67,482579.22,173525.46
28092.01,11830.01,14614.54,2779.79,211.94,11.8,469186.06,222989.91
5751.92,10732.54,90003.34,555.38,302.21,28.64,208723.31,119938.44
42444.05,9170.83,107003.74,2784.17,12.51,21.0,48615.6,109046.98
31221.05,21307.93,126041.14,983.17,291.82,37.15,494223.86,218950.47
27575.86,11910.86,68003.15,2232.2,195.46,47.54,333801.62,216580.01
9100.25,13269.17,58483.78,2193.02,318.7,20.58,352640.87,159093.53
13409.52,6483.26,36597.28,2785.04,454.42,2.22,151805.82,126418.99
8855.29,18249.35,100482.73,2987.97,226.03,33.07,412978.15,194887.41
42744.72,24985.75,158287.6,2878.41,281.74,6.46,287591.3,227677.74
29627.17,23535.76,153745.44,1972.32,236.77,5.23,245716.32,158826.73
37021.34,8800.04,64235.09,903.75,68.08,33.08,375776.96,209484.82
15505.61,22954.07,60752.25,2247.24,398.63,5.14,198511.75,155326.3
19191.38,9169.97,126711.08,2174.77,443.75,6.44,226114.31,187473.48
20837.89,10701.54,118683.33,919.45,407.62,21.95,333116.88,180268.37
38240.73,13010.19,88682.43,3314.54,474.32,22.62,327001.48,183278.65
38845.3,13485.95,72198.15,1372.81,239.33,45.69,486169.26,258315.05
11133.86,13503.67,33753.63,274.98,329.64,13.81,290168.63,136398.34
47135.4,14603.39,130527.8,3367.54,92.49,20.05,174073.02,196172.01
6912.11,9560.96,102181.11,2284.35,488.64,35.38,157970.66,132492.67
44909.98,22266.32,77460.9,2613.18,294.47,41.35,276329.12,165671.82
5919.39,17986.39,152613.37,1305.8,138.21,17.46,77388.29,76413.0
13962.45,16800.95,114093.3,1843.82,404.63,31.55,302287.48,191335.15
42477.45,20584.79,156207.46,2751.71,297.38,31.21,207322.37,186684.81
9795.11,5339.73,78061.59,1218.11,475.34,15.16,188958.6,140745.35
21264.83,20667.22,87453.36,2571.61,387.29,5.93,112389.13,144097.49
23043.11,5835.48,145568.08,1505.32,439.86,34.13,257798.41,173156.11
13017.69,8255.28,150773.98,1460.34,277.86,13.4,38063.81,66457.92
35802.01,8773.05,151329.7,890.36,263.48,15.91,311448.28,161451.53
42715.4,22057.94,141386.48,1624.46,381.09,28.62,157063.56,135496.08
43854.18,16454.07,85212.15,1241.6,61.46,8.04,454433.61,199833.03
17626.79,16740.3,48885.64,2561.06,36.48,12.07,272653.71,180468.31
27011.67,12669.44,70734.48,2105.83,492.01,22.3,394681.87,191452.39
13171.91,12021.33,150670.2,1369.04,458.98,43.92,428570.65,196780.26
12995.03,12029.25,67338.77,2084.26,478.27,38.61,441911.93,236814.69
8901.45,3169.11,117259.32,1340.08,40.56,15.88,437902.88,205549.76
47060.93,18301.6,153476.91,2101.34,141.96,15.1,128224.99,161908.04
44511.45,21903.05,163229.3,3491.95,451.76,49.37,165591.46,232006.01
39090.58,18966.13,157585.66,2973.77,53.84,32.67,359810.29,230960.14
26365.41,7241.12,91276.24,2444.57,231.2,34.28,278056.83,198060.84
25039.79,18535.05,91150.65,1372.06,177.23,2.76,312479.5,150296.62
26957.54,11914.33,157739.34,1249.98,441.13,5.25,345310.07,188282.33
27291.83,6239.85,41627.86,2491.69,263.86,14.72,74841.26,96285.58
22293.59,7992.83,38586.15,1939.81,152.28,42.1,100787.09,89074.99
7455.99,11693.61,154016.32,2676.09,266.91,45.53,326161.39,146576.85
7157.53,7984.34,111320.72,3484.43,65.1,9.55,320178.23,188930.52
47660.24,23572.52,101622.09,1618.24,368.29,35.71,412367.17,205372.25
24619.51,10116.64,32240.54,2583.37,312.99,43.71,353015.28,199690.97
47707.07,25110.94,99508.59,2218.52,304.35,43.95,119684.79,155383.13
9015.27,7889.36,148223.55,1523.37,224.54,22.94,53634.74,66882.06
28166.41,18240.12,107011.34,788.43,154.18,12.94,207691.89,135859.73
11178.15,18320.35,78327.43,2278.07,42.04,47.81,198210.73,148930.32
13406.05,10699.55,93469.58,1430.43,474.05,13.83,388359.7,203701.87
2472.67,1907.23,135016.82,2791.97,214.11,12.63,342312.01,190338.96
6828.71,12306.93,147208.6,2868.15,253.0,10.28,438657.18,246741.97
45925.57,29095.59,86289.26,1852.28,194.13,26.63,262045.65,171210.5
16755.12,22746.36,111365.94,2212.38,494.06,5.36,158575.56,128859.99
30798.33,10969.6,54260.06,2188.29,400.12,28.53,262040.18,171965.6
23785.69,19993.22,86401.94,1890.96,56.92,47.18,123440.97,136138.15
20622.11,11350.98,45963.77,2874.19,308.01,25.25,49054.69,104384.22
27062.42,9037.8,89293.72,766.68,247.47,48.27,259847.86,119373.5
10174.71,15520.28,101261.04,3447.78,398.74,45.29,218530.45,187161.06
49441.59,20155.26,70110.53,547.56,498.68,39.62,35469.95,101024.3
41097.09,19234.41,59844.68,1002.7,374.71,30.4,366211.4,198327.42
37339.12,24101.98,46180.3,2384.99,433.82,44.03,329288.54,218855.56
23969.21,11856.44,34718.99,519.98,256.29,27.75,55425.04,78533.84
8490.98,15206.54,120327.1,1461.94,193.06,10.36,360811.32,184227.97
46112.63,16863.26,50628.12,799.67,325.21,46.26,59754.7,98078.63
17727.97,4878.71,26009.64,2328.41,377.22,25.11,268475.18,153328.02
3455.23,8562.34,156686.27,2562.34,121.49,45.39,318678.49,154910.38
17777.78,22581.23,60752.88,590.75,256.66,19.66,259513.06,141562.8
39928.39,17909.3,149254.44,2180.66,65.76,16.79,378754.81,200313.54
31512.73,8913.04,100462.39,1206.97,116.01,38.3,205071.98,111678.92
37791.09,21470.84,125861.85,3535.64,442.11,31.72,122218.67,158678.69
39888.13,27263.52,108144.06,953.68,80.92,21.99,253475.83,156392.45
11385.78,20482.09,47603.29,2072.38,407.56,43.93,184273.73,131762.56
46265.38,20906.31,144547.53,2220.09,192.57,25.83,92612.65,124213.03
22461.49,12329.77,134919.87,2451.04,335.13,0.64,246120.06,154924.38
32311.67,18285.55,70332.83,3225.49,456.06,34.66,116686.59,145485.37
1113.13,16633.28,129064.98,1735.04,392.64,3.16,245742.18,134524.24
49675.06,27229.14,105524.15,2799.04,414.71,24.06,304413.45,256484.99
14763.92,19420.24,152348.32,2159.39,137.96,9.6,395454.85,200247.21
4041.09,10190.01,129561.54,2664.02,187.22,12.1,429519.67,223418.39
23454.84,7508.7,16951.35,1245.16,369.07,48.99,340718.39,139693.23
7322.47,13063.38,142945.72,1473.38,390.84,5.67,448900.25,203938.1
8464.01,5243.16,149636.66,1090.67,397.13,37.89,287738.81,107075.94
31981.86,8085.06,119080.7,990.48,372.65,31.87,361007.48,177384.28
20253.44,14274.71,33807.23,3051.38,123.5,9.75,389774.05,241376.12
46170.77,22513.94,140080.65,3086.93,151.65,46.77,415926.05,291863.35
16638.67,20483.61,115272.8,1386.75,471.6,10.07,380888.7,200138.96
36582.83,23081.86,72595.3,1997.5,281.39,25.78,453158.78,215755.33
23593.87,21934.96,150732.4,2924.94,379.68,39.53,246970.31,184379.59
33337.61,21988.86,104598.26,1645.35,303.61,38.18,477671.41,236370.61
30385.07,20290.18,144906.7,2100.5,463.01,15.99,212137.57,177687.54
24166.41,5530.97,106591.27,2716.26,435.7,41.96,53691.42,113087.19
47552.99,22219.59,64610.51,1082.67,138.07,48.1,107415.43,120475.54
17792.97,6407.99,151504.1,2383.92,443.51,23.7,287967.63,163083.33
9684.54,3580.92,90660.54,1162.56,157.02,32.62,27002.2,60813.48
34226.61,10395.36,88245.8,550.15,226.08,18.23,95549.19,68007.86
42454.37,25045.07,83544.95,2519.49,427.1,17.7,199557.13,192589.17
2972.43,15599.55,37249.55,2337.32,168.77,23.49,319662.61,159643.71
23032.0,23607.46,123386.84,3604.53,152.48,9.86,99464.06,136491.98
44731.9,28536.42,90295.02,1076.42,337.64,34.47,295934.81,189448.28
37731.31,25465.3,160891.05,3049.24,499.84,8.28,338309.9,246559.79
49598.58,13011.77,155348.51,3625.85,74.22,0.26,386556.53,259485.38
27039.28,23036.32,134736.98,2642.97,353.52,21.97,337029.8,171712.2
33339.79,23521.38,58978.85,3188.0,268.21,3.82,140039.73,166426.25
15821.53,20650.48,125337.44,3610.57,211.2,28.12,498732.9,239022.0
47429.24,12943.72,18316.13,2516.29,377.43,26.02,446359.37,235793.7
18950.44,6567.53,130082.1,3648.34,281.87,6.86,199289.1,185068.79
37187.02,25951.68,97336.03,2401.57,400.93,12.3,34011.04,132189.16
20753.87,8040.39,147259.56,2277.76,374.49,1.22,273779.95,172655.64
28529.13,13393.95,70490.37,3113.6,492.71,29.7,435291.05,210364.94
36269.34,16645.57,56476.63,2792.16,407.32,14.64,414532.77,222478.05
25937.77,8114.18,155774.52,1198.2,42.73,35.65,450827.38,188638.46
45447.23,9991.81,89941.74,1427.6,391.99,31.49,485367.8,271161.14
21545.75,24193.91,149516.6,1603.45,328.35,18.68,362253.51,200115.05
32706.52,24136.12,156412.18,3362.32,54.0,1.09,97950.82,160603.32
17775.76,21845.74,97654.56,1264.68,306.69,16.01,37478.31,71953.01
20999.68,10248.92,79277.65,1378.12,377.89,16.24,92675.5,121902.7
22562.46,9304.47,92612.04,2067.55,106.63,16.64,116527.94,132348.58
7164.54,10237.31,136112.07,1001.31,223.11,47.67,49467.34,67133.96
5494.46,10438.62,153226.63,3653.7,275.82,8.23,237656.83,196120.6
33707.01,7350.59,58487.18,1816.52,212.44,13.5,396261.3,197975.95
33120.37,22319.51,129957.01,1302.04,439.24,41.62,22040.86,103776.3
33482.58,26631.52,67684.52,1223.8,92.76,46.26,405740.63,170067.74
1968.56,11203.18,102550.74,2927.2,388.06,23.41,464147.52,238712.03
17000.8,11471.2,130871.45,2592.98,391.26,27.0,92953.26,149870.63
10692.68,10297.2,141778.28,2156.31,229.53,2.64,30246.16,91444.66
39129.42,10199.39,78223.36,1452.76,274.34,40.4,250095.17,177948.3
43170.89,14324.33,70074.04,3062.35,85.25,29.73,436894.5,218928.9
13087.34,12909.06,52077.73,2600.83,105.63,23.95,373679.08,205942.84
33724.61,15665.96,36878.26,2366.92,270.52,15.13,36655.56,110493.69
7338.78,12595.93,67989.79,1733.35,120.09,22.19,343166.92,165597.85
14482.47,19953.27,147399.4,3682.36,405.17,36.77,412517.56,232309.94
7794.07,6451.04,70888.21,2513.64,311.95,4.04,150103.83,140996.22
14892.52,4017.96,54221.87,1599.62,37.72,25.34,333638.41,159271.01
34062.09,8057.81,118620.43,3478.7,185.36,1.73,257095.5,190621.01
45606.02,12237.5,46049.74,2927.85,430.63,38.61,118701.95,139207.49
10923.6,13809.14,53208.9,2511.94,145.95,10.55,452724.51,202894.13
27561.87,21771.98,158124.34,3114.91,362.66,45.17,127044.02,155714.33
35368.16,24866.35,36723.58,1512.14,55.96,23.8,423428.2,188116.18
47693.2,22423.35,83060.2,1986.62,465.96,22.86,356794.49,220789.35
30892.96,14539.89,100260.83,1156.79,230.18,18.02,126036.33,131255.42
13500.24,6213.08,43358.27,2043.44,250.87,25.82,361435.15,221616.18
31648.43,14657.34,57472.69,1460.12,289.22,16.9,32482.36,98754.45
16704.07,10322.91,45425.9,1334.7,188.08,18.0,133410.36,93153.91
48830.29,27231.56,76837.16,3234.05,365.39,9.78,156994.4,193608.15
20584.13,14107.85,146569.62,1310.72,17.15,17.26,446811.17,206638.08
34585.96,11828.01,77042.57,2892.14,89.48,40.59,459385.99,214851.6
2138.15,6559.25,70832.61,1270.42,102.52,12.28,150076.19,97575.95
20603.01,7281.77,66879.64,517.5,321.32,41.06,247836.11,119348.5
43880.27,27188.47,166547.56,1050.08,446.39,43.07,491179.25,224230.52
30901.14,7661.97,28138.0,1485.3,41.18,33.32,339669.21,176301.91
22753.2,5301.14,135662.85,2096.25,427.7,1.53,53461.95,128276.62
46860.94,13440.47,63190.73,1344.68,411.56,28.05,207887.36,169711.0
42845.23,24881.09,163599.05,2857.46,47.55,41.66,222290.37,153336.56
16788.57,14065.32,61960.2,1817.3,80.18,18.29,167070.4,117771.64
27682.87,18240.52,31609.2,472.97,181.52,14.14,269558.34,160114.05
25001.39,12476.05,90386.91,1561.34,66.19,16.07,373289.95,180453.27
31977.92,8234.81,44628.35,618.83,381.56,21.15,351920.32,153980.54
17371.45,20669.37,130719.02,936.05,256.99,3.51,188743.12,135684.75
12966.05,6835.15,105777.43,1232.98,211.27,11.88,373587.07,198871.26
45720.92,10288.84,112769.1,2695.51,365.22,32.35,276355.5,179091.4
46269.85,20921.7,49793.34,2367.37,153.52,23.62,389366.34,234947.01
42322.82,10588.7,116222.35,3179.14,437.05,12.37,74666.73,160444.0
48932.02,12153.76,59866.01,2592.95,330.44,46.54,214284.8,171597.35
37504.58,23608.27,168694.35,2496.41,179.79,14.78,209431.88,164807.16
38468.69,17780.13,125330.41,1633.23,274.54,6.47,188865.35,155643.54
38366.91,12882.8,100915.91,621.43,137.13,9.97,355056.26,185768.94
24549.77,12208.17,140498.61,2679.19,492.64,14.83,287421.69,172319.19
23366.16,19393.43,105964.94,1469.99,223.45,26.13,205228.19,138671.04
12771.09,4348.12,88627.23,1268.43,449.42,3.32,277425.11,153568.92
32596.14,9290.6,46843.24,3161.21,489.23,42.75,358108.6,195896.07
15176.69,15552.45,115768.2,1184.14,272.54,43.87,344061.17,173204.91
13632.61,15062.47,71373.42,550.93,367.7,15.92,385123.58,179511.61
29712.11,25405.43,31571.33,3011.09,290.4,38.77,428708.04,237581.29
21089.14,12021.54,132946.19,1652.15,54.87,29.98,374908.1,178639.14
11723.97,4113.81,15812.66,1319.98,476.68,42.27,106466.78,86708.44
40986.74,19179.33,117826.98,923.85,233.75,13.85,426357.86,217400.73
43167.93,21581.35,44989.61,1496.74,448.09,30.51,179371.15,159545.71
9217.28,5065.71,71775.15,3278.32,331.25,3.63,339668.25,207884.1
1367.84,11554.38,138811.79,2806.72,61.54,0.47,495665.47,249939.96
17470.37,7850.53,24971.26,1598.95,214.36,43.73,161428.19,110304.21
40078.03,24987.84,121727.12,1600.3,105.97,14.73,149701.25,145998.15
42119.52,25209.55,113997.36,1731.51,93.23,22.27,107438.46,147551.93
7778.12,10433.39,139138.53,2568.25,360.39,11.59,492357.42,211987.7
38942.46,27139.98,51758.54,1096.7,24.71,43.84,224929.06,154729.14
6669.5,20939.49,137720.78,1229.25,483.41,19.23,396255.42,181135.1
20113.07,7043.01,75901.98,2498.57,230.46,8.96,43634.96,102823.54
49931.87,17656.79,81278.8,3027.86,249.98,30.4,106603.52,154775.41
10436.95,14293.66,68893.66,3058.93,156.72,10.27,50328.53,125161.24
8544.22,3863.18,63998.8,2860.11,51.95,13.03,411504.81,193073.99
21717.22,12305.23,90238.33,2089.93,298.24,33.64,71145.68,120654.15
31363.76,11865.61,29978.46,2537.5,178.93,47.96,463117.56,228920.0
46712.14,28407.41,89360.48,3233.23,315.8,37.74,338603.58,258340.9
49060.24,18337.97,114207.65,738.79,282.33,6.21,456578.2,230021.19
4412.39,16254.56,90241.54,1746.29,116.29,15.63,216252.15,153899.99
7761.88,9593.13,36719.78,875.56,236.21,39.82,272315.77,143317.09
39746.16,11019.57,66458.15,3322.92,160.95,13.76,33234.7,106840.16
14260.98,20183.65,85376.36,3222.62,127.46,37.0,243634.84,169565.76
44357.6,9379.65,109490.57,2973.79,387.16,23.59,303544.13,249034.19
33509.21,8292.69,142245.27,1669.28,15.83,44.22,68283.24,99922.06
6480.4,8901.57,91925.71,3320.73,141.75,17.96,490992.93,255425.58
41793.93,22253.3,120876.02,789.21,270.23,46.73,22107.69,101277.02
9641.46,9091.53,23465.72,762.64,243.31,20.37,148376.29,79382.06
21751.27,6143.35,148312.4,2630.5,470.68,36.31,315498.36,212614.09
28057.06,12309.29,60552.69,2702.48,423.39,9.76,258866.39,169250.63
25537.54,10384.64,64680.01,2985.93,378.29,26.54,134815.37,131073.92
34621.98,7530.08,43336.27,1188.16,261.9,15.51,493641.76,231648.24
32981.65,17524.97,31297.13,1389.82,220.16,0.64,110661.15,136141.68
49610.06,12696.61,129714.07,2067.57,27.92,21.86,292808.91,189495.88
49971.67,16100.51,52751.47,441.98,412.62,8.62,75624.36,89298.83
26306.51,18264.5,60601.32,2908.52,221.05,47.93,46947.08,123328.77
5664.76,15772.71,43978.63,1299.94,167.27,40.43,254178.45,128414.76
36664.32,12970.25,156734.56,1461.58,307.25,36.98,406256.03,232331.35
48856.54,16690.58,131602.51,1944.68,379.53,22.67,275031.21,186367.21
16597.99,8634.33,146742.91,2894.35,266.3,12.96,160942.61,137978.42
23599.24,23879.17,149053.23,3370.92,83.3,16.22,28030.25,128205.47
21814.07,8577.95,143275.39,1440.97,461.61,10.22,471455.41,199812.18
3519.54,4775.93,78280.68,991.98,65.3,27.59,121704.6,92308.47
33940.96,15966.38,42501.61,3049.48,485.09,40.56,295794.49,171404.2
18313.55,7854.18,58681.0,1990.99,226.81,9.37,27452.6,83580.33
39585.73,11472.96,56583.84,1443.66,473.85,0.23,66658.19,124029.34
41773.88,10724.43,117563.95,1265.85,458.18,6.28,101681.37,135587.88
41240.31,21231.4,25707.66,3114.76,209.07,23.05,73910.66,164356.91
21416.63,16718.93,38971.27,2380.49,402.01,0.93,274761.76,178654.68
16755.74,16529.32,117241.8,1318.08,53.99,20.16,210585.64,128613.76
37692.22,23117.79,41393.38,571.62,50.54,5.56,404616.81,217391.95
40268.08,14917.6,23936.4,797.6,184.42,5.39,75778.0,119260.23
25071.61,23423.59,39575.07,1016.33,308.79,35.63,226912.65,148449.49
44758.52,23749.19,124147.11,1042.88,14.57,49.97,225560.45,144652.51
8051.53,17802.12,39443.86,963.21,262.44,9.72,130789.66,79794.01
44074.37,23373.64,44913.04,663.23,488.07,11.48,66061.51,129985.21
5708.67,8631.62,45298.82,1421.92,430.64,14.82,25118.15,65596.52
8522.75,7723.68,120061.0,2110.27,123.91,39.26,29037.39,74518.71
27158.16,14170.71,45387.74,1647.27,268.75,25.29,211340.02,147617.92
4308.41,3253.77,12732.45,2568.37,93.99,28.53,46053.1,61767.59
3587.55,10017.48,144364.17,1558.41,139.0,27.33,209387.63,106878.74
1025.42,1546.33,133303.24,3339.09,462.27,46.87,229956.58,178117.83
22379.52,5052.85,35841.03,2912.76,498.91,1.74,233785.26,174665.78
38956.57,26455.54,64639.11,3206.61,128.85,7.9,111994.63,150736.11
2707.08,14483.48,43927.64,844.49,113.91,19.11,259383.34,146385.3
32960.62,18048.14,123771.02,1431.53,198.09,24.4,208312.3,163075.03
41333.24,15418.14,53585.8,2177.04,228.47,5.7,494972.95,273479.87
9232.04,13471.9,150837.73,1262.77,53.73,44.66,41777.13,68008.25
8196.32,19524.99,140627.94,1051.44,82.38,33.89,45861.68,85142.56
43179.25,21857.26,107803.97,852.74,218.17,46.61,415774.34,192018.16
41333.11,20515.02,22708.06,1971.37,125.36,47.04,147689.12,158170.01
27408.15,14955.62,145096.56,3159.05,424.02,25.63,108217.51,150972.14
41140.79,15469.25,122900.84,1465.27,378.26,42.65,439752.93,192649.79
5545.05,15230.68,131431.12,3464.4,272.81,36.84,275709.97,153932.77
20329.59,23695.05,34370.69,2568.47,221.99,18.03,315579.04,167334.47
37152.08,16213.19,120711.78,928.19,417.18,32.87,23821.13,82983.43
13615.15,10871.03,130362.3,1932.99,91.34,47.64,145160.48,124611.22
37864.12,16421.04,156848.96,1081.49,444.82,38.2,144417.43,119108.62
25704.75,13939.06,100319.46,3255.66,34.05,35.47,385228.25,248047.17
37763.03,27369.79,100561.9,2756.94,462.46,11.09,205065.08,202631.92
23769.3,19036.04,81911.36,2500.54,78.02,41.56,297168.94,148721.51
19027.31,11309.56,115734.36,2658.51,407.93,19.48,467313.72,275562.64
11740.27,10092.35,146592.97,1659.99,18.84,31.2,492645.03,176737.25
11210.59,11142.66,100878.61,3311.66,409.39,33.89,81118.08,117646.99
37823.05,8780.5,44980.53,3000.95,296.19,25.76,286816.21,207991.6
6826.61,12157.74,17274.42,2330.89,19.33,8.28,355588.13,203053.84
5213.14,17364.56,108663.05,2003.21,389.36,34.87,395385.34,163313.62
9638.28,15308.73,142613.68,949.7,59.76,12.36,461651.93,192538.09
9591.98,6287.6,19596.5,280.09,274.55,13.27,369601.87,138010.94
41332.27,22963.12,81018.32,905.68,172.68,6.34,351168.89,218358.39
20526.82,18634.81,156214.65,2608.79,381.99,31.0,45966.88,132611.54
49529.03,15525.32,90163.42,2865.31,428.08,5.87,281513.2,211413.09
7723.35,14190.73,48348.02,3092.29,237.5,17.26,307407.4,194009.49
33023.45,19018.2,71494.74,966.02,381.39,44.48,354318.85,175909.02
22987.75,21473.41,81358.96,1305.83,459.15,22.65,300014.38,153414.36
20252.99,7204.01,27770.19,395.74,347.71,44.73,216536.05,123733.82
43879.13,13075.18,111275.02,3524.61,167.78,24.64,253979.59,198045.61
48804.19,19737.24,106653.62,2897.92,237.02,8.94,484313.4,295890.44
43770.09,10114.85,107011.7,2029.13,122.7,37.95,177969.84,143075.58
10422.73,10688.63,102115.68,2279.72,234.62,17.67,396539.34,204123.95
11819.1,18234.09,22004.72,1840.33,130.49,48.32,311571.26,176788.8
33147.62,10029.45,38320.68,1029.25,405.55,13.11,233038.85,173517.71
15165.1,12502.02,39009.56,832.68,308.86,41.11,218872.88,110452.75
37001.53,27200.81,40963.61,1166.05,320.29,24.69,277868.78,177388.72
28754.61,16116.36,124537.08,1439.43,64.03,42.11,403900.4,224164.18
27994.53,15816.22,35072.87,1892.2,10.72,9.15,78632.07,94348.29
41598.8,19716.23,117661.13,1582.09,396.7,31.68,457115.54,246343.29
35816.11,11290.31,39898.84,2413.43,275.73,5.66,391590.49,186224.24
2302.31,3830.16,25219.1,1873.12,466.46,40.28,187533.57,124424.39
3423.5,14393.11,40081.35,1843.97,273.25,11.78,24887.16,60772.05
30476.36,14312.73,90168.68,3309.6,115.19,21.38,70508.35,143375.91
24823.41,11117.86,107489.25,1572.43,352.25,32.8,89309.76,84174.07
13749.05,3861.95,125818.66,2571.38,353.48,23.91,69718.41,103134.04
21514.15,21300.81,40682.17,303.56,42.11,38.94,69333.91,68890.39
38137.61,8757.93,101353.43,2743.85,349.89,34.41,480869.69,217050.67
41503.96,23425.46,135947.11,2237.11,114.14,6.52,336060.81,229535.55
28499.93,13648.76,61217.76,1010.41,134.72,38.67,413906.59,172583.97
19883.1,16151.03,29479.59,251.78,25.39,21.17,290150.61,123993.34
14264.14,8182.55,34158.2,2320.93,317.41,29.89,317352.66,172561.32
26574.01,8845.09,25352.08,2148.59,368.55,10.83,442879.19,192567.95
16422.73,14185.61,144994.22,2754.65,122.94,21.15,145745.21,138714.51
28640.66,19792.68,75455.88,1745.9,398.34,40.86,353371.83,193521.15
34155.97,11143.31,89800.2,2402.96,383.4,46.31,451668.31,235070.71
4237.88,9856.58,124345.04,2378.6,210.79,46.93,469420.29,211466.56
1052.31,9381.23,66372.26,1124.66,43.43,35.0,233143.15,101128.89
11401.58,6991.91,104713.41,2127.99,147.29,3.95,431221.86,180595.25
44831.06,20484.68,32506.32,1754.85,91.06,22.13,261852.59,167837.26
32668.25,9879.4,82634.84,2901.68,479.82,9.65,143785.27,188775.62
9426.06,12325.32,28855.51,1501.4,410.69,34.88,140460.35,111040.95
44622.93,11636.5,50310.4,1616.2,48.4,8.07,236847.93,147338.97
24027.84,14773.65,59353.34,3251.54,261.6,48.88,143786.49,138829.45
24328.5,11441.88,118203.16,3284.96,140.77,9.73,34389.75,135977.67
46841.56,18687.11,117694.8,1391.1,25.74,2.64,70662.56,112858.71
3914.85,9741.08,121119.48,3345.45,167.93,42.18,427625.67,193951.81
11543.74,20513.44,30365.24,651.93,72.52,10.11,443604.2,203495.64
29702.79,15994.3,161913.0,3384.4,119.14,1.2,439061.05,291724.87
10578.84,18576.5,27752.1,770.4,170.0,27.4,285781.92,152438.64
34296.82,11759.59,134141.1,2004.96,210.36,48.46,468904.33,234634.32
11490.52,9663.72,120069.97,3553.72,239.54,13.37,259564.45,176002.33
5858.69,3135.98,93314.24,848.01,264.9,20.44,242021.46,114769.26
11142.27,10933.04,77380.72,2922.29,191.3,11.86,247703.44,160514.94
21713.97,17882.44,129090.14,2180.18,254.19,27.9,141973.73,137124.36
9630.78,18770.41,127295.71,1058.35,214.75,16.14,314481.62,141314.51
7599.91,13055.32,35335.12,3038.9,482.58,29.57,235496.54,160759.35
43153.81,21612.18,137221.45,2378.88,43.14,23.9,487835.68,253929.8
16699.46,7296.6,22228.05,2765.0,297.12,46.45,102551.07,115047.22
18677.18,4960.95,81547.95,3028.15,104.89,33.5,56818.04,115623.82
3708.25,16679.57,111880.52,701.84,193.96,34.13,188547.11,98087.26
18511.11,7459.47,130112.46,1518.6,277.77,24.32,123463.96,108260.81
13975.55,5072.92,76209.31,1458.12,382.31,15.16,496114.2,221728.09
30913.77,24965.22,59316.6,1947.69,489.09,15.7,288117.56,220099.84
11064.12,21501.49,93346.84,775.15,251.87,25.2,192664.46,105092.9
44529.91,21423.0,58418.57,1520.1,135.92,9.6,328515.75,233149.15
46553.66,17194.16,95420.51,2939.55,397.87,6.62,237493.52,222380.25
5891.72,17926.52,86404.9,1034.28,118.57,18.62,120236.07,113663.25
6262.74,5744.59,122768.82,2747.55,258.84,6.52,209369.27,153443.73
6651.0,10203.35,47975.75,1674.83,424.89,11.54,157450.09,113253.52
31358.89,13733.62,44984.74,529.97,207.86,26.75,326044.44,134108.73
6976.48,19692.95,89511.23,1061.94,282.92,39.5,411952.93,196851.33
42766.73,26989.01,33914.34,678.56,68.58,11.24,146037.01,106873.81
37959.3,20784.14,54881.7,2171.59,37.42,39.58,318236.8,182226.36
41170.63,10893.56,65002.06,678.25,493.28,0.78,360070.33,215545.5
26776.97,15258.15,87912.83,2926.4,97.66,49.85,197605.19,139890.18
49837.18,15251.34,56269.39,2720.66,174.42,25.85,254017.11,178037.73
3164.58,18388.77,101003.31,837.2,257.3,23.79,192232.0,122386.77
20661.98,7331.25,138235.13,3366.95,193.49,32.53,198994.38,144077.24
16872.9,4933.63,87787.39,3320.5,57.7,23.76,234183.94,162305.4
47483.63,23733.09,65578.2,553.95,106.49,20.4,161803.0,123766.1
29266.19,15192.32,26141.09,2986.66,251.79,18.55,254398.38,193526.92
40503.36,24948.79,44775.64,1134.32,225.01,48.89,381077.71,167329.76
9346.72,3824.62,89436.22,2474.99,401.11,43.07,209262.91,151698.14
48953.07,25911.6,124867.06,1231.3,162.78,25.12,473810.14,229799.32
25433.34,6314.7,17253.61,2556.89,470.75,41.82,124637.85,129724.16
25189.93,6085.35,36773.01,2725.41,148.58,7.45,235762.28,187031.62
48573.35,19210.33,66635.05,3270.37,172.34,26.47,308808.8,243189.67
19655.89,8746.36,58364.19,3270.17,475.16,22.51,280766.92,204968.39
20478.73,16173.26,156907.63,1104.53,421.84,16.24,474531.52,237280.76
29652.88,6934.01,40093.94,2208.56,165.31,45.92,175677.46,119380.27
7274.58,2645.01,16181.46,972.74,203.69,41.62,201263.47,100998.83
16733.2,18026.03,70607.98,817.22,422.71,45.35,305927.15,179381.15
10467.21,6691.66,29847.42,680.74,52.18,31.76,306256.11,121949.26
6060.89,14512.31,34964.23,2990.49,154.39,18.81,397971.67,190389.7
43441.09,23811.7,83129.71,2498.23,270.46,37.84,401367.56,261777.85
29877.23,7632.4,55532.64,524.0,416.16,5.43,25218.06,67909.17
18574.97,19225.2,33680.54,3122.67,286.66,42.65,386815.7,196347.87
21024.8,9939.17,100575.34,2945.53,249.99,1.44,364576.96,228501.06
22144.43,12525.03,87766.49,1435.45,481.44,40.91,301169.69,142732.23
32024.31,8594.33,23054.91,1580.79,67.04,35.2,172153.64,95361.03
46411.7,26135.62,151006.45,2962.1,392.23,4.42,455386.91,267008.92
46706.2,20775.45,62903.75,2375.01,72.25,7.35,374345.42,232285.39
20183.11,14377.59,155902.29,2222.45,369.09,22.62,143497.95,124278.66
17133.86,22813.59,158323.97,2377.55,276.11,14.99,166505.7,153442.34
23101.28,11643.12,77258.51,611.59,139.68,43.36,361018.74,158384.14
28828.78,23635.95,57050.97,1837.09,276.24,9.64,460474.07,244400.53
23629.08,19259.73,141461.43,1794.02,440.91,20.85,255459.77,159607.47
33278.92,25262.08,77596.11,1314.63,241.37,13.02,442015.85,200922.82
28165.55,23835.25,47783.05,1120.82,13.22,6.36,203414.96,146648.46
16715.06,23168.09,103517.59,2499.53,37.74,12.99,209678.6,161049.57
17940.81,6655.86,81288.04,1751.29,319.99,43.0,349251.78,153800.03
19551.05,19932.53,144198.62,2055.82,342.19,35.78,44258.09,123568.0
5637.35,17315.11,124597.89,1184.63,206.87,45.71,86682.48,76087.67
9137.07,14892.7,143954.38,3609.18,128.96,20.26,369644.0,221676.93
36432.58,13224.3,122111.37,1359.94,360.82,12.02,136201.04,106000.53
20065.74,23333.54,116782.2,1861.63,159.04,1.32,104037.95,130800.53
11512.41,6788.71,82956.66,1066.38,46.27,24.76,62745.31,64065.89
28570.95,15955.91,160959.95,2943.91,210.71,1.99,127930.15,158583.84
38021.44,18273.29,158697.53,2158.26,274.18,0.21,140226.04,155621.3
13613.7,6378.41,133186.41,1965.52,483.16,30.24,183757.43,139785.51
41512.7,22891.85,135734.77,3316.45,300.19,8.24,470398.19,250538.08
46447.74,11522.46,97964.1,2792.31,112.08,27.99,329416.88,183405.47
30272.33,20069.87,58720.14,1901.24,417.77,28.68,352790.53,214893.38
33778.44,23803.69,150981.61,2213.82,152.83,36.19,83719.23,150222.83
3576.22,8028.47,12991.12,2948.67,480.05,19.16,112480.01,120043.97
47330.47,23799.8,57018.64,3158.83,169.4,35.26,451362.13,261720.77
20231.75,7603.44,69623.96,2491.96,455.66,18.3,324468.38,200181.86
46271.12,26250.23,110992.97,2859.39,440.69,4.89,408632.48,282820.3
29369.9,24938.6,106278.38,3238.76,433.36,15.5,191582.06,206831.2
1226.32,3722.79,33471.53,3063.85,29.3,0.38,297059.3,170214.42
2888.56,14568.97,31850.92,497.85,426.44,23.12,261059.65,104009.76
34340.52,17231.81,51023.14,3247.4,363.44,37.02,118597.76,175290.33
28570.73,16578.38,68825.48,2482.89,173.81,39.24,415889.37,244488.1
2300.09,14736.57,18827.04,1913.1,250.15,11.6,180203.0,110003.6
37429.54,17516.35,119419.17,1895.28,323.56,5.28,244105.98,170305.39
42755.12,20757.39,57526.39,1363.16,472.33,9.27,83836.69,109697.28
25324.46,10067.46,64007.61,2752.25,392.24,49.19,326411.21,172289.6
23822.11,12645.3,63676.99,2316.25,219.97,15.61,399745.01,227423.85
1268.18,17625.82,93315.98,1148.62,326.26,21.46,216986.39,117395.51
39545.84,10552.27,138112.77,2559.31,101.08,3.78,489503.36,270746.23
17205.09,15593.74,39136.53,705.06,217.73,39.47,143640.3,75048.01
44059.42,12905.48,64729.82,1864.59,397.74,22.42,439078.68,219638.07
19279.97,20863.52,122034.99,2402.2,307.23,4.37,366183.44,212351.98
28688.82,17529.12,25436.85,2070.67,393.79,23.65,465085.58,198017.88
14246.75,11208.8,134313.94,1192.83,259.81,35.66,375511.14,189123.5
8868.83,7145.35,150180.92,1128.14,196.27,23.65,257529.09,112275.26
38970.49,16812.57,106557.45,1383.04,373.84,48.43,218465.82,167986.57
25332.93,24240.03,163085.74,2675.82,55.94,43.58,418111.75,257031.85
27287.91,15887.16,77603.7,3189.9,489.52,25.74,423374.47,234865.05
48305.38,19316.12,80632.5,2762.62,474.7,47.03,302673.88,198374.1
48215.42,24695.42,40162.43,2463.37,441.38,40.57,357019.68,237636.17
42926.46,16476.71,23321.17,1174.28,443.3,18.41,242171.62,153436.47
10192.86,10873.34,49151.8,669.71,260.42,38.57,124818.23,79846.48
30119.36,13094.35,84804.14,3110.64,253.99,25.29,43990.63,134146.22
44029.22,12248.78,88412.97,1994.54,411.84,26.96,333778.58,181189.1
19348.73,18289.03,51179.65,647.38,148.8,26.03,341222.26,158340.49
5954.2,18714.94,108828.78,2195.55,426.46,40.18,339326.51,161665.22
40737.18,26306.49,52320.05,2320.29,108.43,45.93,289955.58,204580.91
24606.41,22596.94,70378.17,1379.6,440.76,15.98,184352.41,151378.57
28655.24,15040.83,45410.55,353.87,275.13,32.1,136177.59,92212.79
49125.07,15864.3,118707.67,2496.2,423.17,31.42,51538.32,144863.29
30753.36,19090.19,95175.16,692.15,251.64,44.37,91044.19,95562.02
21823.99,23481.54,130519.89,2007.7,308.13,22.36,321583.13,166072.31
19129.23,18503.33,28103.65,2632.37,464.13,9.51,388674.25,240911.33
21463.35,14442.22,78231.27,3387.81,214.92,10.15,455658.96,274886.59
6801.56,15292.08,157442.66,1961.09,117.94,2.56,60280.05,83073.95
39942.78,23553.04,31617.27,316.45,54.58,5.04,410732.59,208691.01
42048.13,26835.38,87133.21,1965.09,299.09,15.06,306761.49,206571.93
14935.46,18369.8,25553.58,1028.97,309.43,5.13,164631.87,117612.32
15886.03,12124.42,35964.27,2868.87,314.15,43.55,368380.52,219489.06
43842.38,14603.8,83749.38,2582.11,28.21,18.1,494889.94,218604.57
2174.55,10682.6,36385.52,1454.47,23.43,18.42,202120.47,112958.84
26502.41,12199.95,89979.5,2759.78,448.75,37.88,321170.2,194087.53
23720.11,23627.93,157698.44,1877.99,350.8,15.07,145199.65,139062.37
34816.21,17368.58,47953.96,1852.88,65.53,35.76,118413.48,141954.85
9006.19,11506.34,29747.11,2924.81,46.57,41.12,91583.01,115365.9
33748.21,14039.47,135896.68,1359.94,89.31,18.01,35433.73,89668.02
19459.97,16860.43,85227.47,1434.01,405.39,23.89,367429.02,217119.5
31317.02,16904.4,146502.13,3400.73,364.31,16.11,90060.3,169402.3
2964.66,3609.39,52275.39,1700.82,322.94,21.16,344611.01,167050.36
23624.63,22174.48,113731.72,1590.54,323.99,29.04,437412.26,235458.04
26590.29,12818.81,149135.51,953.84,430.85,17.48,426367.82,208999.34
11501.99,11235.68,38884.43,1509.39,173.39,23.21,163503.22,113383.26
7841.56,6078.82,125968.7,2181.59,167.89,24.81,79714.97,87081.72
10235.24,13338.31,107240.58,1814.57,218.46,1.23,232670.95,155224.83
17862.91,17762.66,137087.4,1590.07,494.94,8.18,107018.82,122941.61
5743.7,18831.46,44815.71,1394.56,281.9,27.07,199283.79,111034.51
47418.67,10990.08,76734.6,2346.76,277.98,0.13,293034.26,206483.22
20844.71,23648.91,42600.53,2897.71,406.7,35.21,329286.54,207811.52
40639.51,22352.35,162093.78,2794.53,97.25,45.27,124795.4,138679.34
48746.44,15793.11,26724.79,2107.5,208.65,37.73,129102.13,151590.25
4956.03,5478.46,18877.86,2563.33,324.27,15.71,435664.37,209047.45
32931.8,12860.08,145520.71,1306.52,494.13,22.49,473546.12,241618.29
43699.05,26316.46,69663.68,1321.5,85.69,32.54,328374.12,221298.87
32077.49,12597.61,101645.99,754.94,231.49,34.02,287275.14,149612.55
22022.28,13929.47,57827.53,1403.09,453.74,48.87,335875.16,187592.61
22122.74,18686.44,114019.12,3566.68,365.51,24.65,81737.83,135011.32
2759.05,18055.61,47352.55,1291.77,310.75,12.48,450578.74,172189.01
27195.44,18781.23,86561.05,3026.15,135.98,18.11,120125.92,136918.72
49683.61,25122.35,102454.25,861.03,101.73,46.12,341446.69,179025.46
47976.67,13475.21,64158.38,1753.96,193.36,31.64,126545.92,148139.95
2979.56,18205.37,56060.88,1399.55,135.0,43.21,358779.94,175333.5
35584.05,12993.33,35724.63,863.21,406.15,36.2,381648.23,184559.69
15786.48,6160.67,112319.46,1741.87,363.14,48.27,375702.07,186274.93
45246.47,28586.06,52269.84,2250.06,419.25,25.06,225775.29,219884.95
3210.62,5074.1,51417.61,1778.98,93.83,47.5,311375.61,128918.7
46857.83,12536.28,63880.79,2867.97,161.88,44.29,307034.55,183240.94
42036.31,21114.67,87774.92,3163.22,386.59,42.15,365750.17,237957.7
6757.71,8069.37,113327.96,2064.13,90.14,46.95,259520.42,137901.91
3931.39,3886.59,70161.31,3297.81,81.35,26.28,263500.98,169275.74
41900.68,20602.0,147790.17,1047.81,197.7,37.14,348516.06,160101.67
8632.13,17026.64,117190.23,1487.33,101.35,27.77,101672.44,81180.45
27210.01,21409.37,143708.07,2027.0,48.66,38.81,333190.32,179838.53
45871.5,12706.8,119036.76,2385.02,163.26,38.19,91150.86,117886.87
28804.96,17119.9,40247.53,1884.43,439.04,37.92,367920.81,195943.88
20464.43,20459.61,163167.15,2562.97,37.7,21.42,206678.3,141621.04
22805.79,8202.35,125616.89,3327.21,287.39,39.81,422999.7,223606.04
4092.74,5368.35,92339.34,1366.64,285.87,43.82,62437.7,76580.34
48468.86,10240.79,37151.12,2654.63,270.11,31.81,241051.26,163981.48
16222.06,13974.78,41218.52,1924.29,257.7,22.73,100264.37,104064.92
10278.81,6352.06,99159.66,2018.22,18.45,42.66,437054.33,205548.57
15016.32,17625.99,79449.38,1365.55,33.25,38.92,80119.05,80388.07
48254.29,28914.03,126130.85,1612.45,260.49,23.48,252893.73,202298.48
5620.02,5694.74,63557.81,1544.38,484.47,28.99,70520.59,60925.68
43497.85,21856.96,96848.12,2798.42,209.91,34.29,402901.98,262099.97
35684.35,11767.64,41668.03,1690.87,241.44,34.42,155379.0,144882.4
41670.94,9185.32,34852.42,720.38,491.21,15.55,305148.41,137739.67
48818.98,25055.6,36012.97,2483.67,391.77,14.63,101668.97,172934.6
42265.58,17416.21,137780.66,2712.71,387.35,44.37,188770.82,169951.4
47225.74,28407.49,108257.0,3394.08,257.32,46.85,74574.64,144557.7
7219.83,12362.54,152225.48,2396.43,449.98,20.1,284398.91,165547.13
39993.64,11569.64,122931.23,2612.48,294.78,45.67,21657.49,121300.59
27738.11,14818.22,128325.24,2131.68,331.78,23.53,496674.32,256100.06
27631.28,9982.65,86799.59,2508.26,395.9,8.36,219813.85,183008.38
45047.16,26631.0,144545.62,2087.47,209.23,36.64,322134.65,239443.9
48618.39,23696.29,160556.23,1302.56,477.1,2.29,157654.88,176120.31
35537.08,14261.57,121061.59,3566.69,494.12,5.7,141559.12,155315.25
24663.98,15725.29,32890.63,2353.51,297.7,47.05,426144.77,241760.11
23363.79,18227.62,113979.98,2434.91,118.81,25.88,383927.79,202819.97
19930.73,19751.87,38264.31,1687.44,389.7,13.32,328780.17,198923.8
18718.35,5806.54,20842.48,2267.36,167.85,24.02,381106.36,190285.6
20183.84,4975.88,109451.27,1014.9,292.78,28.91,104150.31,69410.1
5397.91,3811.41,129093.02,1691.19,52.48,31.95,468364.28,185273.07
4794.37,9161.3,35361.06,638.43,405.62,17.41,238277.84,97828.82
39213.62,17443.5,29706.35,614.0,479.95,19.37,436981.6,232771.73
22857.57,7732.52,139731.83,860.57,56.17,27.49,373307.32,150825.79
46603.54,17838.19,38440.91,2484.3,368.48,31.33,157242.2,168574.7
30998.83,15311.41,22336.61,870.88,431.81,46.07,293272.11,168764.22
2723.62,3171.98,112090.47,3073.27,63.66,19.61,483989.98,237226.43
8718.64,20118.6,144013.63,3442.93,130.93,43.73,37802.31,115720.0
11085.17,14400.38,91118.94,1044.44,202.02,49.66,224711.23,152255.02
48811.07,17838.66,97560.09,2643.51,420.01,16.95,317859.01,180184.33
11716.51,12727.99,64027.17,1755.02,251.78,1.36,183150.11,117734.09
26272.03,11881.26,49082.17,3010.4,77.11,30.22,172599.73,127699.57
46872.67,26533.99,135735.84,2183.49,135.62,45.18,379371.98,208915.24
48882.44,21489.28,145337.66,1925.42,239.02,2.67,459836.91,223027.71
12581.66,12666.8,61713.93,1262.81,29.24,9.86,278061.6,162909.53
3406.76,18943.62,59858.68,3019.8,319.19,33.81,475140.67,217761.33
8526.49,18545.9,58666.52,1049.25,22.41,40.48,68613.77,76422.52
4103.1,17170.26,26072.54,2630.74,392.63,4.33,129185.78,139005.68
10561.09,7011.6,51365.16,919.97,369.59,18.19,62101.73,66964.82
28859.92,9257.88,16125.69,2046.48,434.07,11.94,229056.46,160916.69
45709.99,23098.88,137798.21,2097.08,87.28,48.24,320823.07,180530.5
27323.73,15103.27,54192.01,674.33,305.27,34.12,116226.52,106073.72
31673.49,20167.1,121206.18,1071.24,392.7,23.78,235298.57,141389.21
10891.5,17510.53,97770.74,1405.23,262.72,43.12,348509.41,175919.61
40228.6,14304.33,137875.69,3012.67,74.09,26.88,326953.89,225006.13
31271.66,12305.01,154098.93,2984.42,58.47,45.57,322055.34,215151.95
43342.7,18739.76,73249.09,1061.09,306.89,11.94,310895.49,157543.54
47493.31,15332.87,30075.72,1631.36,253.83,1.37,493572.95,234592.16
18047.14,17121.69,127395.98,1018.24,465.48,21.44,362682.32,186795.34
5438.37,16148.92,21007.97,2281.28,418.58,10.21,455683.04,224215.81
12070.52,12118.86,47024.77,2635.7,364.64,41.79,476830.5,223351.67
22454.24,19104.94,28005.3,2831.21,491.37,26.65,432645.84,243713.94
47338.99,19921.33,151168.58,3424.51,350.36,14.43,65680.68,136639.72
19537.18,18308.43,20414.82,1181.96,55.26,38.68,274037.37,149281.64
38767.89,12640.46,86559.98,1270.95,48.01,26.34,203125.99,161027.83
27483.36,20404.11,82803.16,3114.12,409.78,25.14,66592.86,126643.53
9957.63,16436.44,112797.13,1087.41,186.74,9.04,290820.3,127767.54
16715.97,9042.01,54246.5,543.33,462.9,49.76,122155.77,76663.66
33006.4,17942.71,146040.0,1741.5,67.94,32.95,299233.86,167374.52
33969.82,23972.54,130658.17,2958.16,107.41,42.74,412346.67,213998.62
22303.23,9826.34,75543.76,2490.9,388.85,37.99,209042.27,148016.81
12203.63,17292.33,70747.67,3316.2,425.26,25.15,475917.71,255686.8
36373.43,26377.04,144405.43,1864.67,434.93,0.49,387904.89,205572.27
9274.78,19246.67,130171.08,1550.81,58.58,33.33,406055.4,215721.86
46896.81,17709.0,77022.21,1581.91,197.08,5.04,73899.87,118459.18
10207.28,14382.01,66004.52,2698.57,326.73,48.07,472099.08,209346.84
6258.31,21091.18,27511.7,859.03,460.21,12.46,36574.0,79292.49
25384.74,16661.48,30176.73,2999.35,127.12,18.37,425069.7,248978.34
26457.93,8034.62,19245.88,1682.62,304.17,27.58,34232.32,96414.69
25901.45,6566.19,13793.2,2440.09,80.32,25.13,97979.57,94489.26
22396.71,20390.47,43478.87,2716.45,376.17,32.76,171365.65,178577.68
49745.93,18709.94,144253.51,2209.83,72.49,39.17,374125.07,195803.52
24827.75,10278.4,128955.82,2894.76,499.99,37.88,451721.8,193893.64
24419.38,12163.48,137338.99,1844.31,55.21,45.4,339919.41,159976.43
21666.54,19602.08,111132.72,3007.35,345.82,23.5,369328.9,245081.87
4274.46,10427.22,103830.92,3008.47,390.75,26.71,159090.96,141335.33
30054.87,23446.72,41727.48,1950.63,136.41,43.7,488180.72,232185.38
12170.42,17265.13,120162.08,1333.44,134.87,14.12,215712.42,115772.79
32242.84,25941.84,66357.3,3245.43,302.11,12.3,458198.63,293718.91
3490.84,18523.99,95110.93,3321.8,318.93,0.46,394042.05,249880.89
49087.97,15281.26,155659.79,2675.78,363.06,36.92,196287.95,169992.69
23981.25,18147.9,145757.56,3682.04,294.34,34.38,184704.92,188578.2
44941.01,9888.79,46724.09,1791.73,95.49,13.84,346150.88,216565.39
24302.5,24687.08,131564.0,1846.72,462.83,6.5,471426.22,273603.55
3956.21,6380.86,25197.85,1561.45,91.64,2.13,342725.34,162309.75
41288.46,21721.2,26254.62,364.4,286.97,24.39,431564.97,173288.31
32761.0,23610.7,27973.83,1832.32,460.8,9.67,483815.75,244490.3
39306.1,11490.28,38877.96,2226.46,457.36,39.67,178401.26,152418.49
21980.32,21429.71,122911.29,1032.16,92.27,47.5,278475.93,153662.19
32258.9,7190.57,63431.81,1158.39,126.92,38.84,312371.91,141311.47
42955.22,17709.6,21479.33,2298.83,304.91,42.58,124244.79,154405.84
31922.21,16089.17,161134.62,3207.08,175.21,49.54,402823.41,267825.24
18036.01,11401.97,91461.44,3416.32,368.13,37.04,145643.89,132875.29
33463.95,18627.29,77014.47,1219.42,265.98,28.37,359299.83,184023.62
33920.86,25123.6,100332.11,3041.84,140.38,40.5,271435.62,203967.71
48068.76,16490.04,93587.81,1067.04,211.41,28.19,421602.1,230663.36
19174.7,15630.51,85688.71,907.99,348.64,21.63,265546.43,125520.49
21829.01,21976.32,111458.65,2771.98,394.72,1.63,301600.31,179199.87
40794.03,23732.22,152401.63,2155.04,191.08,32.15,106914.72,136361.99
25782.35,6450.77,53909.1,2671.92,61.44,44.88,407929.65,240823.81
37092.08,26302.84,96652.72,1402.7,183.11,34.66,213019.7,141213.34
23525.76,6114.77,10420.19,770.36,318.93,20.21,298277.35,135934.69
11559.26,14292.64,141107.18,2397.05,382.32,30.84,426108.21,204745.27
37514.99,19222.39,64733.98,758.07,441.03,40.65,250106.79,171634.8
7426.6,17319.93,58193.99,1199.34,481.35,38.21,151743.03,106675.49
10730.6,5540.76,154075.5,1352.46,269.39,24.56,147395.56,92833.06
31714.42,10340.61,98009.46,1518.18,441.3,18.08,291836.48,179976.75
37616.22,22689.33,40992.73,2524.91,138.42,19.84,159777.95,143344.49
44839.71,12383.28,53407.75,717.19,284.23,45.4,182503.96,124681.53
14356.74,12525.53,66238.28,2205.61,274.3,8.49,132706.48,126458.25
6425.49,16052.24,160820.5,2599.92,386.66,43.15,234217.68,156219.25
47846.29,22768.47,85654.92,2088.85,388.83,9.76,243719.45,203496.45
8566.73,6320.13,43425.53,1721.45,149.82,49.04,272441.85,103252.32
10685.68,8564.36,94462.48,2497.51,444.07,22.42,304570.21,194170.16
15275.14,22450.04,81650.18,2978.5,446.83,36.67,302194.4,223166.9
26940.18,14637.11,24678.95,693.3,474.64,36.47,196280.91,115725.15
44258.45,10218.61,138008.23,3151.02,234.25,38.63,452325.95,281535.66
38266.76,12435.26,17222.9,364.39,493.83,39.47,265595.13,135203.97
35699.72,14317.43,146734.07,2231.83,394.61,1.95,419415.74,236833.93
9583.85,21906.81,137344.96,2269.97,330.06,13.67,287541.77,159443.34
18526.45,10107.77,24080.59,793.4,221.81,11.49,197894.33,114068.86
24441.84,5903.09,114646.08,933.28,422.79,34.93,374551.06,148505.63
8223.87,12146.75,126503.94,949.76,384.43,34.17,104940.84,62968.63
14398.06,5009.92,96342.46,689.69,296.92,14.85,485446.55,178422.08
16108.33,9065.98,96015.05,2243.5,498.6,39.68,294705.23,162790.87
7236.53,21298.78,29243.64,697.09,132.24,15.58,69999.52,70965.32
27961.74,19832.8,29493.21,2592.71,324.46,17.15,222251.97,187302.47
35546.38,8597.28,117334.67,3293.64,167.35,19.94,362018.36,211896.44
4426.65,10134.72,28414.73,1090.06,234.34,37.23,52692.66,60073.19
24575.03,8761.94,47076.94,812.34,176.08,0.59,145462.62,91838.44
39328.35,10763.09,85941.78,1717.58,173.93,45.32,463699.6,242817.34
37651.52,19478.08,44386.2,2878.48,194.64,34.6,190977.43,175332.17
40938.58,18548.01,134365.14,1931.3,37.77,29.33,96398.06,128158.57
22963.79,19578.66,137732.74,1102.84,29.53,11.87,67223.69,93967.75
41207.3,26141.43,148023.91,3695.66,365.21,39.28,317150.07,246430.29
12796.9,7869.68,18483.12,1641.47,162.35,43.64,287903.9,155544.98
18679.72,22234.29,84829.04,1517.02,20.4,25.08,330915.98,207363.89
9641.42,12529.12,137826.36,3380.63,49.93,14.62,479857.64,252359.11
23906.74,10328.63,65929.72,3119.12,105.97,19.03,48856.77,118631.32
20210.94,21035.01,122721.96,2154.34,33.62,20.81,114882.09,108449.28
12805.43,3753.92,93443.79,1456.7,473.61,15.3,132235.68,99907.08
37837.25,18977.88,70527.56,1852.28,288.5,35.61,225002.66,155464.72
16378.49,17847.32,59356.55,1032.7,203.07,17.11,78092.64,99537.66
14367.41,8833.05,106714.19,2020.46,271.03,41.06,216737.56,149519.11
7413.63,18820.82,39432.15,962.51,65.28,23.18,411773.42,179405.33
22502.26,9686.0,137466.57,2591.72,353.9,31.45,98555.76,143156.36
15845.27,20046.6,104621.58,2826.79,485.1,47.4,459958.62,206770.92
19094.37,5850.5,25848.41,3040.58,74.02,22.3,457401.64,247157.16
12563.87,6131.36,111916.6,3103.04,84.77,8.52,266233.87,170259.32
38394.62,15608.12,79997.82,749.78,318.05,27.5,432875.63,177570.84
46570.16,26468.12,55766.3,992.25,84.45,24.83,361520.39,159754.71
25398.66,8399.15,151074.36,2397.28,71.77,39.13,191234.46,151820.03
32506.92,24072.43,128606.87,1490.05,338.54,43.01,289640.72,155719.53
43491.44,13678.05,101926.52,651.29,313.14,35.63,75975.95,115867.85
49942.65,19312.44,143535.7,3006.57,116.69,48.57,257965.94,201609.25
31062.31,13590.78,94733.75,1611.21,413.36,13.46,418389.95,205131.42
44599.19,11723.3,78391.88,683.65,61.57,11.96,300915.2,188502.69
45521.8,28018.4,54884.52,1850.05,172.96,14.56,203374.69,156027.75
39781.12,17000.7,40842.17,3138.12,372.05,33.55,338508.63,197648.56
23585.64,18678.59,82578.42,2480.65,310.81,11.63,488890.61,242993.62
4976.55,12713.03,81286.74,966.86,304.03,4.42,52391.13,60863.47
1774.47,10638.35,119841.0,2190.66,346.27,48.89,178574.87,116221.8
24382.83,17399.83,83022.19,3130.11,326.77,15.73,94850.85,151914.03
25221.41,23061.96,109457.65,804.59,438.39,11.12,479334.81,227493.55
20960.76,18328.74,140378.18,2651.78,288.7,17.94,282032.9,203956.03
28840.2,16651.4,162354.65,3003.46,206.63,7.92,82241.18,136657.93
28055.97,18692.32,66720.03,2475.23,385.38,1.79,313841.63,215459.74
41994.04,20723.5,152362.19,1297.31,137.03,15.27,260201.69,158685.36
6324.2,10210.7,130045.94,3381.34,382.2,16.89,48473.83,131600.89
12033.71,15089.64,26932.68,1169.25,147.19,40.55,434967.04,176248.43
39857.24,17121.06,67149.89,585.8,245.39,21.78,360414.21,182168.34
42544.01,23782.28,55787.05,620.28,372.2,36.84,22514.62,81014.65
49746.39,29343.07,124810.18,2051.03,317.55,36.79,480642.68,233823.17
43772.69,27971.91,107895.9,755.43,51.99,39.45,96448.71,95344.64
44605.05,25425.36,97093.69,2846.17,228.81,45.93,20125.76,116030.13
16403.05,15514.91,128128.67,3251.53,407.81,24.93,225090.35,174703.04
20681.42,19248.26,68728.37,482.42,498.41,5.2,87575.58,90899.1
14136.17,6799.18,65938.42,2778.73,238.73,1.93,293671.01,151114.96
30708.67,15982.59,143303.0,3662.01,52.1,9.35,169486.22,182240.86
47001.46,14917.74,157904.42,977.59,189.43,41.46,108885.48,105988.39
17887.4,4145.63,120888.32,2806.85,250.06,28.72,492965.59,215280.23
28293.09,25010.0,56483.29,3279.79,45.98,7.01,179709.93,155276.82
15518.68,20448.78,37693.51,2600.11,433.49,6.63,219071.97,163747.18
9320.2,12381.16,45239.68,1791.73,274.01,44.58,161235.27,111155.0
10564.09,7568.79,72355.43,3027.76,213.9,26.0,421753.75,242511.46
3839.32,14780.88,51145.77,2408.73,204.62,8.59,114456.36,112454.23
47515.38,18481.7,150436.32,1700.29,23.87,44.84,81275.61,127616.74
20741.1,20313.54,118505.65,1343.06,264.25,36.04,443099.72,213626.54
41871.92,28364.99,88117.73,2026.97,243.03,23.89,108012.69,166435.56
34385.14,14184.14,56050.01,1461.92,179.48,23.25,431810.24,210695.69
10404.14,7346.69,66073.2,1385.82,332.75,33.63,297525.33,134859.83
9597.65,7633.49,80134.13,1016.65,211.41,16.92,415218.42,197209.7
40787.42,10477.74,116886.43,3135.76,290.16,50.0,53675.87,117104.28
13970.87,10978.08,26736.99,2278.23,443.67,39.23,482538.04,251122.31
45750.97,9989.98,136072.76,1741.2,188.3,32.05,163886.1,141319.81
7862.71,4303.26,26938.81,923.93,204.98,34.37,48140.93,65475.75
34207.72,12639.61,53166.95,737.43,434.29,49.8,387145.18,172019.16
40909.22,11799.17,158509.87,1218.84,185.47,0.54,105657.8,110523.4
12527.56,17282.62,46406.34,2145.92,225.29,1.14,188533.7,165146.57
14534.16,5466.13,24038.52,535.76,402.4,39.25,305435.01,130675.58
48261.43,27039.17,119200.1,3480.62,300.01,10.47,52935.87,119573.45
13965.28,7604.79,68087.55,1249.93,467.6,34.26,116928.11,105870.92
22067.9,7031.1,23941.01,294.54,240.62,25.17,254754.67,143095.06
22193.26,5135.73,9651.24,2628.71,244.72,15.93,222513.43,159832.41
13398.7,17126.24,30179.42,1316.9,31.03,11.57,287635.23,141683.83
39013.76,13306.78,91442.08,1551.81,106.68,38.84,369743.77,206566.25
38820.62,18199.35,53038.95,709.19,274.6,8.55,189436.29,124432.33
19537.58,6584.03,123012.28,2630.29,101.68,7.94,214114.73,149044.87
41921.16,28097.5,151816.75,1899.58,232.26,22.1,150743.05,178361.11
11440.67,5233.14,30187.3,2637.62,148.83,5.96,183054.56,153873.59
1210.98,8774.75,60887.68,2233.23,20.2,32.08,44494.0,76055.84
28987.2,22904.61,44576.93,2874.63,242.8,49.6,298459.58,180940.24
49709.81,15217.26,58744.25,2199.15,326.67,37.4,102933.79,157273.81
2893.57,6284.66,44712.37,2583.47,175.73,30.16,363817.63,200430.49
11191.91,18504.12,133898.71,2789.46,390.5,19.73,40252.86,116997.12
26426.82,11115.49,63986.94,1761.45,81.57,49.4,48740.45,84717.09
40687.1,8693.41,83811.62,2516.21,54.73,44.0,156650.93,124295.89
5363.06,9916.93,110648.33,2577.73,468.07,41.03,230434.04,166355.26
20366.5,4817.74,128081.4,759.85,461.61,11.5,352932.01,154533.15
37606.71,25762.29,69285.15,2472.48,209.21,6.18,352248.03,192305.57
19205.62,16856.48,48822.18,1104.37,215.77,8.9,487221.96,192875.48
10252.98,13919.38,158011.24,2461.34,427.01,12.93,188789.35,146099.22
10579.3,6546.85,56658.88,706.16,269.96,4.08,48488.46,63159.98
21092.39,18367.43,116998.82,751.76,67.39,44.42,433406.91,209056.42
24491.44,18604.75,118170.75,734.7,66.29,9.26,370706.08,192983.5
43228.91,10324.82,87794.13,997.73,74.25,11.33,52698.52,104885.27
32470.37,24170.58,57461.34,444.99,392.57,44.41,60002.45,87030.22
34829.7,18764.5,40522.93,686.57,304.93,47.91,248785.27,120635.59
49166.37,25786.38,96246.44,2202.84,156.89,11.09,183989.58,146741.04
21180.33,9862.89,86975.09,1695.67,89.42,14.71,306258.58,151012.2
20764.37,7032.81,122764.42,3557.99,70.5,40.01,125197.24,153717.72
46244.0,23446.57,126683.1,3078.63,373.28,48.51,480482.78,324201.83
13047.9,18590.29,152118.22,1286.24,444.07,32.48,265824.82,167940.81
36760.95,15379.84,158078.66,2099.08,270.23,22.13,380345.04,255174.52
37974.08,8556.82,117383.9,1936.73,388.63,33.73,80376.55,117425.79
5791.61,17614.28,30185.55,1301.07,148.73,39.01,316124.02,151056.82
23943.34,9307.5,71188.15,1893.15,296.98,5.63,435286.3,204274.36
10827.56,9276.64,100697.65,2546.12,224.64,21.76,31035.5,95558.86
10083.39,14767.18,102392.03,2470.54,52.97,42.87,279193.37,158779.95
23727.58,7194.63,37065.05,1320.91,248.81,35.27,138445.58,110865.79
15182.06,4940.33,93479.25,2612.03,424.93,7.69,249626.62,144187.53
40006.96,9002.62,62905.77,1254.04,35.37,37.76,411677.66,177690.59
45472.64,27469.01,76119.6,2903.45,243.78,33.37,351233.94,261916.2
40333.31,14638.63,137641.92,3584.89,437.9,13.23,382159.58,260203.78
14035.51,16189.95,79132.27,1350.4,397.14,17.2,121607.77,114169.24
14432.59,22676.6,99613.7,2873.67,251.79,15.72,419609.57,263336.61
13481.69,16250.63,99617.07,2957.02,93.96,49.66,314716.22,176858.93
7616.87,12262.72,96444.71,2005.44,425.78,9.19,53265.02,94615.02
47246.12,20107.16,51988.35,614.41,85.04,41.47,434100.49,219142.6
20700.34,11989.95,101512.7,2887.49,145.64,26.53,46762.52,109074.5
12009.78,14597.66,65198.55,1607.68,70.89,44.03,33809.9,79842.3
42486.88,27693.81,122132.99,1314.07,234.91,49.09,420198.65,222942.64
20560.57,19978.97,42109.33,2127.83,318.31,48.05,26251.38,82320.36
2720.72,9316.56,156600.01,2150.12,415.29,42.71,62448.37,81866.07
8935.14,8769.7,123962.04,973.77,236.06,20.68,28137.44,49887.37
32323.27,24193.52,84856.27,3376.94,485.65,13.56,442533.8,302350.78
39362.36,11020.3,57512.25,1097.08,301.97,15.97,41453.83,81106.96
11335.79,19334.07,76698.55,1965.29,306.16,32.66,198886.31,150691.67
45952.38,14664.47,121306.78,2641.67,95.89,17.09,124156.34,155789.74
42698.86,22994.54,118429.76,1025.91,103.16,21.74,183997.29,142663.94
42570.66,24735.43,126591.76,2877.25,292.55,3.99,159484.45,178922.47
12155.4,12232.51,143690.89,2698.49,363.23,38.55,446178.43,221139.26
3476.26,4944.79,75118.64,1907.48,110.31,5.57,388978.67,200574.66
43503.75,25673.72,122619.54,2245.25,247.17,16.85,444808.1,243080.8
15984.21,10863.25,77709.26,3257.45,184.54,29.52,365620.46,234704.93
31326.9,13018.65,107939.14,3281.3,224.99,26.56,178567.08,176741.36
38238.38,18092.99,88323.82,866.37,118.84,44.66,109205.66,106816.58
7286.37,10441.46,125969.39,1799.23,78.95,32.93,274294.15,167437.22
39261.08,21671.73,23100.11,1714.14,167.05,39.45,191200.81,146881.7
46987.06,12572.77,46336.3,2999.61,435.77,15.17,328838.24,245173.9
36690.37,16334.02,61050.67,2773.29,404.56,6.61,38687.64,126088.25
22619.91,22412.17,160011.94,2020.86,59.81,37.17,362231.37,182188.11
43957.23,9994.67,86517.44,3102.6,53.03,7.68,163788.4,179614.22
26845.42,14787.18,69660.77,1544.96,251.55,41.71,241875.44,142079.68
37493.78,20879.13,80328.56,1288.1,145.92,47.15,489734.7,251757.98
41204.79,26051.32,91355.29,2325.47,413.48,14.15,123476.21,165584.45
37718.29,19622.49,146533.4,1864.78,248.23,38.05,76474.68,134777.46
15104.89,19598.42,160217.44,2706.07,427.83,21.87,120710.65,137979.78
6774.35,6197.35,132361.75,1949.89,63.02,14.95,188721.69,140823.25
12678.59,9915.5,134972.63,3082.59,485.34,21.56,277392.94,205215.54
25640.87,23999.75,53056.99,3132.79,385.88,32.34,490508.59,245287.72
25758.57,22928.23,62300.9,1195.4,368.62,49.4,437544.02,190619.38
29549.57,17290.0,105259.13,2105.32,470.71,15.0,363179.09,228580.02
20359.99,13844.02,111215.14,2756.93,240.45,35.3,365854.18,186734.93
39557.68,17207.35,48158.16,800.5,82.96,16.74,156216.03,119934.13
45744.53,10795.31,121847.12,3017.36,253.48,12.57,465425.19,301448.26
13089.53,20519.26,50410.12,2042.67,409.46,31.59,278985.04,165541.63
37089.64,23871.84,62234.02,845.42,431.18,38.06,98009.9,124765.96
34220.62,16241.02,62478.17,2930.26,249.39,35.87,476145.21,249607.55
26631.43,11275.37,136689.05,2020.88,368.83,47.13,263132.44,165121.69
10237.98,9234.55,118539.8,1204.9,131.01,5.37,94645.83,78965.76
39966.38,10894.91,90665.31,1119.98,122.97,27.03,372911.44,189428.75
48070.69,24189.04,143214.88,3094.04,297.27,14.54,132219.25,216228.79
36369.98,18629.06,137777.84,3502.47,216.66,40.85,110080.13,162297.66
45975.14,14260.04,72933.83,1561.59,88.92,3.1,148443.91,158228.46
49225.08,22493.62,136303.31,1010.12,383.07,8.79,297572.7,175441.33
18250.48,23245.09,53501.27,659.89,270.75,38.6,160442.94,138593.65
32272.95,9341.3,85441.22,2425.19,264.99,17.73,39590.47,110765.55
24222.7,14285.0,33573.05,1343.05,102.76,34.09,205998.59,112569.07
49344.81,20005.06,82889.25,1750.23,128.16,49.93,132506.05,130813.23
5596.58,4871.86,84350.53,1499.19,349.43,22.99,265494.72,116536.58
21206.37,15107.09,28673.83,1593.43,427.43,26.65,240589.57,125407.82
43901.41,21096.84,88956.32,2411.08,96.83,48.77,57479.88,144968.66
14918.51,6551.92,104733.77,2192.97,408.05,37.32,137750.74,142163.83
39601.85,11437.49,103192.78,1092.26,396.17,9.84,155112.45,107479.92
19756.37,21150.07,29801.37,1673.74,409.31,40.22,252673.58,147086.26
49018.95,16375.84,31924.93,1595.4,295.05,25.79,414665.04,188462.23
44292.96,21650.09,73266.73,2048.97,182.4,39.37,124929.3,144988.03
15764.7,15875.01,139889.44,1120.39,387.8,29.93,95929.6,91723.13
38739.46,24611.72,150804.01,1299.25,245.17,11.37,20490.36,103762.4
17505.97,18429.14,64637.18,1960.89,118.71,40.72,311121.53,170874.31
30711.78,23033.6,127666.23,1537.09,207.17,0.1,176307.13,164688.3
33265.56,19344.8,104197.48,2445.18,234.28,44.4,341674.57,194596.34
41650.18,17594.45,161671.79,1989.34,257.62,40.93,351268.35,195979.65
2198.09,8614.17,25614.7,868.2,449.81,48.51,41457.69,58093.24
11787.74,10248.63,92641.61,2466.75,211.47,1.78,220837.61,175671.23
35883.97,15835.46,103586.33,1760.26,149.56,21.88,484631.69,251130.26
28612.64,8744.06,56607.19,840.11,481.55,8.46,152069.02,136134.27
25284.65,13824.12,22867.52,2559.88,128.55,18.7,274184.21,212336.11
3705.29,8835.23,19623.34,1450.22,15.45,17.99,278150.51,127206.74
18065.52,4787.25,74604.42,3126.73,426.41,29.88,145064.6,146544.6
43389.91,14543.03,117043.13,1246.08,477.68,21.87,394043.06,235132.4
2513.75,15664.94,119057.44,3236.7,344.24,48.28,21767.77,91921.32
20425.38,15855.01,43924.64,2685.76,209.75,13.89,128859.44,137520.76
47312.27,25682.72,149952.14,1151.12,276.44,20.94,304413.09,183988.35
3493.16,11781.05,69113.39,1987.44,417.68,35.03,460300.96,227351.9
37735.58,24701.75,164594.75,2818.65,443.82,13.83,24574.95,133911.02
13623.02,18747.91,37131.48,1722.56,60.24,36.19,308416.57,145769.0
43463.83,11109.32,135173.38,1907.63,435.32,35.44,21616.02,99031.6
37557.33,27063.09,158359.5,3628.94,312.5,35.61,318952.38,235825.58
44399.55,9667.49,132021.94,2792.49,25.82,33.75,217565.8,157610.67
11580.31,14454.4,133845.49,3570.25,63.16,40.87,228538.06,143756.01
27033.34,21360.64,74478.47,2926.46,32.31,49.75,484404.62,271340.02
39184.23,14808.78,120281.78,3071.09,474.79,2.77,347478.24,277985.16
13039.29,14779.97,100829.23,2708.48,218.99,24.86,114279.02,137712.29
12306.57,10022.7,74567.64,2346.47,360.65,40.65,498721.86,195925.25
2331.92,2148.38,150719.9,3425.5,10.84,0.0,143205.31,138905.47
47967.25,10258.45,55322.69,2155.5,398.65,27.26,349235.27,229734.33
35790.83,9507.98,72512.26,680.9,246.2,32.99,346541.6,159865.01
32142.46,8847.48,142992.83,2504.4,462.57,9.59,427868.01,218094.78
37455.74,19903.5,62829.0,712.37,265.24,20.04,211456.1,127151.63
27049.03,16164.18,40070.11,3053.32,396.51,39.47,354062.97,188352.86
24330.56,14247.65,61348.08,2282.08,318.44,3.33,320451.72,211922.15
23027.08,18597.88,129978.5,2361.27,265.06,6.74,229481.58,166089.25
32381.52,7304.41,135522.36,1351.29,474.64,40.9,459659.56,219800.22
10875.21,7959.22,27961.9,1735.53,252.84,40.46,140926.2,102647.13
44514.88,24562.13,114798.05,1667.33,447.27,29.52,127651.32,151611.88
40775.87,26399.73,108376.38,2600.5,27.68,20.81,322586.36,218306.17
18128.62,12673.29,112114.31,2413.36,332.14,5.28,111327.99,130553.0
29351.86,7959.31,108670.62,2091.34,456.71,40.57,418397.51,189817.93
7910.34,17657.28,158248.61,1624.19,450.64,12.09,183044.12,108910.2
48644.97,27489.82,77238.59,2010.85,247.68,45.66,222127.75,172397.78
45241.74,17614.72,62557.98,1751.71,241.33,38.79,347511.61,193262.12
46172.98,14480.02,100861.68,3072.98,407.15,4.05,444848.81,256017.93
17275.99,4812.65,71115.79,3049.16,174.16,31.77,351184.39,208343.91
9287.6,13883.64,84801.28,2725.83,469.21,46.03,65218.51,102455.81
11376.84,20517.82,31459.42,1184.25,132.84,43.96,182269.27,97938.58
5410.07,14800.83,38335.78,402.14,46.45,30.67,380030.2,150492.36
6885.42,8063.43,147080.11,3518.87,388.24,8.6,455720.31,249826.86
4493.92,13935.11,26050.35,3107.09,208.31,34.01,324237.02,205585.27
49501.33,26625.6,111871.59,1027.72,184.33,33.31,306154.41,170511.35
4628.83,10704.45,122976.94,2703.17,167.25,29.44,202025.39,142242.31
7494.56,17984.01,21107.42,1438.46,490.42,13.29,249464.8,142661.21
41535.48,16449.33,50457.95,783.0,290.12,45.01,227469.22,152937.67
29431.77,13182.21,70221.22,3345.6,496.04,25.13,46484.71,149459.04
38946.44,19657.57,94214.58,3277.44,178.35,14.86,30489.39,133772.86
31914.69,15944.32,67286.78,3286.0,212.84,12.76,316353.84,233783.65
44226.58,28399.0,121824.09,1126.42,113.76,14.05,264722.62,157574.15
32284.91,17026.58,51448.9,1783.83,220.88,23.05,137547.59,106658.82
26584.13,13327.68,19357.17,2794.53,40.38,11.54,448520.46,199136.35
35924.73,15386.15,17536.72,2145.64,10.27,25.87,119165.55,149629.52
22922.24,15769.28,67714.66,1698.92,232.01,9.6,356239.44,200418.34
17957.13,11012.21,66250.87,1929.67,375.55,13.55,398414.2,201843.63
23914.97,19379.67,158051.34,1002.2,224.16,5.98,423308.95,206197.92
9315.99,9786.13,19322.1,1970.01,263.82,17.87,422974.37,175555.56
40032.01,15997.22,94657.21,3066.46,228.35,20.3,401207.24,275748.57
13774.49,15285.88,101011.63,613.16,268.13,20.19,239744.08,116527.61
8523.05,3391.12,109107.78,1109.44,390.05,36.24,319477.55,136080.1
13071.26,15893.67,110331.46,2153.83,403.86,24.17,431701.46,246545.23
42261.44,18799.25,21219.62,1832.89,420.65,34.65,221738.9,148408.0
17179.86,12769.98,106835.35,1629.9,114.09,1.66,342010.39,194096.35
34616.44,21448.72,68905.23,525.54,234.34,21.83,96577.44,105500.52
42964.07,23878.8,136169.04,2937.29,417.19,4.49,291052.45,247988.35
4809.49,17963.98,46684.17,1037.9,471.52,23.11,87702.03,85208.09
38486.2,15505.9,121254.54,2575.55,276.06,30.76,336939.68,190463.48
16075.61,10092.36,103770.71,2240.38,251.57,39.84,200878.86,144281.31
11614.5,16752.57,112984.23,1914.35,384.65,27.51,129364.61,128690.75
34756.17,18796.43,45549.56,2039.59,495.93,18.98,193156.76,171539.62
45580.03,21936.14,119579.14,2713.51,218.71,13.22,356680.22,254172.74
15455.94,14423.88,123400.98,2376.51,90.9,47.87,455856.04,253971.6
28872.86,21342.09,93038.16,2182.01,418.81,9.91,25414.86,104573.94
15201.87,7246.17,60149.96,1665.38,358.11,2.12,100567.01,119489.5
28159.99,16968.39,42725.16,1560.73,81.09,6.29,358752.0,190070.05
31471.24,9877.23,54946.06,1798.53,168.52,49.88,292992.73,183893.37
30906.43,14622.7,127453.27,2048.29,281.08,45.31,173207.86,161012.85
31553.77,19758.63,80170.01,1774.02,368.42,16.01,332846.36,165121.25
7618.91,11638.68,116204.36,1291.1,392.52,0.19,436250.03,199923.49
34983.48,14898.73,124232.23,2823.19,86.31,38.36,143829.76,143280.15
34062.77,24569.47,122410.26,1097.61,116.21,15.03,253122.65,190796.06
34446.82,22459.47,120630.64,3338.41,374.62,1.11,29968.32,130252.71
4629.46,11688.56,102918.04,2426.64,66.9,22.83,474078.07,214497.99
22895.1,23605.06,99055.23,737.09,254.1,21.21,404788.99,181974.43
21042.72,12983.67,44070.35,2231.45,277.54,18.09,262443.46,161033.5
5248.86,16917.19,140740.25,1852.09,176.28,32.67,496159.04,233291.01
11896.03,6153.96,149741.47,3545.03,400.2,36.3,125704.94,153170.92
22607.17,10594.39,81115.7,3220.2,37.15,27.96,377105.86,206266.78
37402.41,14573.15,151978.14,3313.08,390.95,0.7,389363.15,279906.66
12616.04,5086.71,153778.58,2515.65,326.56,1.12,418810.79,196509.53
41657.75,18616.74,90391.8,3217.57,258.54,44.09,348846.23,221268.24
27744.12,9797.9,117869.85,2573.79,437.46,9.32,111483.49,133334.2
38260.66,20518.76,114764.6,3211.7,109.1,19.9,63840.38,169472.28
24155.24,9037.85,46633.68,797.32,402.38,5.18,106571.46,113988.46
25460.52,8000.48,18228.35,2813.26,102.01,11.47,431992.89,230777.41
31366.25,25670.44,91272.87,2474.98,495.32,24.27,212957.65,183708.34
46470.56,22629.8,137248.56,1665.74,26.05,11.78,282159.72,189632.93
25098.82,23780.56,71168.97,3349.5,281.07,32.95,32179.04,129665.36
26904.22,15433.66,131090.54,2747.42,92.33,18.37,255885.69,177221.03
30497.85,7250.92,105746.98,3263.14,209.91,39.42,216449.25,160064.72
37138.24,19127.89,121155.8,721.98,82.49,30.1,276588.92,140925.14
4520.67,12291.55,56265.67,1983.11,104.97,12.7,200131.25,143900.63
26268.68,6045.76,77993.48,2556.31,39.88,40.42,56212.26,123062.35
24597.99,22213.82,49118.1,385.43,13.92,46.6,41100.95,51733.23
46162.56,21821.94,58211.73,2602.48,362.46,6.0,475902.55,311660.19
25181.82,20057.84,34074.53,2159.57,232.2,33.48,309832.96,167967.9
23947.71,14921.0,35318.95,1073.4,32.34,31.54,328830.21,187761.16
48147.8,22188.41,53275.18,2364.32,470.1,33.49,459401.02,220679.82
23078.25,10136.31,97243.01,965.83,336.15,1.56,284413.52,190336.7
9863.34,21460.94,86144.37,2920.43,139.49,1.41,315465.36,169239.07
11628.89,10639.82,52218.08,2873.14,224.96,14.74,271058.52,178217.61
5664.19,4798.21,133699.87,2176.38,249.74,4.01,104467.74,125007.62
1027.84,1795.92,82583.15,1984.5,289.26,18.3,169525.24,103727.88
22165.34,17338.42,152721.61,2029.57,430.15,43.62,444483.16,197514.8
38692.89,27414.48,119001.51,1696.48,299.05,17.72,233054.88,195783.66
36939.86,25355.96,27573.97,2769.27,489.58,19.64,117991.78,139216.84
2575.31,14706.1,149218.86,1730.23,366.14,13.38,417459.39,176639.89
28929.16,25602.49,149814.18,2017.34,494.37,21.08,61906.35,138578.32
8559.87,16307.13,110160.03,1520.56,279.87,39.88,326974.54,143363.92
47112.74,16537.94,95772.52,2483.33,342.44,41.54,356059.75,228642.61
9200.88,14063.93,81925.43,2870.86,371.57,21.05,165808.78,142430.18
31705.32,8396.51,81632.56,984.74,379.83,19.84,100104.7,92463.6
16985.68,8219.94,123112.95,1454.32,21.97,9.75,235180.53,128482.14
32436.5,15129.34,91509.0,859.46,72.46,48.78,382415.51,143695.83
21200.67,8675.59,37464.06,751.85,121.58,15.55,445611.95,210942.0
38222.51,26737.77,34825.96,1454.09,143.03,17.13,411361.71,194039.89
12303.28,22374.81,41196.86,2556.03,453.63,21.49,72574.02,129734.27
45383.8,16810.01,54906.97,1945.23,364.08,4.02,126932.76,141753.4
25510.27,19432.02,73867.06,623.84,80.21,16.43,316153.15,177490.82
38048.56,16061.24,147249.32,2649.0,218.91,46.53,360756.85,201888.2
42636.78,11747.79,49065.88,2651.71,129.13,3.72,24194.35,89006.58
49942.6,17058.59,64988.67,1566.0,416.63,12.02,88435.39,121665.63
11973.34,7445.42,43293.44,1027.0,459.72,10.89,65128.12,77978.43
15057.73,9909.07,92059.82,2775.72,90.5,11.75,183732.44,162066.19
13271.22,7347.17,100355.3,671.1,214.12,47.73,346785.11,125319.9
13880.7,5466.87,86531.99,2897.87,476.89,35.43,472733.2,241583.3
29539.79,10647.81,151537.46,3190.04,331.97,45.99,62971.19,109603.27
49682.6,28098.78,171808.84,3534.2,435.37,42.88,262923.85,219852.18
49523.63,12066.55,136075.66,1039.87,185.27,31.24,198783.97,150117.64
26811.89,12195.13,131524.05,1070.12,112.75,27.99,211194.35,115793.03
32312.33,17267.24,71891.44,2990.44,348.74,25.45,52662.23,153635.32
43138.56,16040.71,101901.17,1987.77,77.34,34.48,158394.03,137642.6
46713.74,19936.09,71912.37,1597.34,421.55,35.09,141178.88,125538.35
10989.17,3544.53,121567.22,2370.39,379.87,29.97,364783.35,179370.55
26898.54,18526.82,44736.97,493.58,159.4,22.45,328092.0,174077.89
41809.02,19849.64,52297.11,2228.26,254.37,33.77,325429.01,220565.88
15856.9,16950.22,24170.82,2961.6,401.61,7.83,269243.96,153088.62
22550.64,16071.66,106153.58,2590.36,468.11,27.58,184200.89,154033.45
49295.43,18898.21,119956.61,2046.93,182.56,25.96,137020.18,170089.84
49267.29,17181.22,19232.51,2982.72,397.1,26.73,25416.22,121137.01
45399.23,13995.33,90260.2,2548.0,105.29,25.54,91005.46,123964.34
40123.97,18276.11,74267.7,636.52,452.73,37.51,125543.14,111164.24
14187.39,3845.5,122971.61,2657.99,346.26,37.87,488270.5,235413.38
16721.65,10245.03,18835.18,367.29,84.84,16.48,485816.8,172749.72
27816.86,19281.88,27467.53,1128.3,372.52,17.54,388479.76,199706.23
28478.09,8315.6,101582.8,2393.4,364.79,0.82,312956.49,161986.94
25769.64,6880.31,96291.88,1206.75,373.73,5.66,341028.03,149791.18
32196.84,19656.85,141233.53,916.92,178.99,13.12,308263.55,200566.84
21007.83,12458.17,100845.24,2396.29,372.5,38.29,330478.47,169721.03
37709.53,23677.49,161600.77,1736.99,415.02,39.89,125233.72,113926.5
17343.95,22246.36,68382.86,1987.51,180.09,12.4,488816.92,254563.67
17203.17,22602.92,80780.94,1261.23,111.9,43.49,383186.49,201489.1
7234.07,10245.88,154959.53,2865.44,445.06,18.78,132436.99,162185.9
10246.9,7703.76,26754.02,2831.3,314.14,39.9,266551.01,137082.87
42675.52,20903.07,137128.66,1036.68,235.59,23.34,398824.31,213888.22
22867.83,17323.33,20536.13,2483.0,441.07,35.63,457356.85,250927.09
12165.52,15068.83,87599.49,990.67,76.64,17.82,204245.36,117638.05
38207.71,14416.23,38776.32,1249.17,407.19,3.53,252190.54,145424.68
28145.08,7372.17,97732.69,1625.02,250.5,12.7,168743.69,111671.45
2036.64,5002.42,124736.58,1321.98,30.84,34.85,200758.09,100445.25
16501.71,6811.52,15240.35,394.38,486.58,45.9,129300.49,81874.8
9673.07,4850.67,32627.58,2491.75,391.25,31.41,34357.62,84234.86
33137.77,25190.08,74830.57,2775.67,115.23,38.45,219838.78,169383.83
14476.52,3665.33,45023.12,3215.93,462.61,0.71,245877.72,184405.8
4182.39,13072.7,71025.05,3165.48,468.32,38.0,394350.52,233598.9
3691.81,19714.1,158792.19,2154.42,402.23,41.78,270858.35,190310.39
29504.64,13421.96,30412.46,638.89,72.31,20.63,176670.67,122454.24
2064.45,11191.3,75328.95,507.67,101.33,24.69,242356.56,83996.43
42590.81,22585.94,89347.0,2088.14,379.48,2.62,402143.75,255384.81
8614.46,8407.7,52375.76,2857.52,457.76,8.73,250856.46,147340.52
30721.75,15958.56,58150.3,1167.67,115.36,2.82,286487.85,142183.07
22789.71,20991.45,125432.22,1304.09,235.81,36.57,103039.49,101980.49
22699.72,19574.38,110246.86,1924.2,85.85,39.99,23664.94,92849.13
4518.06,17168.38,136595.34,3374.22,244.22,5.43,466244.79,242378.44
40334.86,27820.11,85991.7,1839.81,324.84,46.08,148623.14,132450.58
44759.57,16673.3,106311.74,2727.43,19.09,41.98,186836.0,158501.79
1539.82,15376.24,146871.27,2175.68,325.03,28.81,75126.35,100260.53
9751.6,14204.62,139806.32,1880.61,323.48,48.91,266239.03,142864.32
45291.31,22557.05,156449.04,2160.89,232.95,44.12,373807.45,225464.8
27925.19,20512.58,60411.44,2630.42,448.75,11.13,349312.2,219951.89
8351.94,16790.15,161318.19,3094.37,76.06,47.7,430689.02,250794.54
10936.73,19959.38,139344.04,2048.82,35.14,22.15,157553.64,126001.63
33339.33,13979.64,131430.84,1533.24,252.96,7.74,171038.37,138582.13
36516.02,20546.09,118235.77,1094.65,271.19,10.0,483475.3,232866.82
30371.91,12040.05,157205.89,890.0,140.68,34.21,239167.9,154883.14
47704.27,21634.94,86334.62,860.12,481.2,49.38,420566.58,225252.89
25209.12,20189.74,128674.99,1220.88,134.33,22.26,313520.98,141244.3
15713.32,19067.19,121581.39,2708.73,142.38,28.66,106815.1,144452.72
24384.41,13569.31,122008.34,3082.0,407.38,15.01,479570.31,251209.87
18623.65,14144.77,125278.22,2863.53,462.18,42.27,175732.54,182009.17
11996.38,9409.35,40187.08,2398.31,272.71,5.76,328059.93,187293.27
3252.2,4446.65,59169.78,3279.38,19.34,29.11,142167.51,118796.85
18258.41,9231.77,69262.25,3237.84,184.16,29.31,296320.69,162718.01
35859.06,25458.48,133826.76,1548.79,119.73,0.06,279734.99,176083.14
1903.45,6905.6,114380.43,1092.69,260.4,47.03,145298.35,104849.43
22519.75,24011.76,145047.5,1269.8,344.46,48.72,494610.02,248471.65
32556.46,11720.11,128711.37,3340.82,202.29,23.37,87528.09,168961.7
30909.8,20781.85,108050.39,937.06,273.31,36.28,232646.02,131949.72
39055.77,19502.27,40894.35,1290.89,382.33,42.44,35061.19,95228.56
40715.47,22232.06,114926.66,2212.64,130.61,5.84,347706.84,237473.54
35873.59,20231.9,149809.11,2628.05,106.02,4.23,241809.72,228232.57
6037.09,15489.01,110651.49,2380.88,404.76,34.47,288844.43,150799.52
24276.1,23013.39,153276.54,3146.97,28.14,27.97,355283.46,196192.37
30566.89,17601.03,163943.51,2577.63,83.79,33.97,386724.2,256789.15
13032.74,4429.6,60628.0,2871.17,16.05,28.6,483597.29,246687.65
3085.04,6398.1,114995.49,920.41,282.14,36.32,434718.14,174618.64
11955.93,16701.46,96655.17,3074.28,304.04,7.75,175426.25,157792.06
23289.83,14792.42,82804.85,2225.03,270.21,10.78,369087.07,171211.19
21282.59,15453.28,52143.35,1007.22,212.99,11.85,56462.92,63967.1
9656.68,14064.66,51909.34,3195.0,269.22,20.83,85379.29,106280.24
41396.36,16240.54,44813.42,3049.3,105.03,37.98,240614.06,183147.96
46358.65,24862.69,116455.26,3134.88,414.86,41.57,240619.78,208455.46
10866.07,16782.14,39023.41,2938.75,490.58,20.06,262760.31,169176.79
46549.07,23738.65,86541.96,1640.92,274.91,30.1,248094.56,155779.54
1875.19,14823.59,92742.19,1224.35,193.43,14.76,327861.77,127829.17
46323.16,27126.61,90245.29,1081.65,397.97,23.79,478085.81,231973.85
47644.51,21639.06,146276.03,3365.28,104.61,47.05,102890.78,155768.76
1590.54,19676.02,85000.37,2922.23,167.18,13.46,191581.98,157787.79
38387.95,10501.85,25412.13,3071.78,470.59,39.4,55647.43,139370.33
48539.88,22531.18,166893.87,3394.4,101.28,2.11,115991.93,178155.71
45389.21,23557.91,146368.95,2665.71,64.94,17.26,493906.45,267439.26
48564.8,19518.76,116321.31,1094.22,277.71,32.94,38987.22,116111.54
27965.85,11713.23,124037.51,1198.25,297.83,38.8,122565.36,85628.78
4829.65,12191.66,33340.98,1640.43,302.6,29.61,224722.07,146205.31
42639.67,16140.51,128970.06,2971.46,90.59,43.46,160481.29,150155.69
31077.58,24443.44,54678.35,875.89,363.36,41.04,281707.13,138582.49
31122.1,13681.87,86847.04,3189.24,128.72,30.88,495414.36,239060.19
21445.43,8215.37,37379.8,2269.89,474.57,17.41,357887.97,196169.67
29020.26,17543.64,128333.73,1647.37,121.7,18.19,214812.97,166249.04
8525.41,9926.94,48601.96,2911.71,18.48,30.75,347809.63,202412.28
37248.73,9819.76,49571.03,2083.88,288.24,32.83,438683.18,224471.08
4675.85,12449.6,30796.92,2380.14,109.4,19.73,129921.35,100764.61
36759.26,18339.86,124159.82,1838.58,318.0,19.88,364126.14,204715.37
42599.94,12397.33,57815.34,1530.37,122.31,8.84,314696.16,189912.76
24150.97,16984.14,93737.91,605.28,219.76,0.01,372233.74,191687.51
25981.69,16759.84,66583.19,1992.83,97.96,23.07,60396.87,108559.18
16298.5,18845.15,132407.8,2968.35,220.12,41.54,371811.97,203161.88
48503.47,17251.31,51641.18,3167.8,76.89,38.33,398252.37,250657.36
36923.1,12735.43,151609.35,3445.5,175.61,49.7,349871.45,219307.86
19080.44,22864.88,69886.2,701.71,107.48,33.47,114675.45,91789.67
9565.56,13356.85,30743.97,3097.23,409.89,11.7,97445.32,154596.89
11759.4,3381.11,42549.15,746.24,367.38,33.87,374420.79,152823.04
23732.19,21250.32,32721.69,382.84,91.74,41.42,330900.03,142905.06
47185.85,13773.95,83986.28,2691.83,50.62,32.05,492145.03,230058.96
36973.17,23222.34,59864.3,3026.39,22.61,24.09,238277.75,173471.98
11546.94,16560.06,146724.72,3587.99,121.07,30.93,130071.9,130762.44
43118.5,28015.57,102396.1,3004.41,245.29,1.29,389466.6,227078.29
19531.83,23235.16,57426.55,981.36,205.94,13.26,379292.14,181826.96
42734.39,14397.88,81952.51,956.37,486.03,7.89,270897.5,164084.68
12843.28,18014.42,47830.71,510.16,398.2,20.67,378103.59,132548.39
31314.37,12941.55,41269.0,1994.06,48.31,44.65,169084.36,126286.35
46406.85,22050.73,66235.77,1844.12,87.88,9.4,123545.76,150666.08
13636.81,14883.41,32610.44,579.97,23.03,3.55,80525.76,79599.65
34953.4,8554.28,39197.32,1643.99,77.73,38.85,159429.4,119673.76
49378.32,10476.71,149398.16,2492.23,269.41,43.4,334191.94,254989.24
8379.32,3302.26,104328.19,2718.21,47.6,26.57,144046.48,129669.35
5331.71,4061.21,141808.86,2010.22,39.34,18.83,444050.68,208068.45
34035.56,12331.34,52107.88,1283.76,67.9,21.53,139886.3,130616.86
17647.06,21715.04,146638.97,2763.66,338.01,32.95,348534.93,203492.54
4490.98,11511.53,66738.78,2417.94,19.49,41.56,273231.05,166654.82
24289.98,20897.38,42626.18,1097.37,485.12,9.47,121542.61,108426.29
37934.76,24434.03,141229.75,863.64,196.59,45.11,286974.57,166097.14
14971.0,17825.59,27909.74,2982.05,174.93,32.87,478271.89,275799.1
17417.3,11615.47,72996.04,2655.31,242.66,36.91,473205.22,233320.01
42439.27,25833.11,144467.12,1405.54,263.75,4.35,159965.14,127052.71
26483.52,20266.67,110705.15,2293.96,215.81,45.92,277514.5,156358.78
42293.87,23450.23,98879.71,2319.75,248.3,26.41,92410.84,149127.39
22873.09,22655.32,74401.17,837.37,176.47,18.11,245137.11,168487.74
47695.78,21713.09,33253.57,822.07,167.78,19.95,174317.56,159193.41
32888.93,17384.99,162598.93,3687.44,23.38,14.65,466151.91,214158.81
6679.04,19193.98,45697.37,1801.72,339.18,8.15,323687.18,130331.65
44369.56,18235.91,56608.46,938.22,312.46,1.73,108765.17,106322.07
24973.99,21320.43,56264.13,2694.29,337.72,13.22,496322.74,267607.74
7940.31,3138.07,139161.96,2160.47,471.12,24.83,353204.22,183411.02
8481.82,2221.52,117512.03,2538.96,241.81,33.34,84644.21,119428.29
34689.16,17739.54,85504.45,1390.28,442.07,36.67,403784.81,221291.0
3321.25,2599.68,145616.09,996.0,227.53,29.78,287628.03,115782.08
15043.09,22551.21,30694.56,731.81,244.03,5.8,212125.41,101748.38
7849.59,2177.19,136323.96,3603.43,320.15,21.58,114232.26,119509.31
22612.79,19026.48,28983.15,2053.32,115.79,33.37,153405.3,136627.72
21303.33,9506.67,69319.29,2856.74,116.5,37.16,100283.7,129649.53
26571.95,24681.65,32576.03,325.29,259.82,16.23,405610.4,196132.36
14702.18,10880.5,158554.9,3112.62,43.62,46.42,151027.99,130528.72
2570.14,1546.05,138823.32,2200.48,125.96,39.77,245581.7,140493.19
31104.92,7246.23,95592.83,2507.36,398.77,42.59,484598.87,200379.82
19312.18,15153.22,48710.04,1382.34,237.23,33.33,497387.46,198601.47
32915.41,26323.97,66191.94,2231.48,23.04,20.69,399808.7,201313.44
6324.68,20870.52,86880.2,637.7,39.76,46.71,403477.1,164268.79
1675.09,7411.84,57732.6,520.87,460.56,45.07,473526.51,145604.44
13166.42,12546.0,18127.32,2507.26,478.79,41.42,402475.0,174320.88
23370.82,7133.05,105863.56,990.27,324.14,44.56,236456.63,138865.46
20309.53,14744.35,105742.53,669.27,100.62,45.83,48949.24,67811.46
40704.83,20335.15,152393.17,3508.09,190.36,37.32,120017.55,192289.71
19514.04,9298.51,81582.64,1277.96,159.68,10.02,233383.65,155645.27
26991.62,17834.56,69250.44,2135.16,394.73,26.93,147396.88,155137.58
30082.26,24060.46,98418.36,3024.95,273.17,30.8,178007.67,188026.19
2069.74,932.58,33976.83,2433.01,392.03,38.67,48286.77,72171.16
26241.54,10212.52,103873.36,754.59,186.65,24.76,285021.82,183226.92
17896.73,8172.78,123192.99,2342.72,436.06,25.64,188758.39,142482.84
21642.73,7244.33,33047.41,1836.45,220.29,49.78,144243.35,110560.3
5914.08,4921.79,55103.0,1390.75,214.51,22.61,312979.09,145742.58
39358.21,20576.94,147292.69,3021.8,249.66,6.5,152853.05,136325.69
47177.81,11938.1,87852.59,3334.88,299.98,35.48,248606.35,174806.63
2091.17,15319.6,94371.99,998.7,448.11,18.13,138273.04,86458.92
30467.27,23890.39,128861.5,1165.46,234.3,12.43,346646.8,190568.88
38428.36,26254.13,109797.76,2779.72,465.77,31.42,429993.41,267941.25
14955.57,16364.54,28180.7,1558.71,202.9,47.72,59221.08,52525.83
39590.22,12267.27,131388.27,3063.08,169.04,15.64,413528.15,221625.45
31985.4,8560.36,145659.52,1237.42,154.57,18.61,428815.12,217001.52
46528.97,14330.28,24189.42,336.53,20.36,23.27,483165.34,198098.07
49069.24,29072.01,45838.82,2353.2,426.08,34.4,417362.2,228378.29
3074.96,19880.72,122690.98,3598.12,48.82,19.8,285147.6,189292.88
22801.95,12507.81,102654.97,888.19,173.82,21.25,53721.96,96351.88
27802.4,12413.42,70395.7,2958.56,132.72,35.05,55735.4,126502.47
8190.42,12083.29,92857.69,1681.63,374.77,49.26,114416.37,85557.76
17478.01,9683.52,114730.91,722.34,466.97,15.83,234607.86,107697.69
49394.72,29482.36,101734.98,2087.74,410.19,29.27,478611.03,261728.62
1795.29,5172.88,29465.61,1056.01,166.8,39.72,104169.75,67576.52
23172.89,12332.86,27834.51,2250.04,233.32,10.61,278622.72,174231.52
42290.08,17330.75,82499.11,1347.2,131.05,40.92,499074.02,259305.69
16871.16,6312.98,143868.67,2216.27,462.75,17.75,26613.4,88595.97
24510.13,12867.11,96171.67,1162.5,68.18,5.55,42551.47,67642.54
48924.24,26991.1,78534.79,2894.17,476.46,1.25,149557.95,137752.33
24268.96,8090.83,143235.06,3499.93,408.69,1.65,128071.15,178495.84
7415.14,13371.46,72048.83,1629.92,358.67,39.88,259328.68,152726.43
3534.35,9136.29,86135.28,1832.43,389.26,33.75,221816.96,152955.5
47325.41,13290.55,32524.84,3112.41,176.28,39.67,300148.83,239483.82
14024.66,3545.49,114759.53,1085.93,154.98,37.65,90597.16,85383.31
25699.13,10970.02,115319.95,3021.6,196.9,19.05,349204.49,228819.18
5444.39,2794.54,122401.01,2357.11,98.99,46.65,123052.98,109975.74
21759.1,12198.81,61911.78,2963.69,375.72,43.9,236956.1,164657.46
46575.17,25614.13,88719.02,1391.64,242.77,17.42,36008.06,126562.33
25618.24,19657.51,45135.56,1184.54,444.05,38.65,402973.08,214300.74
48585.62,28691.11,167806.09,1883.91,440.41,40.98,321011.37,229957.66
13682.95,11563.39,26731.93,281.89,86.37,24.42,120210.9,78809.62
25722.72,19446.67,114664.27,1166.01,117.22,6.02,308840.74,184564.12
43117.01,22097.57,124940.37,3609.0,211.21,16.7,229763.55,222633.72
22964.37,9325.28,35332.01,998.61,68.22,49.44,416608.52,183075.22
14694.88,9358.84,65458.93,485.05,347.82,35.8,492185.82,193927.75
42918.29,19415.33,26785.62,1041.7,371.42,38.74,79769.82,76646.44
20104.58,20055.73,101752.78,1793.1,363.46,45.6,255251.17,166133.86
27005.44,14906.44,161191.18,2494.54,240.4,10.14,143851.04,163497.14
48849.83,14710.93,79102.06,694.35,423.18,48.42,379847.44,213599.02
10137.68,21900.12,166071.29,3222.6,306.86,25.91,36542.4,109901.73
15768.63,5907.51,28028.7,2634.1,496.87,37.23,281396.03,181710.56
2522.41,19644.32,77621.33,1106.27,409.56,15.91,431405.71,162128.55
20200.05,20316.41,152038.05,3175.6,363.91,16.47,206857.44,186563.5
10808.99,19020.22,147337.02,1884.82,70.42,17.98,422190.53,232235.28
34321.71,22865.24,70212.97,1678.08,417.97,17.4,90507.4,141057.07
9884.75,6536.28,108627.56,3358.66,159.73,3.13,460796.32,245906.22
34065.82,19648.52,149212.04,3432.58,215.27,15.48,399897.17,259294.13
13910.3,18038.68,130628.18,1840.96,236.75,32.37,207727.27,135718.96
18405.67,18722.01,111106.65,2071.05,172.34,45.1,82701.33,105903.11
18094.17,9414.36,34654.95,1104.19,63.14,2.08,269802.89,139861.09
36120.84,11256.0,24590.19,1717.71,107.69,0.83,341804.62,162894.78
23858.95,11670.19,103456.37,2594.81,403.7,29.62,81884.74,131986.45
18703.65,13597.7,88418.13,810.83,329.61,34.98,467923.68,174256.67
42778.51,20244.43,55710.86,3046.09,471.99,30.41,386096.83,252938.92
29025.58,22625.65,65552.14,2512.5,412.32,48.65,476783.04,250121.65
11477.71,17791.71,76086.01,761.01,207.09,11.44,163636.82,96726.23
45104.47,22705.83,95015.19,3095.14,395.24,24.06,228046.52,181132.4
17789.86,9196.01,68944.36,2601.4,292.45,45.8,135252.44,118443.35
2909.99,10420.17,69493.43,1355.53,150.29,30.87,151416.07,89354.95
25235.41,12088.08,31451.72,1769.41,487.79,28.86,89737.61,103013.79
7072.96,6495.69,135707.16,3272.91,464.96,46.64,80113.27,128108.5
12684.86,3236.76,95916.75,3387.15,64.98,16.95,341976.53,180583.8
37608.43,14641.19,37897.77,1104.61,421.32,7.86,95332.8,94516.53
7406.84,6975.63,72042.3,2346.83,48.07,6.46,84048.86,113491.46
40540.27,19760.15,81231.93,3000.88,465.12,41.09,276601.15,219896.64
46908.46,11096.58,100967.29,3470.52,315.84,42.85,357919.08,247236.14
30720.07,11919.15,102821.41,819.19,91.63,11.69,393458.46,207345.27
35807.6,8534.53,105384.83,2087.43,410.46,22.85,298514.74,171395.51
35965.74,20200.8,122356.58,3245.41,262.73,29.24,116749.48,145479.31
49647.59,21509.21,37193.71,295.13,39.18,6.95,295150.45,159621.5
17735.37,10627.94,57716.07,1656.56,401.23,42.44,320382.72,171465.96
8979.97,5169.02,11650.65,1852.43,396.29,20.94,143886.77,103742.16
26439.19,24467.28,90496.84,2079.31,246.21,43.17,89352.95,137205.23
27129.24,17321.5,81124.56,2630.66,368.24,38.0,464312.34,210401.74
9717.71,15686.25,124026.41,910.15,29.67,14.75,66054.64,68647.64
31042.36,17069.77,42887.78,2592.15,165.87,35.83,153047.08,126325.31
1692.11,16565.82,109819.35,1470.29,339.88,37.04,131095.18,98570.04
46455.75,27270.56,71287.11,2846.7,123.0,15.56,448152.47,254301.98
13964.14,10755.68,68982.44,1661.43,230.7,12.69,260940.48,168407.44
2938.45,14543.18,120931.14,829.12,466.65,41.17,479158.14,194712.92
6304.22,6243.65,20369.39,2997.2,415.11,33.9,417545.23,184525.91
12772.2,15765.61,67316.01,2700.17,283.42,36.98,382338.15,209004.16
14421.4,11167.82,70676.12,1462.05,292.59,15.65,104854.16,128769.16
2607.69,1153.78,109706.67,1431.61,444.63,36.11,185289.81,103485.35
14688.39,22070.47,51543.92,2065.71,432.9,35.72,413729.78,184326.81
10454.15,19525.44,157995.24,3753.13,53.27,16.66,492094.78,280336.12
19552.43,10081.8,157740.92,1730.19,238.13,13.52,441401.98,218120.61
19873.22,23930.91,142886.7,3564.42,103.52,21.57,475237.84,299031.08
17611.38,10206.27,56623.33,1341.24,50.78,36.95,328087.89,126587.54
17068.27,12861.12,111549.56,2699.63,153.27,9.68,251752.29,202051.71
5396.83,18178.92,31599.6,1365.03,309.22,43.71,267066.34,158330.18
2235.04,6886.64,136844.81,1030.88,399.24,12.76,240076.07,115366.84
10903.6,11466.26,88991.97,3259.91,457.11,41.98,94337.78,122005.87
38075.82,21094.11,47458.97,812.69,217.25,7.79,166765.8,112868.92
49549.68,12954.05,62838.64,3153.8,216.94,36.97,63379.56,132599.41
46497.78,18035.39,135536.01,1077.27,85.09,28.07,62508.88,100563.17
25706.75,11674.84,140522.76,1576.76,105.47,33.07,169680.56,101476.57
27059.37,19108.97,95645.62,3248.91,60.22,48.71,339740.41,193813.94
16414.5,6434.3,79792.61,2408.73,488.19,2.63,314580.83,195471.04
38923.03,12822.87,124114.83,1270.08,72.52,7.46,288542.27,195847.36
38473.08,22066.45,142450.66,2529.32,380.75,3.95,379487.49,206794.41
42369.35,12020.24,125518.98,1250.73,165.7,25.98,222891.97,128553.14
44879.72,17705.32,74906.32,3010.41,273.2,40.14,232208.9,166344.37
22283.11,18857.8,113165.47,810.33,437.63,2.74,268648.83,133448.43
38576.9,23142.01,147830.8,2375.51,468.72,38.97,51963.46,152582.75
40513.54,10452.89,35367.6,460.91,127.71,21.65,299212.22,154818.94
16114.52,20336.82,77549.27,2503.31,456.52,47.07,380114.9,229032.65
46532.87,23924.03,32348.97,2975.56,133.51,19.13,146548.34,165785.98
5622.73,8240.79,70879.84,2864.49,404.35,49.23,430310.66,231225.89
49719.19,25337.99,137251.3,1864.27,17.47,27.83,147783.85,160942.15
38734.45,22448.72,51528.1,1044.66,272.26,49.5,266342.48,175743.73
5570.27,13331.43,94238.78,922.17,365.65,31.59,439747.68,183706.43
33155.25,18021.43,24722.08,2757.12,421.08,17.32,374301.71,259626.77
2674.79,15361.68,147448.59,1072.46,422.15,40.17,296541.17,145197.59
38739.16,27733.4,146087.4,2654.04,156.45,24.35,318911.08,230507.4
40161.92,19814.15,96890.66,1649.53,428.04,15.44,72265.54,121157.38
30518.1,22373.62,125238.01,3613.95,168.59,23.92,355674.24,262226.25
42986.16,23610.57,38956.3,1770.37,124.55,43.6,313724.37,197381.23
5796.28,18347.52,142233.39,2402.66,10.72,36.62,60576.44,94389.28
14520.27,22017.29,126326.75,3393.51,125.5,8.69,79668.24,124765.8
21294.7,8524.06,29214.52,3058.02,68.04,41.93,486082.64,231064.22
3080.44,4342.55,150673.99,2545.92,340.72,21.57,105493.52,120347.5
22962.59,16526.38,21488.02,2516.37,80.95,4.14,449971.05,215640.16
13995.46,12060.35,105782.35,2469.74,296.84,7.36,152400.26,123398.57
20244.02,15677.9,42446.79,1551.7,71.97,3.31,210138.3,153694.82
21830.03,20427.84,125634.63,894.39,355.17,33.83,286634.86,173786.42
44091.17,27486.67,37198.24,2367.45,149.92,12.88,320416.77,177494.78
14246.71,11488.95,25950.79,2260.52,161.26,4.82,258933.96,150174.83
44793.41,23458.37,91379.0,895.33,323.79,18.28,187250.08,148423.08
21872.58,8712.1,156101.05,1547.7,470.08,43.35,259369.94,175218.99
17062.58,14336.28,56563.88,2505.99,495.88,31.44,356329.93,191728.24
25623.09,6049.81,98656.43,1027.45,185.06,24.31,210311.88,120232.25
21469.42,14617.02,91890.48,2563.16,473.7,36.66,281718.05,201263.34
13611.24,13856.31,138192.39,2873.1,310.04,3.79,202003.16,138433.8
25631.29,19967.44,62819.45,1438.79,454.17,44.14,178364.85,149814.1
8438.28,14852.61,97349.02,1335.47,23.65,8.89,163432.93,121189.42
18244.57,11137.65,151750.53,1940.57,26.25,1.07,127497.91,134986.9
28723.72,6356.5,58310.14,1433.22,46.54,18.12,385169.63,175839.9
21257.0,7003.38,74316.51,2231.94,404.15,2.92,492270.31,214955.87
41371.71,27749.02,156077.15,3037.55,77.6,8.35,33917.03,142056.56
13579.37,21201.37,70173.43,2949.95,96.53,36.95,114110.14,139167.45
48518.81,16543.08,73432.16,554.14,296.85,20.24,482839.91,218924.56
39451.38,13437.91,59847.55,2506.24,479.15,0.34,184052.1,173744.83
48412.06,18692.53,137336.07,1697.82,287.89,32.19,206707.77,159571.65
42068.69,22367.57,157800.17,3321.06,368.97,35.36,338224.53,216069.98
7963.09,9050.76,103749.94,838.33,101.99,45.1,189288.89,90023.68
26796.54,7171.54,101163.6,2204.22,457.95,7.73,256496.22,159987.46
9328.95,10220.29,69726.76,2039.79,37.38,42.86,452345.38,200423.62
41093.14,13800.11,17850.23,1136.13,148.58,35.44,291096.23,156631.8
29623.95,12760.92,40429.69,3116.04,232.32,28.18,340102.58,231515.3
13909.02,6459.47,31546.14,567.81,120.82,13.09,124200.21,67290.53
46550.35,22657.45,39928.85,695.2,335.24,22.89,145497.13,126718.78
6644.12,12098.13,109515.36,2515.93,342.61,9.91,447947.64,258197.82
28629.26,11507.68,33976.74,1761.35,113.81,35.88,460439.54,246619.64
36330.99,18566.52,32270.14,1028.31,14.21,35.18,407349.99,165413.94
3883.58,10884.52,69181.93,1328.3,46.42,9.58,78591.34,78758.29
30294.95,22080.5,58772.69,849.23,10.21,12.63,412895.59,205883.29
40979.16,27337.53,48019.8,2856.61,453.64,45.06,29229.31,139406.6
4308.84,3909.84,29316.42,1898.19,314.62,23.58,306346.14,123436.18
26099.91,22956.29,60514.86,1112.59,77.83,27.56,344125.93,198054.9
13669.3,16977.4,96425.14,1723.05,55.33,47.93,224673.26,156520.01
33483.3,20701.45,131485.03,3386.81,410.62,10.35,250022.46,228657.87
6815.19,9161.91,135982.14,3351.75,407.41,31.36,376087.67,198772.21
46915.52,16589.31,127227.04,936.54,464.42,38.7,449540.79,221328.48
44841.7,9578.31,103753.57,2515.66,88.04,15.97,110882.14,149584.28
10112.75,21675.54,153946.0,1313.35,265.91,15.44,86472.65,89136.59
16840.03,15694.87,92917.73,1176.15,69.52,44.84,322396.2,154625.69
29794.11,14304.23,108280.13,3147.6,399.86,4.97,130764.61,148169.13
36185.05,18340.5,79357.38,3092.84,212.12,7.87,113227.86,175684.75
22690.14,5828.31,57133.35,625.47,350.95,20.55,117675.84,91524.63
8658.27,5617.85,57592.49,2922.34,24.85,39.92,114482.51,113066.35
6103.42,13876.2,37606.97,2400.67,391.19,22.75,249016.7,138867.34
49988.5,20525.8,136927.3,3034.2,122.45,13.53,482907.17,317330.37
23312.25,20510.41,29436.7,2543.45,422.97,21.01,417473.59,245635.24
43754.06,22096.29,120506.4,2173.51,101.07,22.27,280801.08,199226.15
24636.42,17155.28,144070.95,3566.39,397.15,36.35,58959.32,124878.47
46195.52,25636.79,97636.54,1169.23,75.71,43.44,343007.1,180225.27
5300.21,2891.17,17492.05,1651.86,335.07,16.06,236548.38,136009.83
6586.94,15289.68,79352.28,1420.56,391.84,35.43,393612.77,206686.29
46551.98,23764.41,73779.39,2853.95,199.25,35.07,257099.53,225766.99
47427.16,15351.12,160184.1,1140.75,129.72,38.35,340771.39,158475.94
16421.15,7599.4,111312.97,1914.23,178.82,28.76,116023.78,91143.15
18403.08,8350.74,116277.76,2924.47,155.33,0.73,419943.41,221950.53
23170.06,8997.76,86993.11,1440.75,320.2,32.79,394123.55,192345.44
21391.92,14992.14,119858.78,1396.68,31.84,30.61,199526.98,135156.43
10312.22,5207.16,113938.52,1431.09,30.3,30.58,482549.19,202839.38
45020.39,22360.15,32510.16,2331.96,151.01,14.06,96989.49,157780.46
13412.07,5231.44,41463.1,1138.99,145.72,4.89,29606.36,60531.06
35558.35,8136.02,13389.11,1334.73,96.76,9.47,386305.98,193345.85
4290.63,7584.29,84989.5,2107.38,361.24,10.81,308272.26,182510.84
2898.82,4821.03,135847.8,3507.44,21.64,8.68,73242.39,132888.09
33032.79,26385.47,114493.78,2976.08,462.88,12.23,96563.19,175609.37
17611.78,9930.78,85474.72,1064.69,381.17,3.43,82821.84,98334.64
33117.51,11453.75,148428.05,3403.08,207.45,13.47,100089.51,154317.91
5607.04,5458.42,34338.42,2721.52,430.88,49.89,241475.51,135404.27
47542.72,17298.68,29656.56,2409.43,312.9,25.57,44461.9,131626.56
37677.21,19849.5,153888.93,2368.47,289.41,17.22,269305.52,221259.43
43937.09,24535.35,155531.64,1080.12,163.38,36.02,310579.22,175902.71
7687.06,9146.65,111348.33,2720.11,334.92,23.47,369136.72,180298.92
16687.89,16044.01,53502.19,1870.7,78.45,1.47,474095.94,187247.16
19048.86,13709.94,156583.74,1781.27,267.2,27.37,59589.02,104249.03
27321.46,22470.95,133951.98,798.58,66.89,15.2,36875.78,75463.4
15546.56,14705.63,114479.22,1342.44,228.12,28.56,86786.54,88860.65
3970.91,6947.07,42879.8,2070.9,311.97,8.66,181911.06,108996.0
19075.04,18034.96,93825.9,894.82,86.2,24.13,272173.62,139448.84
13472.92,19185.84,139622.23,2698.83,118.84,9.68,22057.23,106394.86
19910.14,13558.12,140584.23,3179.97,408.5,14.94,352337.44,205133.9
10651.02,21880.55,103911.81,1542.28,135.3,34.36,479303.56,211478.62
13832.92,20408.97,97132.29,823.42,56.82,11.38,139893.88,91724.98
31720.66,10684.75,114711.95,1078.69,172.04,20.86,24222.58,73265.73
20019.54,19845.65,97472.6,1625.3,468.22,3.66,381557.76,202437.38
17923.79,15803.31,78206.4,2849.99,349.95,34.36,389624.15,199540.09
27161.38,16361.1,30474.63,2091.78,291.96,26.95,40884.51,88718.78
38821.17,18286.04,37906.03,2806.4,421.81,40.69,316314.7,179233.16
19564.53,21054.42,132083.48,3644.26,333.49,26.75,136563.07,151059.81
29788.46,18369.71,23272.06,803.8,407.46,49.71,323779.84,171167.04
48343.93,20654.05,29107.47,2260.52,332.01,12.06,368661.7,254552.98
26577.03,6768.17,141587.86,2160.84,433.49,37.11,126916.74,112098.45
45580.08,18357.92,121765.92,2139.92,315.76,21.62,145164.6,166408.09
39889.96,26184.8,26558.69,1176.98,139.79,18.8,313555.68,163617.19
3877.22,15154.31,62369.74,1405.13,30.15,36.58,299486.06,142780.32
22025.84,5898.77,120400.19,2663.22,61.61,47.78,445360.03,210165.25
35217.6,24781.37,85377.21,2327.21,261.1,37.78,264976.85,150209.96
49348.88,26489.79,94167.51,1494.5,486.17,16.51,403888.34,224651.93
23460.44,15852.43,84207.81,864.92,382.14,25.49,371363.4,157336.13
5546.49,2046.2,35946.45,1956.63,389.97,10.86,339536.0,151942.9
28538.45,17175.07,123341.81,2860.96,335.26,31.01,112051.03,137391.56
7201.63,3004.81,22339.77,1831.7,452.71,20.13,152653.01,114425.2
37824.46,14312.28,90001.24,560.59,370.38,11.41,292049.35,144910.05
25876.17,17938.97,43994.77,1138.69,136.6,1.05,51652.96,82152.41
36448.14,25591.43,32220.4,2518.98,254.75,46.27,41623.71,152230.89
43598.73,16196.76,38727.77,2447.03,208.13,3.94,43912.16,114691.97
31818.45,23634.15,149960.89,879.99,91.04,16.47,462227.69,185161.35
31009.53,24609.95,50229.37,1715.01,118.96,9.52,350661.71,187164.84
37973.94,8505.14,52167.65,1629.06,149.73,24.71,421645.52,185409.27
42280.3,13624.9,35923.67,2171.23,95.09,9.75,482440.08,256166.53
43583.64,23059.04,130101.27,1112.95,116.48,36.81,356465.19,167977.71
2785.08,15815.46,82242.49,2313.32,459.03,11.24,267354.22,133272.86
28253.32,13802.79,152869.32,3610.41,178.19,9.27,249928.6,223823.83
11597.2,15626.15,113827.99,1747.21,415.48,10.84,378093.06,222146.2
43156.95,21068.48,98906.22,1572.86,41.55,14.88,436590.68,235641.4
32771.49,21479.91,117395.41,768.97,491.09,32.09,418215.74,189078.47
21590.9,18832.02,25927.3,396.08,384.75,10.48,256613.75,113433.93
10217.11,4217.9,146220.06,3532.66,454.29,34.84,391284.34,246026.81
17612.16,7108.31,149368.94,3675.8,267.7,21.51,248761.49,192242.61
35485.11,10185.2,53188.44,382.3,320.92,9.85,204505.09,138228.14
11013.62,20886.08,112811.71,3276.03,186.8,12.0,162882.35,173017.02
5585.56,19431.19,49822.67,853.6,221.7,26.37,46181.91,51210.1
44513.41,24952.22,104345.19,2249.67,377.86,18.93,116558.02,132676.13
38446.31,10465.27,125136.66,2692.29,34.48,25.69,370403.39,250252.29
10789.95,13856.28,152359.18,1903.07,27.91,40.63,102421.19,114834.41
15323.27,7215.65,59958.97,1933.86,438.71,2.29,452564.99,237689.45
48631.44,17409.77,119486.08,2517.3,63.9,19.68,57719.67,154540.64
35701.04,12848.49,119160.72,1258.19,363.3,20.77,44540.9,96306.81
30915.58,22847.27,55344.39,3260.07,107.78,12.55,250919.59,194067.75
16073.8,6531.56,101434.91,1198.43,189.44,22.09,126878.69,120176.37
15657.13,16231.92,113021.62,695.09,153.84,28.33,69417.41,71360.41
2936.66,20273.28,132009.66,3498.47,250.26,29.25,48736.61,116149.73
36695.61,21236.69,166981.7,2179.38,415.06,33.49,273102.33,201178.33
3115.59,2668.17,12968.23,1320.84,439.01,3.84,144542.82,89669.96
1238.01,18450.67,49094.77,1144.92,118.8,23.0,286767.88,165436.86
36745.26,20389.11,42347.66,386.65,175.45,37.88,91182.94,97696.85
47494.81,18897.03,42510.56,1079.8,420.09,22.75,31723.53,103890.41
38068.65,20977.73,87648.24,1678.81,53.92,32.82,33084.42,104618.29
24110.37,22463.44,150358.55,2360.75,67.28,29.52,74082.97,117392.78
24816.22,14767.22,81878.65,1836.56,244.99,23.24,402100.36,194404.55
22370.68,15334.91,114197.58,3220.19,397.17,3.95,235286.72,171485.54
16907.54,12704.23,69755.76,3091.64,174.63,31.66,319453.01,161250.31
26564.0,7228.33,57133.85,1305.42,44.02,26.73,439994.93,207228.35
22126.4,20273.15,142182.62,3593.62,484.26,0.28,122050.34,185317.58
30310.23,9027.07,107276.05,3144.69,470.07,10.34,438247.33,246749.37
45007.88,17195.69,69636.37,3138.32,329.43,3.07,377905.02,244960.86
49755.46,17994.14,151948.55,2908.1,344.12,28.51,369928.69,217144.59
4858.42,6932.48,82830.16,1089.14,467.51,0.76,437953.64,192532.6
19849.49,12318.79,42154.87,876.93,325.49,42.12,80421.29,81504.42
9854.6,14522.1,86684.85,3168.51,396.32,47.37,279440.54,186448.61
18253.9,10222.83,111009.69,2125.48,237.12,48.78,252095.99,136507.58
15086.18,6881.22,63736.3,3001.04,121.72,11.33,338719.78,198345.41
9552.32,19363.13,142839.29,2903.79,417.94,24.76,134234.66,155560.08
38439.73,27119.18,104001.22,1236.29,345.35,44.56,81116.6,111659.65
25318.15,14506.01,84430.7,1637.96,151.89,34.37,487253.14,234353.29
46043.03,16085.49,142381.55,3618.6,315.41,14.94,243527.13,242141.13
2597.03,1945.31,73679.33,525.19,410.08,41.7,131369.74,73538.24
4281.92,2074.99,66749.46,2506.04,142.47,28.7,81754.94,86803.95
20760.41,12313.28,29889.5,3087.91,386.39,36.5,304927.17,189444.36
4933.59,19626.44,73262.47,768.34,45.45,48.47,90925.89,67878.02
13873.75,17523.57,76590.86,1271.73,316.22,49.88,107860.46,111372.01
49315.46,17173.85,44929.31,1910.98,499.48,25.24,477033.31,240927.37
11239.02,21624.71,107534.13,3084.59,434.52,7.83,33999.52,103931.69
10707.77,11002.33,34658.97,1742.18,439.07,30.98,109678.51,109936.8
29108.39,11719.14,46810.33,506.88,343.38,32.19,342185.12,147392.07
25401.92,13894.27,97473.76,956.2,235.98,28.61,124109.13,92910.55
29441.48,10513.39,52413.33,1452.3,341.84,21.1,107331.2,118187.97
19460.03,21661.96,115081.47,1610.78,167.38,29.08,287120.12,155355.7
41511.36,15845.15,117800.52,1326.07,280.86,26.7,354059.08,175049.64
7790.45,14888.48,60597.9,2839.36,274.44,47.23,226703.72,136902.29
21991.24,12484.67,27658.95,316.25,276.43,41.88,395018.17,150891.21
34798.33,25043.43,96005.26,2985.12,211.87,19.68,411300.83,217929.08
43543.59,21735.14,35858.38,2952.16,182.87,28.54,319080.45,208356.73
19109.01,13842.71,90783.34,2381.24,171.87,28.3,297353.13,164227.53
28819.53,8840.69,117374.14,2500.39,120.12,25.54,411826.45,211134.14
4387.86,18964.95,110119.78,1082.75,224.89,2.9,27214.37,60804.05
9345.64,13032.06,80424.45,2150.24,67.7,35.63,265104.72,158461.45
4387.77,6936.09,147698.36,1926.5,451.77,36.56,81791.64,118400.38
36666.16,24952.81,39715.59,962.82,44.15,24.21,126347.25,128367.72
15114.94,4584.58,136267.88,2473.0,420.34,45.08,475519.63,218346.79
36463.52,13917.2,132152.45,764.21,128.21,49.2,21780.91,59799.17
4253.52,11818.86,75317.18,1278.18,428.08,40.65,167366.73,104621.27
43264.84,15779.35,39789.22,2201.47,362.93,46.39,94093.29,130017.15
41940.98,18184.51,42148.3,1630.36,461.28,24.38,293800.12,212388.01
5357.51,6725.67,144042.37,1242.57,436.41,45.71,425244.76,183505.48
2164.07,3469.43,41662.72,312.14,353.53,46.75,207626.62,71290.4
3758.15,1970.29,133323.01,1550.89,84.32,31.18,421848.99,174454.96
42827.88,12139.68,87689.55,2130.72,279.03,7.54,231313.5,181859.26
12500.47,21582.55,89217.56,2096.27,176.52,7.62,456341.1,235806.97
27865.39,17293.44,108663.89,1023.43,444.03,23.62,426533.58,206435.23
21885.97,14411.92,47710.2,2118.27,437.39,36.78,105833.36,126729.38
39980.75,15990.47,79906.12,3396.41,163.88,25.07,444830.73,260399.16
24956.02,19305.4,156524.56,2578.74,339.13,39.99,112430.76,133397.67
25532.38,8361.04,46236.08,1861.33,175.76,38.49,255389.48,157960.69
49465.51,15777.63,151251.72,2661.89,342.31,10.18,114081.88,143360.09
8356.35,14961.36,161129.49,3456.69,310.8,6.64,205501.99,181314.7
41704.49,18182.65,27072.67,2978.76,260.36,35.29,493090.06,240074.26
3535.74,16223.95,95029.13,694.14,440.42,16.02,387267.29,200134.61
24404.79,22874.6,48213.48,935.55,130.56,46.57,285955.41,149794.58
44430.41,25441.85,115502.04,1013.23,400.76,43.43,469029.69,193186.44
33595.48,10811.15,157132.6,3125.49,347.86,22.56,192657.69,179992.45
34575.52,9198.77,142406.75,944.17,147.82,29.03,103138.81,93910.78
13902.55,6584.6,144370.71,3439.49,216.63,42.36,417897.25,232135.53
21510.16,20080.88,52000.43,419.61,43.82,43.57,25844.17,41617.68
18962.47,22112.2,101326.1,2354.02,302.81,27.85,406205.79,214563.64
26550.72,23856.4,58135.61,1189.85,445.07,48.6,30491.44,92348.57
23649.17,11045.04,144252.62,2185.9,67.73,26.05,156502.61,134291.77
17018.02,20290.26,48949.54,1626.22,74.68,2.06,190639.84,131105.5
15968.55,14150.3,38644.28,2465.01,242.54,28.13,172893.98,122540.05
13291.79,19202.8,22125.82,1650.89,147.8,38.85,136847.38,134875.73
18887.32,14970.58,43358.9,1538.33,145.7,49.25,71925.66,102567.38
8347.13,5014.34,36527.09,2400.44,322.95,5.27,21526.43,81745.23
43733.11,10791.4,24869.2,2909.19,211.03,22.03,391861.69,222200.13
30503.85,25266.54,151035.69,3157.55,423.88,29.33,239319.56,178420.32
7555.53,10314.26,126351.09,2868.23,220.16,44.07,97733.16,143302.68
34999.11,14334.97,53367.8,1781.23,311.48,35.79,59444.97,93093.05
42535.66,15955.04,131336.4,3367.31,204.97,11.56,153650.14,196648.01
12639.25,10417.07,74547.52,1883.05,135.45,42.97,190099.58,122311.8
8379.43,20603.32,133933.1,3467.49,240.95,33.21,241480.84,164539.1
1422.25,2007.19,53441.86,2695.68,363.04,44.76,68505.69,94122.02
3315.27,3484.75,89662.66,984.07,476.88,41.72,490363.2,191038.13
38350.32,23568.27,79188.14,632.22,30.66,6.46,148998.23,108621.03
49372.13,21087.91,49083.32,2493.9,270.6,48.02,231822.03,205523.43
3199.14,3646.29,92833.8,2553.1,321.62,22.71,360327.41,176416.71
37655.48,8703.07,120832.92,2450.22,52.0,49.13,168891.34,118592.84
4521.25,5776.82,118821.99,3525.2,416.29,9.35,59598.54,116526.16
30014.51,11588.71,65932.93,2011.33,145.22,39.67,200739.42,149391.43
38047.69,8386.69,86922.56,1543.52,438.71,15.24,285378.9,182718.97
18601.02,8433.97,122495.07,2350.88,280.78,2.24,424041.88,208330.29
1535.8,15204.38,25065.65,307.72,84.52,49.7,196604.52,80855.96
30164.28,23213.81,33994.86,1949.84,372.22,15.18,446970.06,214853.89
49570.99,27929.8,81896.13,3126.53,87.04,4.03,282116.17,218207.59
13623.25,10827.97,46065.76,342.89,362.99,43.02,364393.59,126825.4
10285.07,8785.58,66352.14,2883.14,406.02,21.6,34479.63,105710.19
7072.37,21411.76,35723.6,2604.21,292.01,28.82,449949.11,256042.27
28207.53,21143.64,107756.08,946.48,142.84,49.24,122454.6,89898.88
30225.81,17023.53,116021.2,3135.91,224.3,24.04,176416.96,133671.15
39821.27,13432.3,130562.71,2967.09,268.73,3.35,271354.53,233404.18
37900.59,14345.57,110802.29,2078.05,336.23,34.56,480718.34,240500.92
44734.53,19496.51,78072.51,1201.48,320.62,35.53,185924.05,147754.19
40482.86,19167.19,155898.34,1714.98,206.21,9.71,125840.84,142263.54
13116.09,3389.95,113030.1,2440.75,381.5,27.27,481149.05,219436.38
28237.99,24855.9,101398.5,1321.27,387.99,18.46,408062.88,177725.07
15573.19,14838.96,46864.48,1277.85,351.2,2.5,338441.71,193019.57
17159.48,15420.48,111437.76,3356.62,143.36,15.58,216625.45,170585.94
46665.27,13956.74,101964.87,2724.88,240.0,45.48,221818.39,191727.11
34412.9,22299.83,121922.71,2844.23,222.05,15.01,476321.81,262741.81
48754.93,24627.64,137965.21,3562.04,410.23,11.15,53100.08,149980.92
21428.71,6641.32,142995.25,831.78,406.01,47.05,383600.1,177738.64
27334.44,17569.28,156668.63,1592.35,434.38,19.12,308552.23,185493.64
24868.66,18308.51,111023.71,2563.24,123.28,47.03,484848.92,273465.5
6257.07,18044.99,159499.62,2168.49,376.74,44.01,288034.55,179228.76
12598.4,7038.46,142787.01,1141.07,436.5,23.52,154659.21,97714.79
26854.18,22984.71,23766.85,2484.41,91.58,19.25,394361.01,225886.91
4301.34,10359.15,105741.85,765.22,29.57,6.89,493101.72,200571.42
46641.63,11710.54,40246.49,1878.4,61.7,9.53,455577.75,233459.63
7068.34,3973.28,50981.56,1986.05,307.04,11.62,161474.82,119300.09
10701.06,6497.4,53335.45,2210.97,216.61,23.52,186248.14,137816.04
38500.74,13713.79,86024.83,1445.44,105.58,18.61,382313.69,176914.19
5749.79,11329.87,15639.49,246.64,268.87,40.02,307131.43,131192.5
45113.63,24123.37,58489.18,2970.5,394.91,14.83,25574.13,132273.91
36559.35,11453.02,18384.96,2886.62,429.35,21.23,88093.59,119563.66
4362.42,20729.19,115914.35,2077.34,378.34,6.14,61036.19,97095.83
34900.51,10629.78,142450.52,872.11,443.9,13.56,105789.78,127086.25
31949.8,18577.83,164541.62,2607.23,306.05,39.15,166356.68,163186.38
38110.12,26236.36,91029.84,1471.35,420.17,35.36,484255.78,211721.93
41581.69,25050.23,62760.65,943.01,214.42,20.11,344705.28,211705.24
36199.18,20373.67,144998.96,1314.96,427.71,28.87,46285.42,101382.11
29722.64,20396.64,37725.3,808.47,448.95,22.92,311535.26,149900.08
16800.7,6477.15,151446.37,1816.67,346.34,44.76,229598.86,130905.38
35166.41,7721.71,114828.8,1487.94,221.21,19.73,381939.03,185800.25
47891.61,18544.22,92905.9,2990.16,148.02,36.11,444285.47,255494.81
29788.57,8203.33,25576.99,1664.3,169.34,10.93,51302.35,76684.78
33552.9,14186.75,18987.81,1435.12,74.85,21.7,490367.61,203589.86
22419.27,9346.84,91434.64,980.09,33.11,26.47,47794.52,62600.8
38049.92,25978.75,85791.32,3069.04,213.06,5.23,371539.21,237511.39
49885.7,27638.23,149296.94,1005.47,30.91,29.37,453503.35,230807.88
8859.08,18241.2,112727.26,1358.28,441.49,28.73,380825.2,188663.66
10917.86,16605.49,80909.36,2306.82,328.48,7.94,92378.91,99382.04
27432.45,8990.89,44963.74,2361.52,423.4,49.93,119836.51,116709.81
24587.39,6360.64,79749.74,2822.1,227.76,4.62,39765.95,128656.25
29006.92,19052.2,43875.93,1509.22,119.74,44.77,82914.52,105307.05
3404.63,13704.96,112680.8,1668.95,152.24,24.58,49287.91,79040.78
20809.55,11865.68,102323.26,1448.42,428.82,11.14,45746.61,103028.62
29565.93,15630.58,134964.81,2422.3,69.73,5.64,289813.7,218851.63
29674.38,15973.29,82960.38,1525.85,352.15,34.97,56816.09,98851.77
33209.36,11820.47,54860.41,1325.78,120.59,37.72,224029.59,133002.38
36290.59,13884.37,137384.82,835.91,183.05,33.67,360638.23,193099.97
32435.81,15145.76,117311.18,3436.67,11.49,20.99,27264.68,131869.73
39721.91,20206.37,123637.93,893.91,244.75,8.63,326661.25,177809.25
31613.27,25461.13,101941.17,1395.23,72.89,39.48,383448.26,211112.16
27337.88,16468.02,145191.32,3498.07,431.23,43.56,277601.65,186361.56
30703.63,20898.42,54747.35,2506.25,57.89,19.59,248284.04,187573.58
5958.47,17428.22,77187.92,2162.55,132.68,42.06,370803.61,157625.78
14384.67,5590.34,124926.0,2640.99,17.25,31.78,274271.66,159962.68
26842.59,18604.45,39162.89,577.29,496.51,26.35,264455.86,111936.28
43776.37,18656.43,137101.02,3130.58,324.3,30.53,404871.86,259294.21
34273.53,18517.11,70939.99,1180.01,325.35,5.39,422026.28,202765.61
5430.0,2335.13,25066.14,2998.35,264.24,6.27,196840.76,147689.04
30021.47,24175.5,35817.08,950.07,435.35,36.34,219429.96,135296.4
11865.16,21452.32,144401.02,2635.56,80.65,48.5,404364.91,185645.84
36966.81,7961.26,124268.26,2302.78,398.5,25.39,281536.68,169257.72
41544.6,12958.36,57132.68,800.66,405.49,2.7,349670.44,192755.61
30079.36,10029.66,29896.24,1301.97,27.7,3.4,56084.02,90763.47
29976.77,21730.79,58233.63,2656.92,75.01,23.37,65776.99,112178.27
17590.98,15680.76,48427.81,958.64,278.1,32.88,275264.69,124005.43
22866.25,8531.26,118118.07,3482.88,54.19,7.74,413229.22,220354.49
43341.31,25040.7,56289.2,1238.35,148.36,1.65,171940.2,139062.47
36442.7,14681.3,48079.33,2157.89,207.8,36.47,481103.49,260275.5
26467.93,14780.29,21503.12,2002.23,87.04,7.31,384956.16,186541.81
19043.39,11861.16,101033.58,1970.42,355.03,21.91,395221.6,200310.52
3468.61,11360.64,113990.54,2570.5,252.58,36.71,420336.29,180760.14
8007.36,11464.25,108927.52,2801.01,323.51,6.26,142154.34,159291.92
10458.23,7946.03,93803.71,2364.13,242.41,22.14,178556.29,132331.17
19295.79,12638.0,155191.27,2499.94,212.12,5.57,76847.26,111586.61
47263.04,27665.18,95679.23,2337.62,251.27,17.38,202570.79,199859.36
25752.52,15456.94,142085.34,1976.1,450.76,45.62,37199.44,97049.53
12507.17,20870.97,115368.21,882.37,204.06,34.31,380714.0,146008.27
6181.76,12463.83,27174.54,699.0,324.71,1.15,405227.42,151748.71
17576.97,19007.33,137668.69,2547.79,418.64,6.72,122538.79,142345.16
40970.8,14419.19,101271.69,3295.16,314.33,14.69,255151.54,191378.73
19783.8,19869.82,115657.08,752.93,120.77,44.78,342556.53,158353.9
38852.78,13424.83,41872.84,1887.07,69.76,37.35,376419.46,209236.66
40332.54,8947.73,75594.25,1208.95,299.53,30.87,485330.39,237139.8
6430.22,4920.26,136620.67,2412.15,366.42,7.63,116313.58,119802.21
30824.33,7087.1,41907.2,2483.54,386.68,46.44,138427.48,133338.08
47995.71,28566.86,27871.6,2372.17,349.96,40.41,429861.98,255907.57
20704.77,24140.51,61651.17,2510.42,11.69,11.97,66662.34,108960.75
3496.26,16062.74,88543.85,2801.6,389.18,20.22,397223.49,194719.49
46241.83,11856.87,133570.81,978.43,306.27,21.42,84003.55,125126.75
44299.65,26889.37,119788.67,2176.72,494.21,29.38,242945.94,177176.61
26584.93,20320.62,154520.7,1631.76,384.65,18.74,304276.71,205869.61
28060.4,12590.85,81129.52,3177.33,220.8,10.5,388581.24,213162.99
11375.31,12569.48,71723.79,2728.97,341.31,33.35,74974.24,96436.17
41153.09,21634.92,55863.58,691.2,311.81,33.88,415547.88,190834.09
25431.4,6055.26,41463.27,1012.73,175.32,22.12,428267.62,203041.49
2660.01,10812.05,120385.58,2022.07,271.43,24.33,400879.75,183764.26
34467.73,21675.26,33992.28,3062.4,110.15,2.53,469909.4,276991.89
47574.32,13685.26,51141.68,673.76,53.04,22.8,438668.07,198766.22
41628.37,17479.59,147438.49,2484.31,369.18,40.02,388629.79,236780.85
14582.71,13800.88,99694.22,1588.2,198.22,29.57,298081.19,159163.3
3612.93,15566.11,24208.09,2095.43,380.3,46.03,408139.8,204405.21
47077.22,28722.29,130094.81,2631.72,249.29,35.83,488159.78,256206.0
46916.07,26424.59,99608.61,1295.76,406.8,38.88,325913.24,185909.71
27088.35,18037.28,143335.47,3095.52,372.41,22.92,136450.46,133162.94
32473.55,18375.7,118653.47,957.93,384.42,8.67,138966.02,140400.61
23667.4,16995.62,19241.25,2568.81,220.37,45.61,402073.88,237108.19
21568.5,15444.68,47187.91,950.64,480.98,32.96,494935.98,186893.51
6852.97,3028.17,44827.27,2033.92,208.57,45.47,120949.68,125195.9
5740.89,15264.96,119035.65,1702.38,398.64,30.88,485640.65,178987.72
12403.88,16949.34,92410.03,2330.41,249.9,22.72,148778.79,148716.79
41995.4,18892.45,128493.84,1517.98,125.19,6.74,218145.41,172743.96
8145.78,19101.71,94647.12,2223.23,318.17,19.89,455913.57,242765.71
12108.23,16034.16,65298.1,450.27,239.86,29.88,481670.94,187240.28
27882.09,13148.38,30549.5,1338.67,139.39,46.54,292138.12,173769.62
11541.43,3192.33,36934.06,2681.2,197.44,41.47,476043.43,196494.17
8997.13,3453.08,65875.57,1772.1,88.37,25.66,424361.16,179617.43
28602.5,13080.57,95425.33,2024.98,493.65,22.4,435869.86,226531.33
19036.57,13318.37,151757.12,2661.36,325.16,1.66,436759.2,209522.38
31681.81,10090.35,47831.7,1598.37,95.04,17.56,205399.43,142205.7
45698.06,13331.51,112247.53,3175.76,384.65,49.07,34719.71,131597.91
8398.66,6668.85,32454.24,1431.91,304.92,37.05,99033.09,73488.1
45758.25,24871.66,128391.53,3475.36,364.05,26.24,55744.82,161564.81
45222.01,24584.51,26312.04,2774.68,296.4,43.11,136351.13,134180.64
41625.29,16292.37,113142.29,1886.87,39.63,1.15,46541.07,128289.78
31933.01,10247.71,36864.73,1345.15,109.59,47.88,152931.55,113331.51
31387.19,8940.15,38299.17,2253.72,386.68,34.98,302700.84,165789.22
32321.42,8663.31,92972.25,2755.25,379.63,0.67,87708.74,130218.71
34834.28,15096.8,71512.12,996.56,379.4,35.28,171556.55,106638.86
1807.63,1749.6,74738.93,1172.73,17.46,4.16,127585.28,79253.75
47946.54,16595.19,63065.04,839.46,404.52,31.98,65649.06,113625.78
29694.58,25188.82,163403.77,3123.03,225.17,15.04,344527.32,253901.03
39291.83,18254.71,61748.9,2480.51,349.89,10.6,448652.64,234403.68
19486.81,20438.93,99948.02,1148.0,143.32,31.4,363676.61,157769.14
1607.46,3342.18,131555.3,2314.71,387.07,21.7,348422.85,165886.22
25977.0,10922.94,110044.57,2866.52,491.32,3.23,491848.76,233723.64
25852.32,24128.12,71105.15,3201.91,134.23,41.12,371012.05,227668.96
22412.48,12461.76,95072.72,1093.08,394.26,13.31,42609.25,91899.51
17646.14,16673.15,30372.23,1134.42,306.43,30.91,124758.3,88968.95
13241.48,22182.77,101870.74,1619.54,143.82,30.47,325981.82,172396.55
26849.7,16610.3,80839.66,2316.63,154.23,2.81,326741.28,181423.28
19388.63,10331.97,123165.96,1111.44,368.5,49.87,419647.24,209833.91
48526.66,20578.33,144408.57,1382.99,149.33,22.38,96240.71,131436.6
9473.44,3460.11,36712.49,2546.83,33.42,10.27,490984.07,255248.94
16663.61,6023.94,21641.85,1780.16,438.24,21.84,267819.67,138581.34
15404.06,3720.65,64607.28,888.16,298.59,30.15,461797.97,183292.09
27622.15,23266.53,101065.03,1731.78,381.65,0.15,274084.65,158368.55
25464.73,18682.91,74582.61,862.95,305.58,15.01,109719.11,88760.09
32543.28,12826.09,106402.24,1683.81,263.06,26.82,188489.04,140526.38
47550.09,14322.67,89777.57,1709.47,387.29,34.72,126159.83,159508.11
14975.83,16815.16,154262.9,1196.43,25.76,15.67,146828.25,119235.01
34945.81,25420.04,84697.74,697.01,162.82,20.2,447371.76,200976.55
2226.97,6778.61,22384.54,2768.57,317.46,11.06,201149.4,134127.07
13857.04,9541.81,56414.03,2956.25,472.55,14.65,107682.06,136256.49
23722.27,21902.15,110376.33,659.36,202.89,34.37,194980.32,99366.79
2518.74,18424.58,56863.3,2243.81,487.89,16.86,316283.67,156346.82
31265.8,24576.87,63664.82,689.99,380.09,13.98,116425.34,93808.99
34237.22,13063.95,64689.17,2772.86,247.6,14.93,44470.9,115005.87
37589.85,10364.07,121481.81,3258.14,220.29,30.63,438617.62,239287.8
26312.15,14342.38,152793.23,2652.15,73.43,28.04,134825.75,146393.98
30593.29,12386.07,65713.47,2206.72,311.45,20.35,469454.17,225682.46
20407.2,21816.84,50799.24,1431.29,35.65,31.62,42629.14,85334.93
3021.4,1818.66,67447.29,1160.7,220.25,32.14,332402.34,154987.15
5897.64,14040.2,67248.91,1884.13,126.48,0.66,339316.41,185475.54
33094.8,24789.5,168385.21,1329.71,478.58,16.95,94893.53,115322.89
49782.21,29501.51,95862.11,2528.76,188.0,12.21,339311.38,209594.27
1774.36,13532.42,114322.02,2034.86,249.73,41.46,206066.04,111374.76
28321.59,24687.82,157249.52,1401.29,193.99,13.77,203249.11,147393.89
37799.43,9535.25,103842.12,2325.32,77.23,15.86,441190.16,218529.01
41511.97,15808.32,53806.54,2675.48,182.77,26.89,477158.99,248717.63
27715.04,6212.94,98044.82,2297.74,391.71,27.37,101654.69,128003.65
31375.88,25908.26,83998.68,2056.01,314.39,40.55,348367.52,225283.16
35139.52,25131.07,86345.59,2990.11,224.33,19.4,94260.87,158095.75
43089.35,9664.89,154733.98,904.86,412.08,14.06,36800.25,98723.11
6992.19,2252.02,47197.32,2124.55,12.03,30.41,91774.81,86338.95
46382.93,16932.49,86541.59,1720.82,415.03,36.41,324634.81,161762.75
2274.85,5996.46,32977.89,826.23,39.17,49.63,368689.94,129166.77
41973.79,25409.94,51216.86,3196.86,436.43,30.91,263377.6,206706.42
4760.28,4581.5,96170.44,1751.91,474.31,24.54,476799.51,217019.0
10536.78,18025.02,128317.29,1713.85,411.39,6.65,386802.98,177362.24
1190.81,11550.13,106526.78,1122.76,19.6,49.35,97576.75,72903.84
22817.58,12422.66,62684.3,3306.94,267.84,34.25,119810.05,143831.76
17383.6,6818.26,19099.24,2678.05,416.11,8.25,306119.34,175438.8
9133.65,21781.71,90613.63,755.99,277.06,22.98,179984.29,127531.25
23103.42,17171.41,91856.23,2199.97,186.37,28.02,20428.68,95344.57
20716.17,13211.19,127313.43,1164.03,240.64,10.84,31661.26,71723.5
38615.39,15460.07,110210.04,2726.82,49.54,36.62,215887.51,174054.22
44763.38,27114.38,153024.0,2268.96,253.19,32.52,271335.37,182003.84
32975.8,23108.4,137019.24,1105.22,23.64,11.69,333593.0,171600.98
7096.11,17737.34,72242.15,2076.62,325.62,49.49,386307.11,218038.36
15474.15,15610.7,109160.67,3286.76,201.32,47.43,485004.26,213415.06
45752.6,26965.67,134929.08,1764.11,103.76,13.28,422655.35,261489.31
5347.99,7405.53,149672.07,995.7,18.52,22.09,190851.38,113916.05
20935.94,18409.46,80968.63,3245.94,461.84,44.74,276653.04,209573.3
47182.73,17823.28,113259.51,1077.52,282.6,20.31,123641.61,116620.79
47582.58,21716.49,79309.45,1874.2,327.01,47.74,485001.5,238331.57
21148.96,24193.77,131340.11,2336.26,391.89,10.02,277012.61,184638.3
33702.45,26438.72,158389.99,1579.5,317.03,36.2,139841.72,112577.45
23380.53,15172.18,150425.51,1366.64,212.42,29.98,367541.01,158669.72
37919.57,19274.25,43197.09,644.09,317.52,17.31,254187.36,130262.79
2547.49,18507.27,49399.82,549.87,133.73,35.89,498428.03,183746.27
8063.7,21332.64,131530.88,2231.22,285.06,1.21,55861.08,91034.92
31095.74,21902.0,114018.03,3111.95,110.74,11.54,181026.64,168555.0
12395.06,4250.11,139640.64,1165.8,459.54,13.06,472088.91,223473.84
33636.56,13518.79,61316.11,2438.38,259.69,5.87,241375.97,168393.89
18209.92,21624.95,145262.98,2022.92,124.58,1.7,169661.37,154624.34
44445.63,24372.0,123645.1,820.38,323.42,17.65,310338.66,156587.17
41143.71,23202.29,51902.99,1913.83,54.26,10.91,338956.9,183850.24
25149.05,18554.31,38185.13,1021.75,222.67,6.64,64547.59,77724.15
38871.86,16372.02,119992.54,2455.2,434.32,7.87,144505.93,156524.66
14285.76,11220.36,36953.2,1297.8,386.25,41.31,168308.15,100947.05
25218.73,21317.93,137232.05,2718.87,354.69,4.75,137989.06,152342.75
10676.62,8364.04,92470.01,3226.01,240.6,36.24,203781.26,159815.06
43183.42,22490.91,92138.45,1269.87,228.97,2.7,180660.08,153929.41
41330.31,22927.13,63293.41,3142.0,15.54,2.03,371082.39,258297.6
45205.33,26009.91,168465.54,1534.82,304.02,22.11,307488.56,194968.73
43996.37,15537.04,122143.87,915.73,292.73,19.09,226013.27,168720.49
48020.22,24570.88,137475.94,1346.21,12.59,27.29,116001.93,141732.13
12188.48,5014.25,120474.48,3065.63,77.15,35.13,221906.93,162931.8
46659.39,12524.08,99701.52,2563.42,16.09,15.49,106632.33,145359.11
28989.45,14435.94,152805.09,3679.44,134.06,9.72,477030.01,247408.48
21702.26,5917.35,94388.0,2630.44,11.89,41.11,103411.34,117752.26
28458.32,24671.78,100144.03,1797.35,214.51,8.27,432165.14,221631.04
17787.52,21644.47,62003.59,2998.07,243.43,39.92,315478.76,230349.04
15139.1,4482.03,49437.33,3125.76,224.17,29.36,409192.56,230188.67
12824.4,19411.96,127377.73,3032.69,107.7,14.47,446509.46,205985.62
5038.97,11430.84,62685.95,2027.68,266.54,15.71,405912.78,217520.04
25331.68,19254.61,126066.75,3125.05,408.91,18.53,302861.55,230132.35
44500.32,26695.22,164498.66,1441.72,152.7,29.55,148157.05,166557.07
31877.45,18126.49,83200.77,3127.02,163.16,48.98,336802.81,239150.49
26527.81,8073.94,25571.37,3126.58,275.98,15.91,22324.9,103734.3
22001.05,4950.49,105609.63,2556.95,124.54,47.09,201183.82,134834.89
23755.68,14941.11,18333.72,759.75,175.52,10.26,431822.57,216945.13
11254.59,21260.94,136124.27,1199.49,231.69,5.65,298657.37,138991.63
41323.86,19930.9,97164.42,3368.12,199.29,26.61,145099.37,180293.47
10720.77,9916.47,83944.34,3046.64,410.93,48.82,448246.8,254102.39
36114.52,8325.88,94229.82,2742.32,426.01,24.24,27329.15,141192.02
38239.27,25989.95,100671.2,3355.8,207.41,40.0,443804.04,231875.01
29168.58,12713.27,62118.32,1870.46,229.42,23.63,384538.03,199367.15
43283.39,22899.84,64138.66,2995.16,478.88,42.5,90260.6,132534.93
15261.47,17089.92,78890.07,966.63,256.51,40.64,50194.07,70141.49
44199.24,14290.57,146194.3,1361.12,496.59,34.31,476592.98,225519.92
36741.11,9091.88,31902.22,1745.31,383.77,30.77,52175.93,97063.99
40138.74,16035.26,64919.07,1388.87,139.47,25.91,487405.58,263598.66
33564.41,13396.94,43601.11,1572.31,122.26,47.84,221901.94,147813.12
42470.81,22649.16,85054.19,2840.04,87.94,27.87,189682.08,196387.35
49661.84,26418.13,45491.77,482.34,405.01,16.86,332021.13,177716.59
21587.98,9155.28,122639.59,2803.65,160.36,44.11,258102.44,186786.14
40881.87,18976.88,35184.28,531.79,341.14,33.0,207222.94,144735.72
37484.41,8788.74,108494.0,3100.22,274.67,27.91,327277.63,229589.87
23190.64,9316.12,51270.89,941.86,414.74,34.11,188031.94,98766.07
46420.5,24638.45,93178.31,2697.21,377.9,17.44,36489.78,127841.09
20326.87,20036.64,50027.57,2066.59,41.24,21.04,415826.91,206128.66
28707.83,21381.45,127987.6,1858.24,175.83,9.78,267026.89,161956.01
6191.18,4514.8,146111.86,1606.41,264.85,42.75,349608.56,171711.27
12062.98,13657.77,48079.29,507.03,403.78,33.28,296083.46,141319.49
42194.11,17181.64,156952.52,1909.57,359.87,41.21,314812.33,177477.98
20431.08,23920.2,71300.86,1038.04,279.21,15.87,125091.07,124794.35
20310.12,17316.39,99740.95,992.85,406.1,49.77,468637.1,184013.04
13053.07,21347.05,123808.19,2860.69,223.11,17.86,234906.91,183207.27
25088.91,8352.11,40575.64,919.17,37.27,17.69,461646.46,182851.04
40485.03,17389.04,83402.0,1164.17,436.56,48.03,407320.65,165131.5
44863.04,24518.96,34450.15,1259.65,268.03,32.75,365639.29,164451.48
4435.61,8560.35,112921.08,2006.3,406.12,46.67,240856.57,135783.9
29166.22,18667.16,80343.06,1991.48,202.12,31.16,30868.95,103536.13
23896.4,15257.47,146494.43,2759.66,298.39,12.32,171301.83,162775.01
31099.81,26062.59,65578.89,2134.61,172.24,19.54,339131.64,168754.31
22916.51,8473.82,145701.25,2225.39,210.69,42.95,178713.6,159478.27
20533.6,22846.02,43727.59,1461.06,82.23,24.47,67581.14,88963.89
24122.15,13155.06,103534.19,1388.45,373.39,35.45,268524.23,172608.38
29517.96,15529.45,62055.75,2469.11,147.34,8.33,94150.18,123923.57
25548.18,15917.37,44092.23,1241.21,157.85,19.99,166985.85,114886.44
24135.08,10501.66,27022.22,2698.9,183.55,41.97,260918.25,186965.43
41073.93,27506.11,122073.06,2410.24,221.74,47.05,75814.32,145331.27
37536.75,25781.35,59434.43,2235.61,292.32,16.22,74013.7,129057.03
17727.55,23017.16,106471.82,2107.85,344.58,8.63,120842.63,119604.53
40228.28,27985.59,169404.18,3639.83,341.09,1.17,304066.73,218345.12
42828.88,22126.88,68515.97,1665.21,217.6,6.37,467934.99,273650.65
8521.12,11012.09,18876.59,1432.59,246.13,41.78,134737.59,82053.68
29551.44,22999.6,44108.96,2910.29,78.76,22.78,365515.38,230808.36
14980.29,3960.25,25469.89,1981.58,265.54,14.58,110901.68,106878.11
37219.44,24214.77,91547.93,1860.27,439.76,38.78,325047.19,173975.94
12700.48,12737.17,123164.07,1476.06,235.62,39.67,86105.3,79066.24
33898.77,20407.55,64310.47,1132.18,469.63,18.11,425782.92,217185.51
13501.11,10494.12,34542.5,2596.87,86.33,45.07,376404.31,167527.59
26046.04,12897.36,108229.07,1451.6,371.09,23.16,346748.69,196975.27
47483.68,10615.22,57163.31,402.46,356.91,13.06,27037.65,73582.94
19684.07,12700.71,98560.27,649.24,343.95,44.99,421476.73,201118.87
43911.19,17245.14,154195.17,3708.34,334.8,7.65,92408.25,151847.93
49360.28,14755.48,59049.7,2018.78,20.93,49.8,276074.73,203390.16
43867.69,14096.34,90588.36,1971.11,373.64,30.66,392797.59,238004.59
9127.44,13716.21,132960.69,3426.64,254.85,45.77,323201.85,183180.72
41163.25,14929.19,117242.48,1706.11,266.85,8.94,413131.87,221089.52
2575.32,17204.98,127728.32,3044.13,34.93,19.46,360249.03,227537.73
20271.79,6726.37,122403.65,2805.27,102.31,43.66,382916.54,213274.25
43665.94,20497.26,99685.63,1982.01,456.39,41.86,163409.03,122431.19
34748.86,10570.64,91185.52,2802.36,164.61,43.59,201970.79,186456.93
27104.28,16221.55,122216.23,3511.84,203.0,14.02,260697.41,193491.03
20005.34,15275.71,118379.57,1273.66,102.71,30.88,301357.16,151503.75
40802.55,21185.31,119106.61,746.31,319.77,19.48,352002.09,216159.24
35768.36,15988.46,73200.3,2848.22,372.94,16.04,286675.87,215215.56
23951.86,15225.13,137318.79,1957.0,461.42,26.01,361019.47,178182.61
44731.73,12974.92,49629.36,1926.91,285.41,35.75,92360.14,119022.46
12267.45,11982.29,37166.97,930.98,145.06,25.93,209430.37,113030.55
9349.18,9643.93,62763.67,2855.01,44.77,11.52,458386.61,244751.11
32497.38,19989.03,57796.76,2480.48,140.39,40.37,124139.4,159332.56
48627.72,18704.57,116125.12,3445.39,313.0,48.89,88957.22,172430.45
13115.57,18320.28,53153.81,1744.0,487.31,18.14,377507.76,167973.72
13233.85,11453.62,109353.92,3478.81,48.81,42.46,113325.99,117963.98
7835.44,6664.63,84749.01,2005.23,200.3,43.19,239652.57,136722.49
43167.61,14470.45,38681.62,2095.53,336.95,13.03,361679.22,183470.76
12093.48,3801.76,45508.86,2282.51,291.54,35.27,252728.04,127870.13
25655.75,16159.57,93578.04,1988.23,329.33,46.92,452725.27,212529.16
49552.75,26612.73,132590.45,2395.01,236.97,36.99,441511.26,281591.81
1594.9,15816.66,75399.82,1124.59,140.85,1.5,261416.27,154709.52
28267.82,14690.46,50513.1,1403.42,246.55,30.23,481207.69,241992.62
26102.16,9544.78,55422.16,2412.89,196.95,38.92,160051.46,120017.72
40564.92,25450.93,39152.74,408.83,357.56,30.91,132268.13,124239.61
18408.8,5288.99,12877.87,2195.59,94.1,1.44,341717.56,196013.8
21106.73,12506.19,156108.7,1761.49,253.11,6.01,294935.4,167931.38
9228.96,19049.79,34219.27,1059.42,479.94,40.08,140531.32,101996.5
37299.95,15626.93,35610.21,2289.17,270.58,24.4,198143.1,172612.12
39450.74,10688.72,139840.77,1422.54,126.23,47.9,131852.96,104713.51
7696.5,7225.32,106988.51,3423.82,468.57,20.75,133749.03,158533.21
20279.4,16256.45,81235.68,3379.15,129.64,41.09,196434.04,162711.41
44752.34,12415.17,109040.53,1973.69,378.08,1.77,463625.45,251486.18
1132.66,13497.77,151371.02,2020.97,63.67,42.05,420750.98,211939.34
15639.19,12172.0,29147.31,474.95,427.52,42.95,265960.73,127538.57
28197.07,12660.01,50466.11,2609.16,98.48,18.1,249329.37,181610.2
17370.6,8672.17,136681.29,1255.31,203.15,15.47,35109.69,78152.43
14330.21,19420.98,133729.49,3474.49,483.15,45.5,241902.16,187684.19
23541.84,12943.51,159522.03,3770.33,293.9,38.89,319412.89,243311.45
9894.63,16879.27,64020.2,775.09,139.36,29.9,393723.3,191592.05
26951.64,14477.25,153590.33,2848.67,10.31,21.82,190870.25,145136.94
35628.1,9417.03,62368.5,1763.22,13.33,45.6,461306.61,228889.75
29189.45,14927.76,120630.72,2272.48,144.55,37.36,423292.54,239321.69
5562.36,11512.38,142207.63,1331.8,268.16,20.84,59472.05,77319.48
42376.02,17903.13,44085.91,2418.64,247.6,24.84,453415.07,232958.78
9573.91,18331.5,49482.8,830.59,461.72,4.92,126958.05,101854.67
38475.79,25956.76,110004.41,3217.39,384.41,40.54,463192.65,270194.28
18667.69,19575.72,143015.17,2131.6,463.12,42.09,322726.31,184857.84
39355.31,19735.31,32235.93,2102.3,260.77,17.78,217721.72,172623.79
11107.37,13279.75,139001.52,3468.2,228.87,15.48,229496.54,202196.07
10146.44,15099.3,66831.92,2574.18,287.38,12.61,290138.55,199588.39
25354.27,11183.54,72849.69,2032.71,192.35,8.67,425058.98,217370.83
2613.86,16853.79,67762.89,1606.58,113.3,47.39,421722.81,193573.85
12039.57,19616.45,152857.75,2204.48,419.96,37.95,219153.47,157917.86
36476.6,13006.05,34370.02,1262.7,343.46,21.67,427533.07,199073.0
42031.79,26511.31,109478.85,3391.33,169.57,5.51,246537.97,193703.31
4958.48,18041.98,40909.26,1037.83,228.68,6.97,220424.45,121648.89
44221.81,17621.85,153743.7,2055.82,120.47,35.49,136761.65,132777.76
40078.34,26241.17,141692.98,3065.31,285.79,10.15,417406.41,272224.62
43614.53,11571.47,48160.97,1397.4,185.6,17.39,317630.5,164196.67
35223.0,8090.34,54650.12,2944.42,439.03,47.85,226936.55,175227.15
34033.5,14090.1,71591.81,1162.87,268.9,29.06,337940.79,153961.57
26729.57,16871.91,77283.09,577.32,211.75,40.42,433285.75,201237.84
32986.57,13950.45,134675.07,2596.75,377.31,5.19,114955.44,182620.26
46036.37,28077.6,109319.41,2120.53,453.5,16.52,208372.19,164629.22
5925.58,6651.97,72374.22,3167.74,410.54,44.78,202544.19,136902.58
16472.46,9278.15,116742.0,1910.79,252.51,40.52,56490.49,100407.94
4550.29,13789.2,82421.76,905.32,184.66,36.17,180352.76,87128.55
47295.45,10034.44,31622.35,1214.37,334.44,29.37,385660.64,208901.49
22818.01,19250.96,35986.7,1420.25,410.27,13.45,141603.27,134221.18
34091.88,14679.03,64006.94,2111.12,489.53,29.27,409239.22,227607.52
42214.88,28009.06,114823.43,1470.17,234.05,2.54,478521.71,214334.01
49559.01,23894.45,43667.55,1914.25,337.44,10.11,127505.82,156079.99
8927.34,3303.66,87412.38,3170.39,153.62,25.91,216639.82,161627.26
40176.12,10341.47,52366.57,1590.65,52.86,0.1,83040.34,103574.25
44483.72,11116.02,114727.76,2563.19,134.0,11.61,352229.16,243475.26
3394.89,19755.11,24902.18,888.32,17.1,7.61,251455.99,115626.69
37950.44,21429.09,90151.67,2874.61,259.62,17.28,302581.41,214564.32
18381.54,12514.63,22590.0,994.99,192.85,42.92,393772.8,150360.85
32781.24,10965.66,61696.16,2089.91,342.35,47.37,392565.97,201321.46
26188.36,22773.65,25477.31,1098.1,311.5,8.25,267668.31,138227.08
13727.37,7175.81,78759.97,689.27,92.25,11.55,443513.99,208926.75
7625.85,15805.41,128861.63,1671.33,340.17,42.34,467327.01,208564.88
6730.41,16730.91,32916.63,879.47,101.83,8.63,322742.39,136649.6
6062.82,7458.36,117573.98,3276.62,12.92,37.07,38435.07,89359.88
32251.71,16796.18,103145.26,1387.6,485.39,4.27,392463.54,226169.08
18219.13,8492.12,84961.46,3350.63,23.22,32.42,448120.26,208072.73
11615.04,10212.14,100094.78,2028.28,177.46,13.29,287186.55,181371.76
34902.37,26300.59,74745.56,1114.82,322.38,37.48,356171.78,198246.54
34655.63,20947.32,124757.09,1858.68,191.48,25.97,190901.24,167013.65
27419.25,22492.83,136045.81,1312.18,196.79,8.94,261010.12,165086.7
46812.93,20404.28,134165.88,3188.51,364.14,20.11,403091.06,291040.79
19885.3,9138.33,51382.34,704.82,305.06,25.72,440461.36,154951.46
41957.29,22792.61,118050.61,3223.48,264.0,49.8,75303.81,150570.28
4681.83,11197.44,35431.83,410.32,444.3,24.02,28249.24,46116.36
37251.72,11398.9,85954.96,1398.64,62.98,7.56,199324.1,146970.58
49433.92,18429.17,20124.58,606.29,240.19,27.76,207640.46,149666.3
42483.31,21376.05,50170.92,2338.12,127.14,11.01,391198.58,242325.94
29403.57,20719.69,113177.2,2151.62,28.04,43.98,24126.67,101012.03
31711.54,11585.11,141050.51,3529.34,489.73,41.7,386721.56,263470.25
18311.19,21244.19,29104.45,1307.45,369.67,6.43,277436.69,137522.48
34294.78,14760.2,97798.32,707.16,115.93,29.42,354956.19,171460.43
38749.37,13537.04,108162.01,2849.62,207.19,34.83,264444.12,216452.63
49913.2,14287.48,151626.68,2538.69,120.75,12.58,399547.95,266184.11
25130.68,21207.48,116961.83,3084.37,345.58,31.32,229793.31,151340.47
4003.9,8206.99,26505.33,1468.33,181.72,23.13,186003.61,111058.02
30197.04,15965.69,39050.47,2435.98,460.73,24.1,325529.14,187649.5
6832.18,6211.42,102154.94,1106.87,111.7,27.56,233333.58,130309.31
12993.49,16477.47,49446.83,3245.86,181.41,28.51,165644.69,152462.22
17110.22,19152.19,154926.05,1378.21,466.59,35.49,458502.27,202419.13
36820.46,14482.89,150085.95,3256.85,443.49,22.62,367171.33,198674.74
10006.6,20930.37,159299.39,1512.57,153.65,36.13,114501.17,98513.52
9121.89,2921.29,49815.16,2618.35,246.7,24.3,375250.87,160902.02
3203.25,3733.04,111944.17,3157.35,443.02,33.14,141150.47,118417.97
43788.76,20739.1,117728.3,3230.9,338.61,13.16,227011.19,203526.53
34981.77,21173.79,27101.58,1615.09,322.27,27.09,124362.58,117951.8
2957.38,5979.79,48290.77,1585.01,333.67,23.4,74382.97,82673.24
2386.32,11781.65,44406.5,2740.03,461.28,15.11,211550.55,167676.52
28375.04,12383.54,68674.08,2123.89,263.42,3.12,286439.07,162632.13
14844.19,14273.58,154611.65,2674.76,99.07,25.51,165018.41,127902.08
30239.59,19404.81,143136.08,1500.28,241.63,0.49,56001.44,102656.46
22295.6,23928.88,66689.67,1727.3,367.16,19.49,139825.91,138608.5
46242.32,18634.55,96762.21,1655.21,251.15,18.53,137915.54,118217.97
15102.64,16160.74,45807.18,2258.47,163.5,31.69,303561.06,186821.9
34278.12,18627.39,60129.84,970.45,336.5,49.37,155431.37,107237.25
3648.66,7422.05,20363.11,1378.5,230.61,42.9,276212.42,121629.52
47837.17,15002.18,110179.69,3112.22,481.78,48.75,245763.02,234212.72
49057.12,29574.9,123913.43,2304.26,182.55,47.55,147851.74,170416.2
37214.66,11976.55,136163.98,3379.35,361.57,3.71,375784.24,255611.36
23795.41,20669.45,147910.57,1513.88,281.99,14.1,340443.79,182562.0
11779.68,5714.39,32780.12,1539.62,48.01,14.85,346531.02,162106.38
40813.3,24347.51,132218.95,2212.3,240.18,3.55,228118.97,169779.81
37081.35,11537.97,33762.99,1430.46,24.29,42.33,171966.25,106470.22
11875.75,21734.7,76576.44,2467.91,397.02,44.77,303555.68,173846.93
23109.55,18498.67,94551.74,1004.05,369.92,30.25,480363.36,221691.49
23677.15,6992.74,17767.33,1695.1,34.75,44.55,228300.89,142446.19
41494.12,22315.78,45583.36,730.36,254.85,35.72,339336.02,139618.54
34508.39,19172.28,59649.66,2222.92,481.15,22.03,232327.84,145911.74
32515.21,13585.19,34361.79,2679.53,149.47,7.49,467648.8,271431.27
32841.54,12152.66,150166.09,908.82,453.11,47.92,147064.01,100012.84
14253.03,17366.44,60699.44,1728.61,84.04,34.61,240031.97,127988.08
19213.85,18799.32,92709.35,1992.39,13.24,17.71,256953.09,171806.03
3237.45,7528.0,155519.87,2966.34,269.96,6.43,369751.03,181781.57
39560.12,25498.45,107561.95,854.5,127.23,39.95,366228.26,208078.0
22216.91,10185.51,72815.3,1641.54,440.82,40.1,374932.11,166803.79
22473.68,6357.09,144905.57,3102.42,340.22,27.15,371811.32,249065.16
13022.46,14801.91,49103.71,1888.74,346.58,50.0,245483.97,125499.47
11261.94,4840.26,34899.82,2449.05,339.91,19.32,94670.96,104817.23
29803.27,11855.6,92112.32,1616.19,342.69,47.1,437810.29,191752.84
12395.1,12869.15,77254.08,3154.52,376.09,31.51,175919.94,183213.19
4146.23,6913.26,126093.59,954.77,338.24,36.82,72952.67,68240.22
38607.86,12414.0,21022.66,469.49,418.79,45.85,81815.35,93403.78
19447.0,18101.52,109051.46,2177.87,283.48,41.56,257484.21,171977.62
19631.54,15092.8,120122.71,2066.0,181.84,14.43,224448.3,163305.98
22134.6,21302.26,162969.74,2766.4,238.76,43.36,338492.79,204589.52
40937.2,20021.61,42152.95,975.03,225.72,26.99,313695.45,175180.54
16721.01,13271.42,51322.4,1012.09,172.93,2.24,71557.74,92540.77
38143.77,13223.25,150782.87,3026.33,213.58,33.69,162439.4,160808.15
47037.7,25352.82,116723.44,1529.74,198.64,24.98,450202.3,266486.58
33382.54,11015.49,19329.5,2305.79,64.46,26.83,388007.67,234958.38
22152.37,9653.93,23938.02,2077.74,416.97,20.58,437859.78,194918.21
37641.7,24439.32,138440.33,1033.85,380.67,3.2,30554.06,105564.67
23436.97,19640.65,102996.32,2677.26,175.39,9.01,457802.57,219274.99
21306.94,16712.42,100355.18,3152.37,473.11,37.82,433317.45,229407.84
26738.88,6606.73,137865.9,3157.6,475.19,11.71,237093.02,210295.47
16568.39,6295.2,44995.36,350.68,429.79,31.39,343322.26,126986.21
6108.26,11470.82,37439.15,1852.37,24.39,27.09,150556.93,87459.64
21327.75,19319.16,109457.19,3295.96,191.9,11.07,336122.34,232214.23
7068.99,10963.76,141722.36,2544.92,234.09,14.03,403410.2,208325.25
21111.63,5059.54,47508.98,1179.49,362.17,19.18,252106.82,156702.12
28289.75,9751.22,111588.66,1222.12,321.06,44.01,33571.28,73417.97
46604.85,21301.92,44136.5,2307.03,342.41,47.07,219845.78,155360.83
2774.89,14592.21,41600.53,2544.64,385.93,19.34,367990.52,169980.72
31451.46,7442.14,141672.67,3454.86,474.73,2.31,357802.94,261238.08
23429.02,6030.77,26929.54,2861.23,280.24,30.04,253425.67,187034.39
1992.8,5994.11,13325.39,1150.54,452.98,20.88,493140.36,201960.26
13227.86,4773.86,121185.45,2457.17,409.26,24.62,76182.02,109403.51
6805.78,12429.11,67507.17,731.94,175.58,22.1,95978.33,81780.75
11622.91,5236.77,66704.91,707.47,408.7,32.73,143997.13,84767.31
14453.94,16031.07,133804.2,976.28,67.5,15.22,405701.56,156835.96
20664.01,19788.7,46921.65,3023.33,87.79,44.63,386152.78,218261.92
26922.93,24809.66,119145.14,1137.78,496.27,21.06,390925.68,201432.5
1048.51,19203.64,65824.52,1827.87,220.06,17.08,442218.97,178337.01
8931.6,7616.94,26212.48,1486.97,235.7,46.15,232597.19,103643.14
5584.75,2190.44,106439.28,1574.03,476.01,17.91,172915.03,120424.75
27934.0,12510.34,61214.57,1965.49,187.3,4.15,308183.41,194146.35
17124.67,17740.3,144849.83,832.34,126.11,7.77,216738.43,105315.11
27871.49,7240.42,144052.51,1922.7,48.13,35.71,271443.49,177816.83
11869.34,9888.27,136023.12,2170.21,266.08,28.12,87304.31,95851.16
2187.24,6749.12,57140.3,2715.28,107.85,26.73,210263.6,134073.69
47126.98,14202.64,50666.59,2386.13,41.75,4.1,246864.34,166913.74
6307.1,15530.97,146880.87,3298.71,408.4,8.2,61971.41,141681.84
7216.08,14795.61,82513.8,1603.83,171.01,19.81,497357.72,233320.59
8180.79,12578.29,117684.89,1097.05,293.9,22.4,38137.24,58936.82
49082.55,28076.62,147400.1,2000.06,61.28,18.83,461367.5,246562.12
31265.35,8764.28,52275.99,3154.25,257.74,25.14,58495.12,109119.47
30904.21,9599.78,29948.95,871.29,319.6,36.68,432462.87,179045.51
49348.21,17846.91,109877.53,1156.18,230.43,31.79,283156.05,185420.9
5333.5,14356.4,102063.0,3348.89,175.37,30.56,114240.74,106367.74
48750.54,21639.65,61490.73,3162.23,162.37,27.89,131037.63,202074.31
10996.64,4143.16,93097.0,998.27,63.6,10.05,188772.01,91545.76
31530.5,25495.38,139998.11,3031.4,66.69,30.23,401130.91,229272.01
21584.09,10765.58,64364.06,1668.07,252.89,7.92,90630.18,91647.3
19813.64,11462.69,49306.22,1773.96,78.03,35.65,136271.08,102087.54
46630.92,21986.97,127714.75,2184.77,119.49,22.61,352485.41,230492.76
8312.16,20593.16,135425.97,3585.41,90.76,29.07,314715.83,198764.64
49856.38,23393.7,162086.93,1445.95,403.22,43.14,221995.79,179864.45
19577.13,23033.51,44826.75,2566.02,230.36,18.65,49057.39,120101.22
32789.97,10716.02,142516.11,829.04,280.77,4.99,288079.42,146697.87
48427.43,22252.28,133741.15,2591.68,295.65,44.57,130026.21,165171.29
3822.45,17427.63,120717.59,2596.35,204.23,18.25,313808.16,186915.98
46220.35,19670.05,66128.81,2616.39,156.23,20.33,151767.64,152635.13
28822.76,13326.94,18879.53,2879.69,197.4,14.8,490558.86,212644.4
35515.45,26805.88,100039.53,2786.32,272.06,21.01,303485.11,257000.57
8310.03,4911.26,50365.57,2475.05,185.7,26.05,294226.66,186672.11
27135.98,13940.32,58176.31,1126.87,76.94,42.17,421648.82,167328.99
34002.17,24331.22,158900.07,3773.74,457.71,36.01,496719.1,308799.93
23356.12,22730.6,45364.97,1685.21,368.88,25.66,394002.56,186599.48
8594.27,21336.31,157532.74,2098.27,42.47,38.19,305069.84,187846.85
12961.83,20346.89,94329.49,2027.09,453.79,42.39,434491.9,240573.32
42865.25,10066.71,134603.86,1915.78,93.53,2.91,106980.35,115823.91
2689.08,19168.26,61454.81,2128.82,57.89,29.61,386830.1,200323.08
35734.24,15996.11,109715.38,1662.49,94.88,2.16,346351.46,177344.96
49970.11,23200.6,104265.79,1317.17,467.19,15.41,290360.52,188990.45
1366.67,8461.71,145773.45,3520.05,118.43,38.12,436042.96,238870.87
8891.24,18144.78,45514.09,3018.27,395.63,39.56,360635.43,211615.97
34033.07,18537.04,49492.27,1786.57,325.09,44.19,364032.06,176460.32
3939.55,17776.03,156820.66,3674.33,263.93,24.91,456675.9,207561.79
29899.71,10258.49,27411.66,1442.64,189.14,4.21,355717.79,166904.01
34516.01,11010.37,105837.26,1752.58,55.54,6.34,142603.48,122287.12
29819.17,15051.18,25822.74,2888.14,358.22,12.22,108140.1,139618.76
18894.05,4371.47,19660.84,2033.76,203.44,18.61,266334.48,132827.23
35166.83,21044.0,108421.77,2853.41,272.14,26.33,132757.84,170765.08
30120.43,12297.13,94786.06,1770.89,35.36,32.3,355825.2,210273.85
11174.22,13602.18,98970.54,1775.16,390.21,8.13,424500.6,230145.89
28593.64,7583.8,79746.59,740.31,349.21,9.45,160071.68,92490.14
44213.45,12670.26,122778.31,3517.45,269.36,8.65,458467.72,245883.71
33674.83,19380.72,164371.91,1582.94,253.19,37.75,378513.74,209112.11
24117.78,11283.98,54015.46,1803.45,175.15,15.1,494307.64,233893.68
16757.62,8038.6,58329.63,724.02,177.78,8.34,115378.07,86925.58
5208.42,6004.19,56645.54,2259.39,43.55,21.57,241542.59,125594.49
12986.73,7286.32,121503.06,1841.05,346.49,12.38,327347.8,195797.29
1548.15,12955.22,65826.43,2655.35,32.04,18.46,386200.42,194133.23
49344.67,13638.91,114038.0,2202.49,10.7,41.2,457727.69,233055.22
11901.63,9953.1,77616.18,863.57,25.18,16.69,447809.62,178417.71
40928.92,22099.58,110811.34,685.2,109.69,8.74,133338.52,99208.68
9263.6,12369.31,135102.67,1391.61,289.4,11.62,222786.14,120505.84
14896.46,15126.27,91639.52,2658.8,343.77,1.72,364786.35,231416.74
21495.59,9691.8,81653.56,2910.96,216.16,45.06,83510.84,112859.19
16895.88,22067.12,61365.01,1396.7,210.23,34.85,480495.31,185430.89
40119.19,16594.48,93081.75,2119.59,292.63,23.17,378537.33,211818.29
47926.98,15681.19,55594.73,1074.01,302.45,28.04,417844.1,174726.93
43889.43,26912.25,148847.48,3397.52,424.05,12.7,455573.31,314959.98
8525.32,14983.21,73371.85,3265.96,411.35,20.18,105416.9,148005.52
39057.75,20283.49,39947.4,2483.26,413.53,15.99,222622.87,190979.76
8249.4,19441.21,55348.26,634.51,423.64,41.23,332801.5,180949.84
45755.67,10792.67,91148.45,1823.39,441.12,37.17,414781.34,212165.06
26376.05,22109.96,155549.66,3750.21,282.11,14.19,374242.12,288508.44
17482.67,17214.89,62353.33,1076.98,301.63,38.11,78334.93,87197.81
8694.25,9258.71,50742.97,2298.08,366.34,4.7,329922.54,204834.01
1578.65,5814.58,68602.84,3164.85,107.51,10.13,161145.77,142043.39
13149.4,5173.6,149463.28,3089.61,186.63,5.32,215118.95,165963.52
45786.98,28008.34,149963.53,2615.51,457.2,11.91,497230.34,261861.92
40065.85,11280.46,35726.22,1748.08,266.15,11.31,95386.79,104241.35
48519.89,15263.03,106204.65,3324.58,35.38,45.03,70102.66,117154.53
5937.31,15164.05,131951.55,1904.48,208.72,16.37,216389.18,128005.39
30016.76,20351.32,132642.56,3376.89,88.79,17.76,434781.46,243386.83
13600.37,6355.06,80966.65,1754.89,184.58,4.99,97859.97,110922.99
27604.14,21896.39,128632.66,2937.14,277.04,3.3,58377.36,115202.24
16702.29,13791.06,100652.91,3258.83,257.52,10.97,221047.49,190674.1
14889.81,20022.87,50227.82,1948.0,250.33,6.73,323503.08,143638.67
29118.42,8025.75,19548.38,1096.39,18.99,17.23,94252.4,76200.45
9982.59,3331.7,61242.82,554.08,228.1,9.3,406202.65,159913.79
23987.54,17718.82,28156.21,2587.63,24.19,8.91,426039.63,244431.11
32889.8,10003.42,70279.68,2255.23,208.38,32.38,270846.04,158494.59
7280.92,12192.69,134941.61,1537.54,327.03,47.11,34622.65,64553.9
46599.12,10094.94,135498.61,3321.99,71.69,0.62,267729.09,204270.44
25780.51,20864.72,26632.5,2902.04,459.22,35.28,122807.48,144517.39
41156.87,26272.21,36100.41,2853.28,318.95,32.96,234126.56,230675.96
33041.37,23466.49,120903.92,2448.92,116.62,29.25,384673.87,221999.88
35790.05,26345.89,98576.52,3424.97,203.1,34.61,46121.05,125460.29
36090.42,25328.45,46919.73,2871.53,57.48,25.43,20072.97,112146.86
43879.89,17934.33,136149.26,1083.1,20.81,46.35,84055.56,92473.98
31066.67,14481.12,47976.84,3185.09,458.77,7.91,41777.28,133238.76
14632.64,20902.11,33053.33,1856.81,340.84,23.68,145001.64,117429.24
5875.97,19750.5,129478.94,3415.5,392.03,32.65,214048.67,186290.01
30706.28,25611.56,113667.51,2873.33,314.86,45.43,394260.07,204860.49
4251.29,16332.44,75260.15,2354.24,454.32,24.37,34557.07,73999.21
12823.38,7003.46,111048.07,1602.59,449.0,48.85,188475.27,113882.23
3974.65,19721.54,152927.43,943.02,38.5,32.82,466133.13,205833.72
27895.49,24548.36,29595.14,1050.51,102.84,34.96,296662.48,158812.06
8856.57,15260.88,108222.22,2629.99,203.94,40.91,416846.45,236116.04
30909.96,23398.96,55353.42,2879.8,177.13,36.7,252086.77,216388.76
39752.39,19393.42,89264.71,553.13,267.53,26.13,66675.3,94687.16
41272.16,27164.91,88209.19,1144.17,140.6,38.63,109730.77,114754.96
16167.63,5565.29,65999.28,2381.89,400.75,1.79,383879.52,226014.23
27898.77,22927.05,50943.27,1177.26,13.67,46.64,434771.61,198630.31
28587.53,7299.83,127224.1,1147.06,397.84,41.16,244420.07,143733.39
24171.47,11946.88,69587.99,685.55,202.75,31.88,256379.18,146941.04
33100.58,9758.97,141450.63,2657.1,12.52,3.44,236058.7,147178.63
11294.27,12101.99,66108.49,2155.64,425.06,14.75,28814.29,85018.88
48982.92,14825.38,138618.74,3283.07,228.91,12.68,65844.72,168992.29
5805.91,20226.59,100128.89,1513.67,365.12,12.85,496106.28,258148.81
41631.84,19733.13,76702.17,879.99,440.44,33.61,40166.54,89202.03
30110.7,24027.89,126306.98,3049.08,26.81,43.81,187505.15,194522.3
12997.88,8521.72,125882.29,3595.15,138.46,34.08,351529.39,170486.12
37538.08,8514.18,81801.51,1554.14,68.26,19.44,223918.85,174769.58
5139.56,16653.19,80008.51,3009.56,58.02,48.46,491678.63,239985.14
38946.47,21985.66,106314.28,2842.95,473.36,43.13,35714.57,144164.76
29909.28,17118.94,103543.84,3261.32,404.73,34.27,439788.3,241357.27
6426.77,17684.54,80842.12,1734.89,188.72,19.87,84677.25,104911.68
4895.77,17860.8,129149.76,1039.52,346.77,34.19,118314.6,86047.25
37790.98,19522.31,78577.46,836.12,460.53,20.4,273585.82,153680.81
15353.86,22406.36,88609.85,2756.32,118.2,7.76,438298.24,258518.45
44575.79,23449.54,111530.78,3161.32,16.93,30.94,218758.91,170651.6
38341.58,21367.39,165187.0,2251.28,413.81,34.91,160915.46,159524.01
35211.32,14589.99,54471.48,545.11,364.12,17.47,212802.56,141624.65
14651.7,3474.38,41412.66,500.51,88.53,46.47,65284.8,45962.63
35738.28,12346.04,40525.48,2038.57,249.93,42.71,422352.48,242371.87
47459.24,24888.3,124880.05,3388.41,88.61,29.14,459303.25,257307.43
5486.43,15439.78,82470.54,1671.14,305.28,3.01,344371.84,191045.09
16981.97,10351.33,69628.98,2334.94,327.31,0.86,233441.42,161056.34
12498.94,15198.66,46752.03,1905.58,145.57,31.99,314792.38,180588.79
20269.26,8361.96,140904.63,3384.82,392.61,40.69,284896.07,176301.64
37374.3,13115.6,79752.57,2912.69,242.06,25.02,44746.47,119352.52
24237.89,23822.04,112173.16,1238.98,356.12,1.17,209322.24,149823.81
28965.8,14350.18,32796.93,2228.86,323.51,7.24,335277.77,172855.62
16393.59,8555.98,27500.75,2695.26,230.87,10.56,426943.56,236448.08
7923.17,11583.25,24033.01,2917.89,153.43,31.39,192307.04,118286.53
14079.75,10862.76,66955.39,2145.57,110.11,24.3,413250.61,227396.04
43124.33,23350.68,92249.1,1071.39,375.51,5.11,383319.66,236108.92
30518.43,25364.95,60755.79,2022.65,324.55,25.08,466068.87,258290.34
19521.44,15943.17,68457.77,2373.16,147.66,43.47,494926.82,252340.84
39705.39,19968.45,21882.46,999.63,483.88,21.96,40031.48,112860.05
4158.41,8445.94,62664.58,3235.03,407.07,7.49,229985.94,175645.65
13440.66,14198.44,33638.59,933.24,72.13,28.9,391308.89,175203.92
12275.05,9181.92,30961.29,2897.73,89.66,46.47,415119.95,194690.06
49282.86,10377.87,13955.68,1402.8,276.58,5.8,59770.03,120598.81
35598.83,24508.64,125582.1,729.52,60.17,7.82,311163.49,184825.58
31271.51,15128.46,152138.92,2436.23,482.53,28.34,451257.23,232622.11
1244.26,10344.58,103399.77,2439.03,322.63,17.0,128988.35,127880.01
10031.19,4134.51,22256.9,2732.44,42.43,44.78,186732.35,106126.41
32141.52,23251.96,167100.74,2503.14,227.31,35.64,209527.02,191433.2
19606.25,7742.82,152654.11,1136.25,118.76,7.35,209378.12,124004.93
46289.74,17765.06,87106.06,3223.29,250.32,43.54,289619.01,180444.1
38471.49,24579.48,40304.62,1941.05,131.04,32.11,49187.08,102496.47
22921.82,14011.13,120716.1,1491.02,417.58,24.68,394011.09,231883.42
37726.23,26202.72,165375.06,3533.57,363.34,12.83,78981.0,149507.65
48794.81,14340.59,129383.92,1097.57,454.22,32.49,410391.66,227781.74
23588.06,19164.65,110841.14,936.91,107.0,44.92,28205.29,74864.17
32483.77,26067.72,114424.81,2223.65,198.84,1.92,397772.47,237822.05
46014.57,20420.38,163134.43,2727.84,404.68,18.76,190528.22,175408.95
13185.06,16634.6,28909.98,1726.33,193.18,46.78,334811.98,137179.89
44441.34,17056.19,40330.57,2995.73,195.75,19.15,106002.57,155611.44
5779.69,16307.02,138513.27,1554.75,493.16,1.79,277764.62,134455.49
32773.96,24777.84,45863.67,3201.0,387.72,5.07,163573.45,181062.8
39359.07,22081.4,78243.11,547.33,431.8,34.54,21883.84,86527.18
31115.7,24973.75,65796.39,772.73,209.42,35.01,368067.69,203983.82
25281.21,17034.97,53927.46,908.1,297.1,5.75,82964.43,87985.25
31250.01,18004.18,23133.03,446.43,230.77,10.96,471058.02,200075.22
8431.52,8126.54,93607.66,1838.87,230.64,28.19,280987.76,137127.18
11562.96,16650.33,76499.99,2992.08,72.57,34.33,20803.67,98782.17
14225.07,20543.09,101415.05,2987.28,422.65,7.84,473563.04,230451.63
30291.19,19161.4,64482.81,2582.21,201.37,22.82,83736.18,137057.8
22653.15,9574.9,149171.74,867.35,295.09,28.1,420291.77,196201.08
12979.32,13705.99,101710.14,3119.1,429.97,2.49,178053.36,148332.97
44257.66,24092.31,163648.87,2068.09,389.0,11.19,292669.77,198657.08
19322.17,22682.02,73896.48,2591.23,107.14,45.94,421148.12,233554.59
22855.55,8124.73,11831.77,2267.22,313.07,44.0,44075.92,110621.05
21075.35,7201.26,124044.52,1235.03,252.91,16.12,346427.84,172865.95
9915.2,10535.44,133398.29,2261.64,137.47,43.4,91319.53,108495.94
36849.72,10319.36,21767.48,2894.76,30.02,31.63,363870.05,182991.91
22974.45,24213.25,115049.14,1438.09,318.6,49.08,97137.92,109499.42
1796.6,9133.25,108154.19,2714.35,392.13,48.31,30532.96,79738.41
48236.67,20552.74,42573.6,3091.22,471.44,30.85,94610.3,163385.3
40972.42,13122.7,95614.22,1623.9,183.94,23.39,320354.14,182102.87
36454.41,16548.84,53502.91,1491.65,205.62,7.11,493148.86,282524.35
43585.5,28418.63,30120.4,1563.03,89.87,26.52,485658.56,259065.67
45433.56,19116.11,145995.0,3176.19,492.46,19.91,377931.8,223731.86
17537.0,4179.47,79639.37,1772.12,426.3,32.28,415798.62,206280.29
30936.98,11416.68,127479.72,2147.51,479.23,4.47,439502.97,211411.99
30831.58,25746.19,130416.44,1396.8,252.72,41.75,273609.81,192141.46
14097.68,22606.35,167172.35,3802.06,112.79,48.36,129729.2,176091.37
11875.66,6979.75,74087.04,3058.26,290.86,10.47,337325.95,197174.6
6581.46,13813.94,78045.99,2230.97,192.33,31.64,87964.57,110828.07
33306.4,8660.99,52783.35,3149.54,180.45,40.1,419533.12,266595.74
39265.03,19613.12,111336.84,2648.98,50.36,27.72,217803.7,196281.82
38286.7,10612.79,83976.55,3301.29,45.84,46.77,147916.05,157028.58
16497.49,19763.4,126481.08,1200.86,195.61,25.59,424859.84,204968.69
11057.73,21033.26,73520.8,1121.43,463.84,13.53,73372.41,82072.19
23227.09,8518.66,30787.42,2820.97,364.28,23.58,487916.68,231906.43
27793.86,15081.66,142118.47,2028.23,382.67,24.39,476197.67,266781.74
46035.27,11696.89,134424.32,1848.48,124.8,12.69,312218.28,207686.09
43866.33,15886.5,68604.22,2630.59,369.92,39.35,361821.1,183869.71
45886.86,10946.78,113858.42,2497.24,209.1,30.89,37831.73,116128.8
42662.86,14191.23,87751.4,1536.56,39.1,18.52,229799.86,140848.56
48264.48,29462.26,138910.76,1948.35,203.46,21.08,444615.98,232607.91
23809.5,6131.66,66474.52,1616.69,74.31,18.59,25530.63,90728.51
3326.2,17915.12,96999.79,951.36,428.31,22.39,159497.57,89947.73
5094.54,3029.23,15806.72,844.74,421.74,26.4,189843.52,98285.21
20123.53,14840.15,42234.06,1870.01,150.86,16.55,344038.23,193778.07
13626.67,12041.67,127989.35,3007.25,309.84,40.91,358322.71,175482.58
9327.09,20530.73,76751.58,1699.0,188.24,46.42,51291.02,66645.89
47706.98,13922.87,21228.58,1317.87,85.57,26.14,124407.34,135424.14
10575.56,6118.91,34202.39,2157.51,328.21,35.57,416238.7,189991.87
48009.58,24701.84,84443.19,978.25,382.45,46.53,112072.52,129366.76
38281.1,22307.75,126943.6,1838.89,389.61,9.6,157536.24,168285.87
32406.34,20615.31,74197.58,1074.58,83.12,9.49,97877.27,118373.18
34124.93,7834.46,119319.51,2586.37,261.16,3.63,382071.86,241576.55
17242.24,9017.66,136632.91,1109.02,21.71,22.11,33011.1,46625.46
32674.92,23412.94,73195.16,1764.66,54.18,16.56,164918.25,135272.87
10147.91,14246.32,132451.51,2491.19,49.72,28.03,275511.27,170936.79
46947.57,21632.31,40703.55,2721.18,38.02,22.55,22889.8,101905.28
15787.87,9427.95,72758.47,2564.99,173.55,9.51,477913.33,207248.31
13504.14,8274.2,25765.91,2963.13,185.26,19.56,437258.79,227191.25
35846.98,26127.22,33518.33,2239.24,351.96,1.44,330711.79,211809.17
33165.99,21324.43,31416.01,1269.73,171.64,26.87,230782.8,159943.7
23113.65,7596.62,26266.34,903.33,78.79,13.55,94547.32,76783.06
31989.87,25183.26,146326.87,995.72,473.97,5.62,285746.89,165508.83
8815.16,13619.25,94728.58,1378.65,438.98,3.29,134819.83,107512.92
33993.09,13799.18,153410.63,1263.91,70.87,35.72,326248.33,204725.06
14259.92,11096.2,91887.01,1630.19,187.76,12.37,89881.32,98181.1
14368.96,17519.18,110178.49,2688.37,92.36,32.94,364217.24,225737.53
8946.82,9626.68,39451.52,2304.16,479.96,40.78,174994.48,148493.94
17286.48,15242.82,95578.5,1500.58,184.43,25.0,260951.23,132568.66
17231.3,17801.0,75109.67,1950.35,58.08,6.65,97676.29,116232.37
23254.77,8960.77,147226.74,1464.77,366.15,30.73,143012.88,114590.5
10330.56,20978.82,157201.63,2344.64,358.74,3.58,236101.64,154815.51
10457.37,9536.84,41411.77,1786.3,128.11,40.86,239927.02,150590.16
27545.19,14186.85,106268.45,1505.1,167.52,38.08,499893.34,259906.78
7314.99,15584.03,110002.71,1402.47,213.36,20.1,181002.3,123080.91
34755.95,19322.5,102025.59,3450.89,141.17,13.45,60501.36,140174.66
47253.41,18533.02,37854.22,1846.93,151.55,35.48,271624.94,198486.03
21912.99,17552.57,113874.27,2299.39,402.78,28.36,174476.35,157630.47
45154.16,27135.98,142576.15,835.48,378.41,7.25,441332.8,205316.87
5817.51,17269.03,68873.0,971.7,349.39,37.96,120943.12,82411.26
3104.92,17194.04,93365.23,1601.03,346.52,16.7,430718.28,205339.59
36347.07,12808.38,32114.26,3061.92,265.72,44.69,338517.1,189316.67
38290.06,16336.38,153018.96,1373.3,181.95,41.47,110234.94,103388.34
42309.85,19761.44,36692.14,1163.0,363.07,13.79,214518.64,161220.73
3784.07,2118.53,36909.51,3156.0,67.02,12.76,256367.61,173521.23
39068.45,23324.64,66939.09,1829.91,79.12,19.89,270463.55,169118.41
19450.4,10697.62,133297.68,1689.87,71.87,40.22,210605.56,112087.1
15863.54,9183.33,113941.77,2509.35,369.03,6.53,300621.35,185195.02
9478.17,7451.83,11978.56,1599.17,299.86,15.8,364035.83,150964.02
49804.77,15986.85,44405.9,3098.63,230.58,32.96,262968.23,193039.88
4119.52,7915.19,120104.07,941.79,243.35,1.67,309167.89,152984.48
41523.39,20598.76,80035.01,2792.76,415.5,2.8,432605.76,210412.41
32335.23,18346.57,23478.22,1026.74,69.62,38.11,258920.87,156565.15
37018.94,12890.17,155080.08,3214.74,197.79,26.12,219823.63,204799.54
35874.14,11700.1,36288.85,2739.83,382.48,27.88,138920.43,161235.73
43063.29,25226.64,99198.98,3058.74,332.34,12.44,83055.15,154112.77
10005.81,4309.27,44453.25,2835.68,223.22,26.59,160283.4,140417.11
1040.41,10708.13,120499.55,2785.07,119.93,27.25,214958.55,134164.26
30327.9,16716.52,130998.5,1167.96,473.76,20.69,386843.69,179603.06
18339.07,15363.48,74887.74,624.96,209.88,48.22,124365.82,92658.57
7065.58,19183.29,115821.83,1667.33,440.14,2.46,357030.11,198282.08
10120.8,14690.48,148568.06,2278.54,391.14,20.75,57936.27,110114.62
17255.72,22937.0,141496.92,1685.09,432.15,42.87,96027.79,102967.74
4441.44,18379.67,79863.91,2651.72,18.29,10.31,176637.7,140864.41
3788.75,5445.18,73370.18,2561.94,243.92,46.75,245514.54,136547.92
45885.29,14380.13,145101.46,3644.09,137.12,21.27,106845.64,196994.76
16293.03,10481.7,18369.42,1353.51,144.27,7.83,73774.85,87141.4
49129.3,17960.39,22675.99,2491.99,142.22,4.65,291596.22,233303.03
48253.98,20934.2,51587.69,2507.42,200.76,16.35,217754.21,212188.43
7985.99,6631.19,130310.09,3618.92,211.25,45.99,219628.32,154397.79
36031.29,12041.99,36849.5,2527.73,320.68,46.95,167814.41,169928.75
30439.44,14024.99,57585.49,1210.29,157.18,28.16,198198.82,144289.48
34841.71,20572.79,112673.19,707.66,143.66,5.91,108355.81,117534.74
5713.36,15061.12,43764.1,3126.5,186.7,22.83,149880.24,138021.86
10239.44,21582.17,66217.6,2507.69,346.39,20.89,280291.0,154773.75
4755.29,5398.16,77020.87,2841.66,10.08,11.55,270700.09,135632.33
30602.58,14281.27,49500.86,2647.91,375.99,3.8,454845.16,217908.85
49342.96,29179.8,172243.83,3094.93,176.09,19.08,419619.16,275225.03
33927.24,20740.62,45292.17,2505.74,292.36,18.59,23408.69,110599.3
35827.32,19214.89,143612.8,3513.49,383.15,35.2,130286.68,180908.09
49244.67,20872.03,89862.1,3200.23,260.31,19.71,446093.69,298924.22
34222.57,8816.97,30776.51,1353.64,327.1,0.66,171081.55,148865.61
2968.9,18514.57,36992.15,374.75,460.77,1.0,249298.71,109559.94
43483.27,21394.01,94658.13,685.47,24.63,34.38,343992.76,190467.6
18869.24,15421.36,68597.51,1738.24,181.27,33.04,280811.43,144972.13
1213.82,11263.02,48027.75,2761.58,464.16,8.02,22336.63,93535.79
25854.47,13313.22,154696.75,3331.56,420.34,43.31,119150.46,124572.86
46913.74,14848.71,84069.03,1693.07,312.25,33.13,68211.04,92187.32
13609.2,17950.62,154038.09,1744.86,122.36,7.7,100469.72,118116.14
25084.15,15453.4,41142.68,1774.86,171.96,14.38,90736.97,118760.47
9515.07,3064.83,34054.45,2684.65,430.4,48.68,318933.83,142246.21
3826.94,9047.73,98662.2,2439.15,352.15,20.39,215151.02,121317.41
4946.7,19597.11,59809.66,804.49,149.97,11.84,51944.62,56096.86
36623.53,15115.65,43908.51,1370.02,74.8,26.21,59499.4,100419.03
43339.65,17225.97,32510.16,1873.29,392.58,10.28,476171.07,222316.28
8021.64,14271.57,27476.5,1798.34,292.35,39.59,94285.75,73804.13
15127.61,19158.18,129535.96,3156.52,482.08,39.72,141843.25,164886.85
10556.44,15646.28,58430.68,3095.45,209.18,40.04,295661.56,163787.17
2315.93,17539.25,160902.18,1195.85,181.02,30.86,109810.8,73748.58
28118.14,8346.05,38229.41,941.93,152.47,34.7,114814.11,79384.23
35296.19,25588.79,76865.8,1621.58,246.12,16.07,54842.08,124120.46
32746.0,24675.68,79102.29,1355.07,168.14,43.94,490794.15,245459.19
20014.62,14626.32,89223.21,1730.16,45.86,7.21,310904.25,176824.79
28195.5,18321.57,145899.46,947.59,162.94,12.72,274277.1,160766.06
5610.87,5772.03,130659.3,944.73,117.25,49.63,446561.88,155364.08
8560.88,10947.15,15201.39,2607.26,409.54,48.02,305324.08,185066.49
46657.94,13784.3,75369.43,774.33,125.44,25.38,146279.97,119425.86
38313.88,8591.32,131923.88,3149.44,234.85,24.96,246683.98,205506.54
46214.22,28870.45,28125.04,1129.51,339.64,5.84,249237.77,190870.36
45917.33,14736.82,94167.2,1467.58,83.12,32.98,211078.2,136541.73
32820.24,18629.66,57527.69,679.8,270.33,1.55,381742.64,180985.95
46483.69,15651.62,77372.74,525.33,425.12,15.72,72647.74,104348.68
21418.5,12010.82,75552.84,1508.1,296.2,20.92,96423.09,98688.93
1177.2,8491.79,68597.83,2865.52,246.37,44.7,198654.21,114819.72
4065.98,7846.61,140610.05,3470.92,421.05,48.42,54163.04,104916.26
6364.88,14202.27,94149.04,749.34,474.15,48.7,493949.86,185864.17
5672.32,20372.72,152341.45,951.34,412.28,39.94,257981.31,145917.4
18233.42,12505.06,120381.7,1162.43,210.12,14.5,44050.96,81141.28
35362.27,26552.33,77154.27,2708.01,309.73,2.27,311790.17,225698.7
39741.79,21470.4,93743.06,1162.88,268.05,21.28,394930.2,165800.33
29920.45,18323.25,76188.08,1150.29,158.62,14.87,215703.8,152709.87
8175.37,6758.6,130550.15,3330.68,223.31,32.76,250655.46,152774.39
37647.18,9256.39,39606.79,2835.39,416.34,18.55,356288.0,202671.97
18385.29,20789.79,157411.61,2830.9,157.24,44.54,132232.54,140722.69
1636.67,12019.97,98777.52,1069.53,445.88,18.7,306878.67,112042.56
14748.84,11530.84,102929.57,1719.98,495.8,18.9,322853.76,172269.45
17199.43,19773.25,95754.8,1263.69,160.32,37.96,406228.96,193072.79
14438.03,9443.92,92957.13,2513.14,70.14,29.5,447714.39,241263.37
40781.64,23936.86,120962.43,2966.61,479.02,12.76,471626.31,279777.27
38236.39,14542.57,111614.17,1070.26,93.82,33.83,80636.67,106655.33
35082.05,25473.59,56430.2,2986.22,388.02,28.15,411808.44,241441.61
7811.25,7287.6,95283.91,1918.61,29.17,5.2,344206.77,178888.1
40583.86,11299.08,65460.1,2732.82,125.43,23.36,197949.5,159792.46
34181.62,20949.21,114128.76,820.39,137.48,45.94,462949.36,215550.26
10547.05,5784.93,89063.96,1591.01,155.65,10.59,432856.17,198982.51
32756.6,25563.9,51504.71,400.39,460.46,20.73,391692.25,209590.04
24692.07,18221.74,126113.81,2814.17,95.9,13.8,47592.48,118731.71
22528.15,9507.41,78872.88,724.77,95.08,26.85,104963.28,73109.49
6494.04,5870.78,89655.65,1529.31,348.92,48.76,460798.01,196370.46
26396.91,23794.95,121569.17,2974.92,476.64,15.49,491473.48,281443.53
5896.66,13532.56,110492.46,2824.47,200.75,41.64,153105.92,135939.88
9048.42,19737.54,129384.71,2603.76,388.83,41.91,153145.76,118213.55
7494.77,4148.35,38297.68,2304.15,25.21,12.97,312946.35,161343.97
47751.31,28095.41,43483.06,2205.99,413.79,38.63,56567.21,165947.44
14958.37,13632.64,112937.15,2524.39,364.46,49.41,305751.43,143650.15
18405.01,17215.23,52990.0,1378.95,449.34,47.7,484970.76,223430.72
16781.95,11127.46,30519.68,334.28,322.35,30.29,162537.38,75656.36
45014.27,10656.09,32554.31,1544.07,471.25,7.59,376517.62,218452.92
28585.33,24897.53,70274.04,583.2,201.03,5.97,271952.36,135124.02
46038.84,29102.43,172091.07,2320.17,368.94,13.34,157909.44,177886.26
15696.32,10747.93,36401.09,1627.83,365.53,30.07,217989.8,127058.84
6626.9,20230.8,64472.45,940.65,141.62,19.31,284519.33,124861.64
28254.7,9421.6,146043.73,3104.58,461.08,34.95,385563.6,199276.23
17931.31,7102.61,150361.76,2894.02,391.8,39.39,279581.6,189530.09
40293.43,9984.37,46169.78,1953.51,434.51,9.02,464067.34,263415.7
44091.75,16948.1,146224.12,3516.26,187.67,45.26,76135.38,138938.9
24156.1,6351.11,30223.99,1083.96,422.21,3.03,479694.88,175945.8
48596.59,17915.13,129754.89,1508.67,164.34,13.25,284312.68,199724.4
28097.64,8818.14,13940.7,701.67,482.56,40.74,208071.32,110279.09
14275.1,17600.31,78040.1,2069.08,21.73,9.19,56504.51,107118.56
24959.8,21742.53,58257.63,986.82,313.4,11.01,162199.14,111180.33
2828.2,14478.04,118663.6,3213.12,65.0,48.78,230208.57,185866.42
40396.06,12488.85,17319.22,1069.09,362.18,45.62,469792.02,208853.69
5970.32,16647.6,85728.83,1952.34,188.21,40.64,383084.16,164936.96
16128.68,8590.99,112898.5,2200.07,436.61,8.69,48341.57,108557.0
28700.51,21050.13,28612.31,1135.24,437.62,12.76,177388.86,130107.29
3105.78,12185.41,144871.35,2965.77,190.36,11.76,255887.51,154298.97
4886.53,8628.2,64276.18,2428.39,406.89,9.46,428040.88,194441.61
35109.7,9150.04,36283.58,2487.77,343.76,48.52,392685.19,218237.99
4517.08,17539.85,51724.23,2115.79,219.02,8.3,123746.1,123808.72
24377.06,23698.64,73100.27,1800.03,178.19,37.34,44220.59,81628.54
17596.09,17004.61,47368.08,1638.7,113.05,2.55,83540.19,113224.07
12175.89,21743.74,96428.91,2660.09,40.97,27.19,261579.05,155016.37
10250.17,20765.21,113387.27,1760.34,263.51,3.54,63141.25,101726.29
38407.15,11976.29,77428.4,1755.2,274.62,3.09,139883.73,112793.13
47625.57,24283.75,86346.67,1006.38,227.57,11.51,414246.9,203520.84
7868.81,8885.21,125454.59,2698.2,475.79,46.28,212937.49,145957.25
48024.38,19611.46,64336.59,644.76,16.71,31.94,498150.32,230968.53
30143.36,9589.5,102973.08,3487.35,426.65,32.57,382871.72,254697.52
32441.36,25996.47,155270.81,1293.19,402.4,14.88,147160.77,137927.09
35786.39,21816.96,54573.15,1483.5,381.79,36.18,23633.76,103319.19
35501.83,12805.08,105129.67,1315.21,267.21,34.08,273059.59,189271.73
41170.74,15977.85,155238.19,1719.1,103.27,23.08,358810.77,227325.23
24689.96,13676.41,92761.44,1498.92,432.81,34.13,245447.86,152825.1
27134.57,20503.82,163053.23,2998.44,374.85,43.36,455122.24,222966.18
16867.52,21924.6,67496.36,950.05,418.08,48.02,388616.45,195688.25
6157.62,7999.61,93222.3,1331.3,125.54,49.83,269729.18,113982.4
33567.37,16427.23,63241.96,709.71,281.64,24.42,29083.48,82395.91
2646.89,12596.93,15616.86,1139.32,213.82,1.64,182358.52,95897.18
14506.12,11071.43,158466.82,3621.94,323.44,11.46,257315.91,207844.27
5617.26,11454.99,48972.7,1447.18,378.78,9.84,140112.48,84564.96
10345.63,4630.42,149804.13,3103.3,95.12,15.03,422072.92,239851.56
32297.81,10229.21,107873.13,1978.31,95.28,18.03,223746.16,158480.64
31795.35,14680.55,147814.81,2142.91,31.37,33.43,117824.24,106283.49
21631.69,22667.65,163378.52,3306.41,87.02,26.28,393967.71,257954.74
5418.43,8396.17,94052.17,648.04,127.68,32.49,311976.21,115632.42
22235.32,9818.02,157809.66,3397.22,45.53,48.59,114597.65,147914.98
18284.5,18642.71,131177.01,2162.99,184.29,2.45,275718.1,182092.8
36302.5,26268.54,101967.94,1628.11,340.83,0.72,353370.19,206148.5
29372.3,15327.37,112228.67,3290.96,398.61,33.28,235248.0,175945.75
25086.72,5685.14,37717.46,1274.18,179.45,27.31,165143.38,123504.06
24862.12,18891.34,21712.8,3043.89,51.07,24.14,351040.97,189442.11
48348.55,18263.4,56845.17,3099.66,382.09,42.67,349887.72,261967.94
38058.42,21247.77,85068.99,1302.32,201.68,7.94,28129.97,108882.54
25352.0,10985.87,46856.32,1322.03,133.2,28.68,132380.15,104110.74
24481.91,5443.34,83889.88,2874.74,240.64,46.6,330231.71,204318.12
2297.48,7677.17,106543.64,1199.99,485.23,22.29,127589.5,88058.75
47182.95,23680.04,119034.14,2817.83,192.59,29.0,482074.33,269613.75
16639.52,11493.61,143790.73,1193.49,480.13,3.5,98139.65,87681.0
13541.02,7482.1,151101.95,1451.77,134.05,17.46,379143.71,155288.97
49971.04,19542.34,149784.65,2300.39,61.72,2.07,499194.86,233921.02
36215.79,22413.95,112856.53,2827.34,87.02,28.62,186357.66,188307.24
3320.82,3493.11,37630.29,2432.49,389.15,29.52,309501.14,159171.11
4032.39,14795.64,153636.93,2634.06,273.43,47.54,70741.75,96373.7
2249.58,13963.12,41525.26,1096.75,295.14,31.92,318475.28,138308.01
30381.33,13805.65,38001.49,1494.6,484.18,0.15,494010.93,212524.89
4506.66,20322.89,67305.86,1150.55,257.37,41.66,486972.4,192318.96
46736.03,27293.96,110007.97,1453.39,67.34,16.48,217653.53,165414.0
46908.42,16046.83,116651.0,1620.6,362.07,35.71,413897.82,247980.94
27756.65,6657.61,12253.52,1897.93,111.85,13.2,416767.86,220955.11
31215.31,12755.01,128017.23,1342.11,294.95,38.01,177087.98,119805.56
15302.83,7552.64,36419.95,405.55,428.65,46.37,414918.87,170001.1
4134.65,11998.34,57588.98,2396.06,243.77,3.97,97954.2,116797.2
37135.56,25842.63,72376.68,525.12,164.0,27.22,489862.01,181174.76
5987.51,18669.08,68139.94,3255.98,292.02,27.02,434801.63,194942.74
5192.32,7502.13,121255.01,1722.1,72.21,14.32,265084.76,123583.94
16249.93,12107.64,20623.04,222.2,160.71,17.08,204954.59,113700.8
1610.82,1534.74,34722.87,2838.91,257.03,33.81,474055.34,241366.05
22267.75,15564.74,20688.08,1942.87,134.53,14.63,54140.54,94017.9
35676.36,8870.95,124950.18,3095.19,29.24,1.53,259226.99,158942.99
40266.1,26856.04,169124.57,2207.19,296.72,38.46,253734.51,179075.94
30611.06,23527.42,119456.28,1724.41,206.61,31.26,203035.85,135009.76
42496.84,13176.03,101111.0,2505.6,201.4,12.52,74061.24,134148.4
20918.61,18321.41,151326.73,2034.04,498.44,48.08,140663.03,132433.38
42589.83,20094.36,58043.82,2003.22,64.77,44.92,491896.76,202294.83
25817.19,21289.91,31668.97,1064.03,85.55,48.22,407816.67,149080.16
11928.77,12160.97,88674.41,1508.04,439.37,25.61,422375.92,202250.27
47263.14,13692.18,53704.31,606.87,73.83,11.76,264575.17,145388.37
14473.57,15871.66,83104.16,2781.5,459.64,8.69,337676.21,207521.72
2283.87,2522.24,73181.27,1477.57,339.26,47.43,262402.85,135447.17
12891.03,14477.67,62812.75,3241.56,268.8,44.54,345132.51,198285.69
18967.69,8441.28,82270.09,1264.65,146.42,37.05,434464.84,215583.56
18216.13,17499.49,74121.61,1848.26,186.14,25.53,136445.46,136286.97
26708.71,21988.58,38984.47,1180.97,414.72,19.22,476428.77,255515.49
44273.22,11490.38,139867.53,2811.72,38.18,35.17,458533.67,260590.46
15324.57,11370.15,115780.81,3023.17,386.59,0.48,221259.82,191669.2
26517.76,20107.22,27075.56,1647.71,415.63,26.21,488870.82,225821.81
17666.81,7225.57,27569.49,1301.94,355.92,33.93,443611.59,174962.19
41266.88,19800.59,34835.07,2433.95,36.71,37.69,39237.15,100209.08
8722.47,15345.35,26229.1,786.37,373.9,22.55,40214.8,44269.37
6072.0,8632.88,20469.53,1940.8,364.35,37.26,359496.6,167911.21
25646.77,21853.01,45263.69,2453.83,16.42,4.79,396162.54,265590.27
33922.49,17242.33,141734.93,1589.56,447.22,11.66,139369.72,150324.79
39980.73,20722.55,141671.87,2709.89,74.78,7.23,259393.59,188780.16
29891.62,9225.34,125936.51,2861.84,480.78,16.99,278839.24,195154.18
38918.64,8735.35,101120.72,946.11,44.68,17.21,233885.97,151946.58
20242.79,5538.16,114337.09,1611.02,126.64,18.7,53178.77,102995.57
2610.52,18648.55,126998.61,1913.28,348.22,23.29,125070.13,117269.03
6688.87,19049.3,149189.81,3096.23,77.25,21.82,410965.15,188716.53
2897.41,16827.51,124651.75,2369.02,100.63,24.52,55081.7,95742.8
17118.24,7816.08,118039.47,1993.93,15.47,37.63,318627.51,192855.26
25279.08,15802.26,134233.58,1695.61,414.98,7.1,324395.94,207151.7
18459.56,19716.19,101444.41,619.0,28.43,17.54,479115.26,213131.08
28469.37,19349.92,51369.11,415.48,319.96,0.01,493976.6,190992.77
24549.85,7662.63,23388.77,914.24,295.33,1.41,473620.41,219559.31
34219.2,24806.89,85606.83,866.44,260.51,30.32,279834.29,137466.29
33681.15,10369.54,26590.05,579.75,193.83,43.8,40052.35,56657.23
16585.14,7167.04,35282.72,2024.36,156.79,15.3,153104.29,120419.72
17964.51,21662.57,25786.86,1984.75,478.9,20.09,248237.86,150209.95
29672.24,15884.48,61237.5,536.03,394.83,10.49,38777.52,77611.31
30225.19,13816.43,156702.83,2605.93,462.14,7.14,37806.72,120445.92
16420.3,14580.37,71609.33,880.92,369.61,44.2,175531.07,98063.31
17185.58,23074.36,58388.92,1485.9,416.21,28.61,205925.47,146441.9
35008.21,9834.44,71367.72,3326.92,482.45,35.24,298805.3,233751.79
32723.13,21805.13,66138.19,1944.51,232.29,44.09,467771.67,240491.55
7617.49,8542.85,109546.42,746.88,454.38,29.42,207764.93,114191.73
22611.05,7304.67,102841.42,1622.42,31.11,9.01,43083.48,79414.73
44742.6,17676.22,23105.7,2161.13,62.86,35.67,279220.94,176382.57
2778.98,11756.48,88547.04,1194.07,250.28,37.39,191821.97,120429.61
42903.03,13096.86,20726.44,3000.53,232.45,20.7,452529.72,261175.0
8995.73,10201.9,111379.19,1890.25,224.72,30.84,227119.07,152735.8
25855.18,18066.72,155145.58,936.88,273.22,24.23,174462.76,121664.15
21792.49,16099.23,149465.13,2414.97,273.8,16.65,367462.52,225046.07
1496.34,14900.9,46748.98,2294.69,436.58,33.62,256761.42,160226.96
45854.45,25980.78,133468.17,2089.72,179.5,12.37,286447.56,209613.37
23291.34,13136.5,130503.77,3444.21,164.96,16.37,92992.36,123502.25
47759.15,18299.69,144973.05,3440.47,353.93,20.28,200092.5,196402.12
15050.45,13195.59,53198.28,768.98,327.75,30.73,42283.55,67334.94
43447.51,20233.39,86557.77,764.64,416.63,42.61,382341.82,192795.91
46197.09,11851.71,46599.51,1238.69,161.55,30.75,137879.2,127688.98
28284.79,12253.35,18327.55,1955.22,13.13,36.3,77847.57,109231.28
10931.21,6038.13,105387.34,2371.56,472.59,14.63,302965.77,174941.53
34577.12,14939.55,79513.87,1285.33,31.67,29.37,298126.23,148236.89
27899.93,25060.39,61025.26,3163.32,343.21,5.19,171582.83,161660.49
47281.95,21319.64,144885.79,1715.69,167.7,23.16,481928.57,220482.8
22524.33,13377.81,87575.94,2870.06,217.53,34.49,325050.23,196072.63
14157.17,14367.2,160719.13,3316.34,420.64,8.99,464669.07,259466.21
7776.06,15102.21,132118.65,1046.05,215.59,45.1,164285.93,113839.53
35233.04,16028.2,143858.19,1493.69,80.74,20.86,284865.47,172285.1
48731.37,18976.62,132314.47,1385.63,379.67,33.56,218489.95,151655.89
2388.84,14655.09,32083.18,2927.4,19.9,23.49,218376.01,121552.36
37281.82,9143.18,21743.75,1226.92,144.62,36.61,42928.31,78272.59
46419.59,20315.49,153938.81,3295.46,273.66,29.22,125425.47,175505.65
4664.3,12105.75,34723.19,1659.87,224.5,6.13,437276.22,211172.02
6398.33,16536.34,74956.86,1800.72,313.91,46.24,427930.54,194622.44
34905.9,26642.75,114751.3,3293.68,196.86,33.0,70447.04,159336.42
32750.21,22567.26,53779.07,1647.51,201.39,23.6,28711.06,96583.5
4372.54,11198.39,46625.04,2493.2,180.84,33.83,68981.97,87642.75
41886.71,12181.68,82350.34,1742.45,444.76,13.04,326624.67,175488.42
26647.77,17300.64,71170.3,751.27,18.48,38.45,135114.99,69001.52
45452.67,25859.36,123790.96,872.93,470.42,20.56,386059.62,198602.55
44021.55,27486.38,37875.16,893.27,185.53,40.25,22797.99,98264.01
40812.88,24756.13,95674.91,2672.95,188.79,13.7,363570.84,247915.04
26279.05,9440.7,37820.25,1372.69,365.69,39.51,445467.57,195031.81
13333.82,17061.99,106624.72,1950.04,200.26,45.33,41507.11,83839.13
25792.8,22821.58,40108.19,595.98,312.16,49.04,436349.57,219717.92
5939.76,14967.78,45630.85,2134.96,452.78,38.84,460577.03,222762.85
33283.46,20528.86,137986.99,3119.93,424.64,35.2,277203.27,215547.57
7564.88,11766.14,48512.13,2154.14,262.53,26.0,156573.78,104249.26
26047.48,18130.53,126378.9,3587.28,361.16,5.29,290150.79,205141.19
3664.72,6973.37,50172.79,398.25,202.29,27.99,169081.61,82789.99
15676.11,5367.02,43372.6,362.31,390.26,28.16,467940.76,166404.94
12371.94,19114.83,63669.31,1868.36,93.39,3.24,280943.24,159067.63
31381.55,25167.62,152869.24,1636.93,32.36,34.53,403378.13,179097.56
39552.55,25118.55,82683.86,2504.3,274.96,7.45,312785.7,214861.8
3807.84,7772.88,46563.58,2633.13,115.52,29.83,158435.48,123698.61
42663.9,10856.62,91498.02,854.55,367.08,23.63,260062.27,151401.51
43177.62,14598.22,72596.58,3123.26,59.65,43.75,442347.84,215270.98
17771.18,20489.53,135970.26,866.63,14.16,11.61,203779.02,112780.6
33291.2,19946.62,164571.91,2919.23,341.09,8.56,183839.28,204154.02
20728.04,23496.15,100150.21,1715.8,255.39,27.56,479086.62,251083.07
8555.35,8893.35,77618.27,2423.67,476.49,23.01,180349.27,132828.76
26904.46,16634.6,68047.81,723.38,131.27,8.06,432560.52,176453.56
5231.62,16952.07,159695.77,3616.01,70.4,30.69,105574.75,150297.87
44045.14,13871.87,86173.57,3249.35,21.32,45.29,400027.98,258619.61
46290.2,28557.79,53655.78,1874.54,227.68,37.01,315344.79,225246.93
41259.04,20303.56,161779.16,2386.69,59.4,10.48,77694.36,136127.95
28563.88,6366.78,149421.33,2688.05,390.07,11.92,50693.68,105749.75
28322.33,6654.96,73504.1,2149.72,45.27,27.88,163187.5,156129.22
49245.76,27552.36,77528.86,2063.93,461.17,33.88,335578.89,224152.98
13147.18,15712.43,116233.37,2389.82,275.02,48.95,192854.59,134266.46
4721.47,16324.21,138253.37,3281.29,351.22,5.24,150153.13,165325.77
28535.11,21495.33,94483.43,2344.51,74.15,27.32,299294.73,201572.74
17110.49,12121.06,62664.74,981.24,53.86,49.37,477226.3,162624.8
16794.6,19431.84,64247.6,3071.58,183.31,5.54,78489.31,157297.36
1347.18,19051.32,67597.87,1064.28,265.01,48.63,329399.03,139438.76
30215.73,9900.48,30035.16,729.14,292.0,23.11,457953.03,178741.02
13937.65,18188.19,132450.52,3653.72,171.6,35.87,279728.22,173746.14
10205.07,8542.96,27053.55,854.18,143.6,21.26,482809.41,183988.01
2981.16,7365.35,68647.88,733.51,490.89,42.05,306989.4,141621.67
18853.72,12319.46,135922.35,2409.43,143.6,45.43,342848.98,167278.18
44069.47,26156.43,84520.5,2921.46,77.58,8.33,399814.41,261990.87
17496.87,4429.47,51284.03,532.6,186.14,37.36,115867.32,78318.18
34274.64,15816.49,155149.98,2297.05,158.9,1.04,288892.21,189511.09
38070.8,21375.09,40448.92,500.9,216.65,13.84,314846.45,190672.22
17076.94,6068.49,138158.61,2034.0,315.62,27.62,77670.88,98272.29
41260.4,24201.02,33361.96,1264.29,305.54,30.16,238645.66,194210.73
34902.1,25847.52,85639.78,925.87,352.16,18.26,389925.62,191193.39
28402.87,7953.8,102962.6,3314.77,86.78,13.52,39538.99,111332.46
1048.63,3692.21,61609.34,2249.22,32.51,8.58,218476.16,115262.56
2719.45,20038.79,98548.96,3037.61,397.5,11.99,89944.47,143518.34
49552.43,14268.67,45995.18,2957.22,116.4,6.51,104359.33,124957.33
39331.91,9905.71,95434.57,3274.71,164.68,13.06,266035.77,182234.13
46940.7,28455.89,47275.73,2505.91,233.28,41.06,34151.27,113434.29
45212.86,26948.71,141992.94,1700.11,360.99,14.38,223979.23,179504.48
2001.71,13686.99,100599.13,3006.9,90.16,45.38,32338.48,94964.96
39800.52,19213.01,90250.56,2059.78,452.18,12.26,464268.85,212261.34
23106.14,23046.27,31363.7,1044.61,167.55,24.6,443817.9,195597.45
39688.35,21220.31,94443.53,1690.96,491.5,8.38,121586.35,155165.09
1329.07,13604.55,97601.21,1461.55,149.85,0.85,51586.1,82722.42
15121.77,19976.22,59502.77,1749.51,365.57,31.28,140305.11,136246.37
37814.87,20801.26,119891.61,2965.33,194.57,16.89,33628.12,114333.68
39858.02,18293.3,30765.59,1659.94,419.93,17.25,372698.62,175053.01
31366.02,14372.77,46758.13,1110.58,236.58,20.39,295469.33,129006.18
15761.55,13463.42,122715.27,967.05,436.56,38.89,281042.99,152936.56
16207.77,13929.89,37491.13,2769.15,379.43,19.99,428946.67,234854.89
48371.43,17210.51,54372.99,1582.23,297.15,4.32,408469.98,224837.54
22521.4,13742.59,110368.1,1933.42,132.5,13.94,216263.16,155498.23
22909.15,20718.33,127256.71,2951.08,137.34,28.81,312961.71,213472.94
28064.3,14234.87,23853.84,2683.48,495.8,49.67,232067.81,174276.88
21065.61,5211.54,27524.7,1719.94,463.44,7.16,319524.66,160577.85
28080.91,11635.06,78995.16,2328.84,77.83,16.17,92731.93,121489.18
22184.44,9455.85,98519.95,1286.15,109.99,24.28,164038.51,104544.13
41509.03,24276.66,90219.6,3262.8,62.34,47.23,140904.12,142359.87
45543.5,18369.91,113521.08,2314.58,108.66,5.42,100384.17,143116.9
46673.4,15300.74,126859.56,2821.15,152.22,39.69,218642.28,226309.3
28650.51,22038.85,160314.94,1232.79,420.44,36.15,368719.71,210233.73
22665.28,5407.78,60058.93,2247.37,56.64,15.32,210107.2,167618.31
35556.76,11009.24,37457.59,1357.24,442.24,38.69,491665.11,243543.78
42077.86,25041.19,63325.13,1721.81,486.25,28.74,165003.53,132119.62
28586.13,16954.93,40047.79,2278.51,148.05,8.57,475102.3,213924.06
35299.07,22645.98,80282.41,2810.76,233.55,14.29,112905.77,145432.25
37736.74,24391.78,151035.68,1868.34,269.37,16.42,173971.8,139277.56
34143.3,25696.95,75881.24,3011.79,110.79,16.15,98759.11,164238.8
37560.54,9248.89,33978.4,904.96,368.47,37.32,134196.87,101077.24
11223.62,18329.8,95445.61,2209.63,294.2,33.01,95413.55,133333.92
25420.35,19405.01,164355.86,1360.45,64.97,40.99,319917.11,183155.59
29825.16,10502.03,40687.9,1142.26,449.03,25.54,116295.27,104174.7
1121.42,18892.48,132905.85,3361.22,158.07,17.53,60863.43,124706.01
42942.16,16970.37,137963.34,823.33,86.56,3.39,147881.95,126429.18
30891.2,23986.65,82383.38,3167.19,491.11,39.72,345632.03,243586.57
7327.68,13765.25,105847.16,1581.6,60.43,3.74,225743.02,109192.28
41001.5,18971.88,82871.66,2532.17,39.25,15.07,94955.88,131593.06
36135.79,10837.87,51707.71,624.52,126.4,33.44,50456.09,74283.15
38156.68,25960.72,87555.81,2397.47,166.44,38.21,370090.26,231319.87
20210.08,15396.92,31134.61,2893.11,222.56,3.43,357972.64,191374.68
42855.92,9189.99,114860.63,2284.39,345.73,30.38,241531.86,201411.68
21287.35,5114.02,129324.2,1796.77,189.2,6.86,273319.52,152719.71
28954.95,21454.83,66736.85,2735.06,284.07,37.86,135436.57,173234.12
1031.47,3864.05,90230.38,2618.06,12.85,36.49,252961.68,131650.14
32598.78,18695.16,53617.66,709.4,198.6,37.4,369731.17,189787.33
36190.61,21019.22,40297.14,2232.02,473.03,3.19,390335.66,198409.79
28788.36,11705.3,110588.93,2580.45,389.67,27.97,183437.54,178678.47
25331.38,16667.9,37779.92,2469.47,372.99,12.04,345848.27,221430.92
40686.89,13322.42,129044.9,1662.51,159.21,24.79,253512.52,154929.52
34387.26,25830.6,65068.89,1589.05,249.21,49.47,374881.19,182944.61
14625.63,20198.44,139843.2,3583.33,423.82,4.52,351574.71,262508.77
47994.59,15715.75,71005.77,2118.05,441.28,29.7,380171.22,251005.27
35656.09,17943.1,72836.66,1938.85,358.17,8.25,99144.02,136239.81
49409.01,20144.14,129948.36,3611.61,233.71,25.5,174618.6,198446.18
48591.8,28938.81,102139.59,1276.42,45.85,26.05,147192.2,130676.01
46026.58,17388.88,48052.83,1494.28,68.48,22.81,234593.05,159310.39
38013.21,19066.08,143562.1,3021.47,10.14,31.98,243157.98,194466.73
30862.04,24782.19,74147.96,2538.73,186.01,48.71,340307.46,184813.46
9436.36,5562.09,24352.3,3025.19,21.46,40.26,293411.42,141859.68
27624.22,16759.31,78727.6,2391.11,223.16,47.93,298339.94,196959.98
38503.45,10261.31,96433.51,1490.14,302.8,9.47,323832.72,192750.85
26522.0,17845.63,107709.88,1791.74,301.98,49.66,150987.06,141053.79
43543.72,16339.57,139234.79,1056.34,282.1,15.26,128543.18,154510.25
6373.14,20643.53,100018.81,3278.88,120.82,1.71,123290.51,133940.88
19666.08,12533.69,47464.98,710.46,264.4,21.81,394135.15,155805.31
25792.26,8314.11,49592.91,1930.51,490.12,12.31,66685.62,125254.97
22183.94,21199.79,36581.72,1446.95,227.86,38.11,171724.5,138282.24
6320.74,17771.05,125925.86,1118.88,438.5,4.35,154531.03,99847.57
8522.89,15754.34,32965.0,1114.5,196.89,27.4,304124.36,133227.82
42043.25,23510.48,111651.22,2495.61,315.29,14.47,463611.96,253073.06
24734.83,10608.91,100044.5,690.85,246.1,10.34,441725.43,160484.56
3387.4,13697.52,129856.03,3550.65,347.43,43.78,70585.91,115347.31
1808.07,1603.0,17103.71,2821.9,449.72,25.78,279300.91,120450.63
24200.29,9179.42,41765.68,554.17,226.04,16.27,37854.75,75737.38
9054.56,20490.36,153278.83,3384.62,381.13,37.31,400354.96,201066.31
35551.17,22025.32,105594.6,1580.83,442.44,42.66,199864.74,172777.73
39970.85,12992.28,81758.91,704.56,396.88,22.1,123135.1,116127.98
12186.54,5109.28,117500.48,1575.23,22.03,9.11,252368.92,119751.51
30016.67,25007.26,155872.73,3225.14,10.09,49.72,228849.59,213271.22
8567.79,4401.22,46657.37,2264.2,442.65,17.95,472701.61,229455.54
15875.55,8687.98,142664.35,1505.14,367.36,10.28,35929.62,96839.55
44550.98,12971.56,31137.97,2341.3,479.48,5.17,475992.39,278356.24
27660.81,6177.71,151706.21,2911.21,153.32,6.19,132498.2,162991.76
44408.55,15507.34,41309.38,2460.84,396.1,47.15,89615.44,135294.38
12037.14,21903.92,61127.41,1973.54,402.75,47.33,376075.43,203970.43
17171.19,10601.35,27487.2,2612.38,430.09,25.4,270836.93,157528.83
24076.65,15149.28,133652.51,2628.21,349.09,34.61,449910.76,286688.39
24523.92,19950.53,163674.08,1282.03,77.77,41.63,280465.81,165337.06
49884.75,21223.01,65040.0,2774.94,343.66,27.87,262624.45,243875.63
6607.82,16321.6,65271.01,1365.28,306.2,33.35,118957.7,92288.63
42746.29,21951.16,63013.01,2459.67,173.5,48.35,475891.42,232705.86
43320.42,21031.06,44274.92,2279.26,112.22,8.63,338955.3,216276.23
28106.73,18789.5,134211.01,1745.2,443.7,6.94,308752.99,174864.58
17857.82,19655.27,29528.59,716.53,79.55,37.65,399226.76,163328.07
26442.08,19637.15,161036.97,2920.56,216.88,35.17,68610.07,142171.39
15330.92,19005.79,154665.39,3335.49,315.17,9.3,435878.45,278162.46
40156.26,11370.41,31269.99,2687.22,486.18,15.12,260231.7,173028.88
25415.68,18797.77,96819.18,2400.96,338.78,34.26,405062.27,245023.99
46366.27,24145.18,168279.59,1600.88,159.39,24.72,362062.79,221169.78
31511.88,12651.72,138751.17,1710.76,39.72,44.67,236604.76,121500.8
26201.65,22794.59,126930.06,2923.07,165.67,41.86,389460.72,196982.27
35842.4,13610.36,19145.12,1387.2,153.47,24.36,365931.75,211172.82
25692.72,10393.27,23229.35,2340.39,411.35,33.34,21786.5,109830.18
45320.81,26472.55,141310.52,1703.96,194.53,32.17,360438.77,210272.73
10037.85,7324.46,65444.07,445.54,58.24,4.6,264218.58,121510.02
48694.09,18341.12,116595.51,2433.1,436.29,21.28,422946.01,221750.78
40797.34,15833.96,124848.51,2466.9,18.85,21.99,408629.34,239962.81
43175.93,26647.39,87534.62,2357.58,11.47,44.87,101911.29,130857.91
24662.48,14309.59,37238.03,1063.93,242.63,44.26,30444.16,75491.0
42022.88,22443.6,79025.58,2847.23,43.92,2.88,114236.21,159537.17
16031.93,19190.14,146654.14,2246.92,96.78,42.26,375740.13,204147.43
38335.46,20411.21,69336.41,2657.61,492.79,30.58,438248.67,228707.23
7882.06,20478.45,30466.93,2024.51,423.74,0.81,356275.53,207468.69
16045.54,19358.01,159560.46,2104.41,384.38,19.08,413882.09,226158.89
22840.9,12872.21,113995.92,2640.9,338.69,44.4,301875.62,178033.56
16793.67,22399.56,101343.88,2274.15,33.43,17.91,263129.92,205378.58
19963.84,14721.98,136998.15,2266.05,419.6,33.82,485774.73,257535.82
41185.13,9177.28,71960.13,2340.63,240.88,28.28,58683.28,107360.73
13577.12,8285.68,154470.34,1121.57,58.18,29.49,222250.05,84944.63
37518.78,20127.48,145450.08,3467.01,157.37,24.04,153467.47,198164.7
4611.89,4480.27,49263.2,1318.05,255.96,24.12,78584.47,86885.54
38521.22,19593.57,74476.81,1123.99,16.71,45.13,310676.96,179290.34
39809.14,15512.99,57393.12,2625.18,133.69,20.69,146360.18,127922.73
20683.24,15057.16,112650.15,1333.79,174.6,9.57,242222.98,136849.18
36401.41,7816.84,103956.6,3507.51,237.26,20.99,85562.53,153927.56
45841.78,26212.57,101733.41,1828.1,10.97,36.65,207193.53,187221.61
40234.94,15604.53,157530.48,1747.86,287.07,23.76,116122.33,140712.32
20131.88,7259.47,79287.49,676.43,106.84,36.6,450529.8,184099.41
24726.46,13984.65,129827.47,870.37,302.65,11.99,270750.16,153867.23
39188.52,17818.16,114678.32,949.3,127.18,29.14,403780.92,188292.65
15337.13,15996.78,92934.24,579.27,207.33,43.22,253148.64,133170.93
40390.25,18807.02,26149.41,1179.31,315.58,26.46,40344.47,105830.9
17075.49,4763.81,104147.82,1521.06,331.72,31.84,353385.71,157664.13
40493.54,25593.2,118650.85,1940.52,24.99,33.94,42955.25,104136.57
5253.22,10452.57,31468.78,932.82,272.19,36.98,209619.41,104695.96
3175.47,2636.36,122516.76,894.53,410.15,17.51,282530.89,134027.85
49886.1,25547.37,93152.04,772.13,111.15,31.34,394317.59,179407.51
43603.4,22093.69,69676.12,976.61,270.67,20.81,451327.89,225796.04
44259.53,22015.94,142086.86,1728.54,229.33,19.55,118310.61,148668.69
47612.72,18347.37,69466.68,876.51,426.47,23.76,338514.63,171608.77
22477.5,13000.19,105568.52,1686.68,224.99,20.39,245709.79,158372.12
15054.94,13969.59,105773.32,3303.31,472.48,1.29,388407.54,203552.9
7371.22,2960.84,15025.54,933.78,329.69,37.1,471125.0,172657.75
25559.25,11441.53,75464.1,965.68,285.08,29.22,275824.21,135393.74
11782.37,22120.41,54999.25,2302.85,153.04,6.88,157650.09,122805.75
46841.99,22781.15,52162.67,1784.37,302.3,13.07,403284.41,251376.73
1196.15,8908.45,107096.23,772.52,74.31,30.55,272833.22,103334.19
8016.64,6439.41,11805.98,2443.67,213.96,25.9,443493.63,229350.32
13077.32,17647.05,159634.09,2972.67,149.37,36.17,291715.11,162830.61
10748.88,7725.44,68512.05,3276.73,338.44,24.46,469819.02,224879.3
12063.14,6078.85,53189.59,3087.04,384.36,42.23,28417.58,89110.11
33146.33,10142.31,146510.13,2526.87,465.03,3.87,374700.24,248858.6
17048.09,18130.25,90071.66,2539.82,118.83,30.66,186338.22,150563.07
31136.19,19262.04,109486.79,1835.0,443.53,18.58,340937.78,200330.42
44622.64,10785.75,114526.96,3249.19,424.52,15.34,472326.45,269291.82
30525.28,8848.39,138433.35,2395.31,432.59,47.18,333877.37,214875.96
35032.11,19866.44,39705.74,1242.63,372.83,43.19,377592.98,199538.36
18909.66,15418.7,29174.67,273.4,141.18,9.19,95864.22,95606.4
8827.18,15642.42,161602.0,2608.71,440.16,2.87,101848.66,127631.98
16708.62,7313.48,12138.94,1684.45,303.78,43.36,295244.67,125716.76
48249.85,24318.43,127142.99,3090.16,372.9,8.46,226690.15,205453.94
31468.76,25047.63,113642.58,1210.53,110.58,46.41,73352.26,91978.82
14598.04,15140.09,97231.97,2950.82,87.13,13.87,369600.97,223049.62
23094.85,8943.51,126099.86,774.82,145.66,20.58,355499.17,155123.38
41940.14,22139.13,166619.88,2636.31,260.57,2.25,63956.37,160065.69
33753.73,13940.84,22951.12,1365.63,214.15,26.88,43355.26,82898.86
28471.99,7155.51,99831.33,1560.57,444.93,9.44,201830.39,149439.37
44372.98,15270.2,121148.92,1962.3,16.38,21.55,323808.41,176066.58
33949.54,24948.82,69320.25,1095.02,49.22,45.97,448912.41,227549.11
32493.76,15015.97,146477.68,1364.32,169.45,12.63,228562.68,126638.41
10298.64,19420.7,86800.52,2868.81,92.19,31.75,60369.43,114807.37
6213.05,11661.47,38178.55,951.39,209.31,10.1,423423.71,157142.54
48291.96,20239.46,145080.7,2962.62,361.62,30.49,79951.93,135473.0
30344.06,6670.53,147060.64,2898.25,496.77,14.46,325947.82,220398.04
21368.49,17197.23,33187.44,362.8,109.02,34.08,218457.63,93225.52
29862.02,8574.77,120853.54,3259.38,140.33,38.53,456593.66,250477.08
4028.79,10641.35,44690.14,2612.58,386.68,44.03,358357.24,164439.66
41284.24,13833.03,17041.14,2493.8,143.3,45.93,20068.45,123137.75
11615.63,10474.59,51168.68,2702.5,354.84,12.07,198925.73,170262.29
40422.75,19057.56,144207.97,2510.44,295.91,6.45,106548.36,162574.1
27184.54,6218.96,30446.83,3133.04,428.9,2.43,156095.12,137429.98
14552.03,8959.79,31114.82,775.12,26.34,36.02,211498.77,96089.57
2480.29,20293.49,128396.71,951.76,490.08,9.34,279864.85,109385.64
40975.83,9814.45,71773.71,2500.95,482.48,40.01,403223.21,217021.49
9646.55,8657.48,33456.47,1119.7,20.97,48.24,61485.55,65761.44
3538.45,7475.41,44330.38,2085.53,254.76,7.4,231729.62,123343.62
38038.01,15505.63,132621.78,1899.04,206.7,14.17,428344.74,209815.78
18152.12,17483.65,109360.9,1614.02,134.54,26.2,227446.51,153005.63
20077.37,9346.48,122811.85,3304.48,489.13,21.53,269261.6,163690.86
13106.31,12096.51,28854.33,656.2,95.55,21.3,393730.86,153910.71
43099.75,21694.79,88780.95,1091.96,139.14,10.86,362189.32,225643.07
15569.15,9899.11,128499.69,2679.24,14.03,44.46,264798.91,153718.35
11299.44,21260.95,60548.71,2672.29,294.31,34.08,484204.67,256792.18
16153.24,22834.26,47799.81,2752.42,431.79,7.69,37382.5,113262.36
10954.33,5024.5,64378.26,1092.23,314.74,0.22,46164.92,75738.65
16565.11,10517.51,61754.1,2966.9,329.29,38.13,225133.99,175405.91
5063.87,5568.23,36348.14,2049.44,42.5,0.79,95767.67,89999.4
8767.97,5895.99,148038.81,3227.53,360.26,44.02,123924.01,155607.28
21435.59,14361.23,86538.25,731.4,210.41,26.47,92039.62,78671.59
44093.88,20313.4,109421.79,1682.1,242.12,46.5,352337.09,227178.37
3807.25,9561.66,30209.83,1773.15,296.66,38.59,222208.88,133728.54
11421.06,8099.03,99934.31,2272.85,487.93,44.72,420403.87,182451.9
45508.94,15034.91,97549.72,875.06,376.61,37.19,140184.46,131995.24
44610.72,28768.64,163144.67,2477.83,345.12,28.83,319244.67,175116.16
34293.09,25370.33,85082.2,2455.32,221.63,8.65,122452.08,147589.82
12783.2,4536.67,122028.34,1758.77,26.88,36.38,26952.41,84909.6
21570.72,17616.88,63199.75,1868.14,273.96,29.62,350680.82,176234.81
11349.83,11679.08,98289.61,1439.89,333.83,22.73,89849.57,100564.98
7300.84,15392.04,151724.34,3383.07,355.05,27.93,353029.11,249337.29
19619.92,16064.72,108487.11,2380.13,307.86,11.61,351522.29,202142.08
29215.26,23683.47,127064.79,2334.02,157.18,20.22,340709.13,210228.74
18636.7,5533.61,136444.65,3520.86,118.31,6.21,304140.69,190343.62
30930.4,13503.24,149989.12,2778.25,54.15,20.49,444762.69,274759.79
15516.48,22820.43,53456.2,1178.77,354.39,23.35,56305.6,92238.68
17946.68,7643.9,39511.63,2158.64,485.69,42.89,467273.12,231502.62
39743.01,10931.6,93564.32,3356.53,267.26,26.36,51665.29,150008.7
44037.42,23522.44,168167.83,1009.16,339.86,45.44,257755.21,162901.24
16779.67,19015.92,91284.82,2373.54,349.38,48.4,463151.83,204027.14
29004.27,19410.19,68509.37,897.37,89.11,2.45,149086.05,106931.2
14629.95,18561.81,97752.33,2956.49,103.98,29.86,422194.19,192198.94
3613.4,14750.25,26137.59,2088.67,112.01,14.96,304730.79,157492.72
37155.0,10578.53,39157.8,3013.06,467.09,42.57,433369.16,230329.2
9379.17,14236.16,37982.39,2231.69,17.63,24.7,43312.34,87628.07
21859.91,20021.08,25064.62,275.26,275.17,3.9,286851.85,159281.92
24865.23,22350.62,127601.28,2218.03,194.82,10.75,110552.51,125287.61
10039.11,7309.41,58041.34,3010.84,333.08,33.69,28672.9,90294.21
5633.21,4111.54,32727.0,937.31,118.04,3.98,350698.08,140694.78
18052.64,19341.79,94748.78,814.14,480.97,18.95,379848.32,165591.96
47662.01,15035.09,63927.51,2507.31,172.3,43.58,373422.17,225534.57
31141.64,7350.95,67868.34,1896.62,463.7,1.46,368948.15,180913.05
19689.1,20529.48,67175.7,573.9,298.71,34.81,403972.08,165874.31
2906.63,10948.15,14336.13,983.43,213.09,33.77,245403.09,121008.23
30413.39,12952.02,115169.3,1623.42,369.6,16.04,186836.44,114545.25
5520.62,1826.99,22511.71,2149.36,281.0,5.64,390062.3,180078.08
27584.66,6705.82,42140.3,1678.34,77.91,5.12,339901.08,177611.18
37845.57,23525.27,51416.19,1769.93,355.2,48.46,116003.06,136432.8
21755.68,14400.4,64568.58,2761.99,293.95,33.85,228940.73,144754.01
15671.16,6553.81,33471.71,1074.77,287.17,18.8,107442.88,93758.6
3321.83,8155.23,61832.24,2359.62,371.69,41.68,393873.62,165382.38
2214.12,4166.27,43606.35,1383.95,330.21,5.17,138622.86,87382.69
22071.3,7115.45,19568.55,1411.12,189.46,6.35,318893.89,163434.16
44283.92,14744.79,143027.46,2427.25,166.06,9.88,372976.34,230108.98
12959.08,13807.23,60355.05,2419.15,132.9,38.18,495969.93,236709.44
29128.72,10420.87,27152.61,2976.83,291.82,20.44,227908.43,175283.61
34530.99,14107.78,91907.55,1339.67,156.95,32.13,438781.05,248443.86
3980.66,10615.78,31367.58,557.7,69.0,11.62,338889.89,156158.42
8501.92,10390.96,125411.29,1970.55,393.52,38.86,24055.22,70246.13
17232.56,6454.75,19092.61,1780.94,112.47,40.08,207813.96,125106.84
33834.57,8024.79,78792.05,1155.17,90.79,20.66,209176.69,125264.05
22512.72,5693.99,146410.01,3414.49,426.01,10.46,77420.07,123118.38
36975.56,14723.6,39829.39,2615.8,354.04,31.5,229803.18,166339.79
43512.3,23219.1,52773.74,1795.49,385.42,12.81,75900.61,123504.64
38160.24,10691.53,100620.63,1908.29,181.68,7.41,420984.55,255760.56
49620.11,25770.13,167694.95,1056.62,312.54,30.79,193710.66,167871.92
37963.69,22048.39,78584.89,2049.9,466.78,25.65,107898.43,162506.89
42756.78,9128.25,106356.14,2359.45,148.52,39.17,308874.99,202199.34
41785.95,9378.77,34588.99,2858.68,43.79,14.62,431639.42,258556.64
36783.02,11659.75,107330.39,2089.84,93.73,11.27,468765.23,208894.07
40288.29,9652.02,49357.61,803.18,449.76,32.03,449257.15,205700.76
46799.48,20221.09,110103.57,1172.68,147.95,35.05,443385.25,216712.53
24285.16,6129.76,22759.69,677.41,250.71,20.67,187064.71,121226.1
32276.06,22606.81,99205.95,3317.78,271.94,22.12,262602.29,230515.46
26232.05,15359.17,51711.06,2659.38,480.41,6.18,198228.22,141022.35
42700.81,23235.27,122435.98,3104.0,157.72,23.47,462685.58,218923.53
22136.62,19566.02,129064.94,3182.58,265.48,48.07,64556.56,139686.01
41166.61,18615.22,142872.84,1091.7,479.48,5.68,286073.44,172018.02
40168.37,26578.25,170159.93,2987.11,108.66,28.4,138514.78,194741.96
48132.42,29436.18,95155.39,2618.35,302.96,0.92,428179.64,248696.97
13197.11,10144.11,110351.48,1303.74,41.17,16.27,182824.8,120362.53
35771.36,10108.62,15758.34,1601.72,138.86,38.06,434568.43,189222.6
38089.06,15200.96,148398.38,2763.04,43.92,28.36,465460.6,213052.58
46877.65,14230.93,105667.5,3230.61,171.77,4.06,102544.47,162593.88
45438.22,19942.25,82048.83,830.48,111.15,22.59,382041.29,170174.92
29102.77,13699.11,78934.64,3082.03,401.22,3.95,187989.56,179610.21
29378.51,15744.46,127504.94,3412.53,237.06,18.68,213572.56,214712.17
9197.27,17221.61,139630.44,3476.62,208.45,38.45,151703.01,138568.66
48773.17,15598.04,134624.47,787.14,349.24,12.91,315999.99,216039.0
13495.86,13679.93,89978.72,1190.79,474.13,22.67,184720.22,113252.2
36512.07,14338.06,70286.71,2456.04,157.76,25.02,375495.6,221149.22
39993.96,23805.53,161147.63,1838.78,42.71,42.66,393676.17,208602.89
22619.56,17494.88,110954.83,831.92,63.79,6.08,209663.49,147288.6
11348.49,2935.54,86178.18,2743.42,430.04,27.52,22277.13,74095.83
10259.06,15422.81,104094.5,703.39,424.47,1.54,51719.04,67652.11
42968.3,12411.82,106260.1,1924.76,242.93,4.67,151429.87,168650.11
26027.07,19832.65,124261.69,3469.28,82.35,11.04,477859.12,243740.62
5416.71,12646.45,95328.94,1853.32,267.98,35.99,209028.48,139251.66
36133.95,15555.7,144371.09,3466.33,337.53,2.06,377232.93,264395.89
13258.38,16685.97,143007.34,2001.15,172.8,47.25,469317.4,203697.92
43943.34,25992.24,89921.16,1555.0,50.43,21.38,184005.8,130022.01
16169.02,18919.31,44573.18,634.28,167.75,41.93,289419.18,139351.13
10813.27,13297.55,99253.12,1634.73,348.38,11.09,429113.91,231806.85
5158.06,15624.15,107506.55,1614.79,489.4,16.89,315102.98,138141.57
26065.03,13784.34,91917.51,3014.59,103.14,36.35,73865.89,139078.18
23086.14,20503.24,150536.37,3520.44,458.13,18.96,389396.92,264687.17
37814.3,24229.37,37871.43,352.95,233.75,25.37,453964.42,214192.12
23765.53,7930.34,53019.95,650.04,334.98,40.46,389012.39,179617.26
17846.98,8711.01,137508.33,2652.9,433.21,32.55,381218.61,171894.84
13821.09,8529.0,148038.13,2245.95,283.16,41.79,382734.23,201895.66
14629.19,6664.43,72090.68,1321.4,40.12,4.32,314018.66,169739.0
46464.55,17447.34,46891.25,1088.19,140.23,30.4,138948.77,135968.83
9088.85,6081.92,70813.31,1105.62,403.42,30.06,457202.6,185832.83
49420.64,21997.15,88741.85,2067.52,280.92,30.35,81875.5,135435.07
17019.05,5885.31,85045.81,575.92,171.25,29.44,417101.96,154263.67
5331.12,6829.65,50244.91,2493.99,295.82,36.19,192499.66,116358.3
13185.83,16114.82,63222.83,1287.24,141.6,42.2,343433.64,146899.38
3862.3,9044.09,107295.48,1874.29,128.1,11.48,406446.61,169900.37
39711.46,16660.82,108488.8,2170.9,415.91,5.23,403322.73,239111.77
26115.09,21282.56,118030.91,1303.1,206.03,3.7,97348.45,100813.56
17512.34,23200.44,78266.68,3054.07,144.25,7.92,313240.68,229554.21
33440.43,18206.91,68351.77,2419.83,210.5,32.8,122990.07,167137.45
31901.68,8422.15,62710.82,2937.41,461.11,20.82,73810.06,133912.78
47053.73,11917.35,152454.47,2241.08,98.59,17.47,266509.43,166242.07
48101.77,29006.12,85515.43,1781.71,100.76,45.5,494012.98,288642.78
34353.51,20615.78,109381.82,1334.62,183.34,45.01,491198.69,196123.25
41072.98,23387.74,99522.46,2177.65,39.62,26.94,295232.57,211266.34
39828.83,21643.16,149366.69,2567.01,46.71,22.93,390643.6,211631.26
25073.87,9017.32,65735.79,1646.46,15.38,13.52,139845.42,142479.9
35518.46,16346.75,81028.35,926.75,81.63,23.0,127693.85,105819.26
4834.69,17029.51,140828.78,1596.15,323.79,20.55,359131.11,201161.92
38143.03,25022.68,48357.0,383.11,106.25,0.35,397279.78,215617.52
48129.82,14754.01,102975.91,1540.38,195.12,37.93,376081.82,231828.89
5163.76,13154.01,73509.9,2151.75,355.74,21.93,70163.63,111258.1
41969.67,11957.42,157505.71,3659.09,25.59,11.14,191010.83,200334.39
46716.02,28529.6,132424.38,1278.02,112.44,33.31,41206.48,131549.58
12083.26,7834.63,12798.37,324.84,497.99,22.38,397357.89,157075.08
26715.75,20012.53,142733.74,1672.97,302.51,15.69,169638.25,149667.28
46465.05,14299.71,118400.82,1146.72,333.39,11.54,226272.71,151271.04
48051.07,22123.27,104037.95,2637.19,262.86,2.96,297866.41,216750.81
7266.24,14808.9,51085.75,372.1,483.29,25.15,20265.2,53533.56
18101.21,10524.59,35070.59,3119.87,80.71,18.77,189977.7,172250.48
35209.09,23509.08,114925.2,3156.06,43.01,2.02,369095.89,223421.06
11856.37,20136.01,84900.14,1947.45,409.92,40.62,157311.34,126064.77
16913.76,20556.62,146380.24,3502.63,12.01,40.41,293829.17,223156.78
2141.26,7378.82,48947.22,2166.11,285.17,24.5,489042.26,224283.12
8522.56,16719.15,110815.72,3536.0,10.69,41.95,76715.02,107425.21
28554.15,17120.9,54778.96,1180.98,180.64,24.05,148755.66,109892.56
33001.41,18656.53,112191.2,3551.98,328.93,8.45,348303.93,238783.53
32796.68,16369.13,25105.27,748.24,278.19,25.88,307221.21,172141.22
39139.66,20033.02,77824.0,1514.03,284.33,15.63,489441.62,276356.23
21348.79,7415.01,35971.43,2992.3,87.1,22.62,36609.28,86124.48
14401.05,11352.73,101942.61,1684.29,154.42,48.53,441437.19,174707.14
1763.45,4317.29,54379.4,980.42,357.91,17.78,254501.63,111191.44
11124.86,8187.03,123421.85,889.62,21.42,10.79,128911.52,100543.95
16307.0,6253.78,26619.21,665.07,301.69,6.43,261614.85,138370.13
9732.14,6590.09,90922.97,1584.76,263.36,44.2,217854.18,138837.38
1987.08,16145.04,103999.32,1841.57,178.54,0.75,106080.69,78870.98
8714.93,12964.8,18576.93,1765.99,174.04,45.37,125309.95,117454.59
33638.88,7688.82,16368.98,2541.25,401.48,3.09,158307.96,152458.9
31849.69,22246.16,67491.76,476.36,197.18,37.63,285055.45,169008.11
46848.5,27604.33,115399.41,3116.23,49.13,14.68,59887.69,145870.91
40110.25,25690.42,165133.69,2599.69,481.4,12.5,62645.81,166152.19
28820.05,22312.84,36013.88,2473.86,73.88,9.0,179238.15,147655.05
7740.26,21396.27,124075.62,2915.62,400.75,6.73,359499.63,219617.72
28639.52,17662.74,119574.03,3317.16,16.83,3.31,489586.45,237588.76
4018.16,20074.09,118133.04,961.47,188.56,7.75,25761.57,76650.54
22113.36,23425.13,98581.47,2250.3,262.44,29.42,486723.51,267139.27
20122.67,10632.69,153695.91,3504.67,24.59,28.48,349299.93,244115.61
21962.88,21729.53,95141.02,2661.4,369.7,14.05,452473.21,251536.9
14711.47,18895.51,141669.49,1088.44,137.68,33.99,277442.41,108750.02
34605.69,22549.21,61104.86,2186.02,275.17,38.48,242210.86,193364.99
42206.28,26418.73,143049.72,3134.9,398.24,49.01,396876.65,233581.59
38657.33,15723.17,162077.67,1707.49,299.65,21.99,284533.22,192290.69
31759.85,14653.04,148684.9,2677.65,233.25,18.73,450735.44,235167.58
27378.9,18456.8,63855.84,2856.47,174.7,48.66,448670.35,260485.47
2523.12,15391.81,140006.28,2319.25,32.1,47.11,274618.63,163569.92
36423.77,24939.63,38763.98,856.96,457.38,46.35,295407.03,154801.74
27704.16,23119.82,121763.45,2302.9,300.05,30.44,239012.18,131634.34
14266.31,17419.38,68546.71,2147.94,319.45,30.89,350914.98,193593.3
17064.26,22572.26,118564.97,1861.1,225.85,46.4,347530.93,165615.3
46844.73,13352.2,75457.87,2448.18,192.63,23.99,332284.74,229017.84
31593.75,25350.38,26590.11,1489.62,32.86,10.67,49927.96,106053.04
24319.71,6615.68,43827.64,2863.61,92.81,49.26,482519.71,259677.37
31425.17,17619.66,25241.73,2521.92,218.52,42.1,181089.08,141103.7
21273.37,6513.52,72164.95,2794.66,128.44,2.8,138183.96,157137.26
24038.93,16383.81,139917.38,2325.21,31.78,5.62,121303.72,132371.69
15225.15,11152.17,120931.27,1274.07,277.55,44.11,53256.13,84016.35
22552.81,6601.95,124673.82,2824.19,237.42,15.05,239378.89,175793.3
34594.02,20057.08,138089.61,990.32,216.47,34.82,39951.98,82711.54
2957.15,15349.79,71211.1,1957.02,394.27,5.89,97234.17,89192.01
39956.34,11887.88,87884.04,693.06,303.77,8.53,22532.08,71298.0
14866.0,17014.72,92337.19,2094.1,10.69,37.37,103847.03,119298.49
34445.43,10880.51,30119.65,2239.77,383.34,48.96,497717.83,206400.41
32493.54,9677.94,99472.96,1813.04,246.47,25.11,279897.79,169048.34
32978.77,9969.34,117401.54,1896.03,263.24,2.15,52231.32,100870.57
30798.32,18341.69,108263.69,997.42,445.89,11.72,290790.44,155660.86
47995.99,25285.62,133393.56,1642.33,63.52,10.64,308379.82,236899.73
25908.86,17321.2,36096.19,1568.87,303.71,46.76,282908.89,178318.9
36883.64,23659.08,134331.56,3275.99,148.26,20.96,181274.24,208186.08
35567.02,19147.21,50498.08,2956.63,27.99,47.38,335475.79,197393.36
12577.11,18563.19,146990.44,3600.33,224.32,42.98,88452.41,150518.44
14881.99,22518.59,58529.91,683.41,148.97,22.54,125390.21,110798.5
21776.84,12479.08,86322.16,1390.62,10.73,1.24,497465.89,230218.56
14607.2,6345.31,80729.86,1846.1,251.54,48.65,219482.16,109529.44
18970.41,6934.32,49530.75,2208.71,162.45,0.5,90940.09,95133.66
20157.07,16182.23,70393.67,2490.08,222.72,42.81,124172.2,112517.78
30589.36,17286.38,45740.63,2608.15,15.75,20.66,367583.41,230840.91
11774.61,6447.51,92822.61,2002.15,206.87,15.07,75800.09,98267.48
40410.3,25783.11,158015.55,2504.17,240.5,20.42,189910.08,188359.06
22439.28,23644.45,69823.66,3234.77,238.35,17.85,177630.33,157588.28
35605.96,12558.9,88716.2,1239.66,361.29,34.46,129430.94,130153.94
4990.68,5532.35,134398.57,3102.9,495.73,28.64,248882.23,139354.32
24028.3,9477.14,78194.07,2555.24,23.65,12.85,72861.41,126914.56
2382.76,8531.27,132357.76,1168.05,204.05,26.38,239152.23,113119.72
34119.59,23961.85,88896.12,3231.31,429.79,20.25,35657.76,147706.14
17841.79,15689.59,81386.83,2987.47,316.59,46.03,485764.12,214273.73
47513.39,11319.97,36855.77,2544.84,491.96,44.62,310339.43,202675.11
16882.09,13099.51,33601.54,635.65,359.57,30.87,56033.68,68189.12
28626.49,7986.77,100056.44,1005.33,364.88,48.27,111548.02,84035.29
13611.99,11143.57,133878.22,2750.67,47.28,18.76,373495.81,168086.4
31385.52,14645.75,36350.54,592.84,144.87,4.4,371202.38,187402.29
23885.08,17919.89,151299.54,1185.11,296.07,2.38,195192.03,119535.86
19160.78,15046.51,69074.78,1606.18,265.97,41.67,91249.89,107297.19
10980.78,19753.87,82465.39,527.92,383.67,19.17,277245.1,141262.57
6464.55,2110.28,136383.96,2874.22,496.89,43.01,152670.69,126798.04
6874.08,16967.79,148537.22,2409.29,111.33,22.94,66468.11,96140.98
49952.96,10932.43,89850.48,775.96,219.92,0.56,186079.3,143399.49
21203.23,10674.3,53670.35,1944.74,434.75,26.43,380486.04,175121.89
1094.56,17872.34,44229.1,478.0,420.69,29.73,189987.23,117796.73
47693.51,23501.78,63180.53,620.92,410.42,22.58,39574.49,114929.51
1979.02,4249.74,121590.76,2115.81,313.99,41.9,77790.7,82549.83
21510.72,14372.44,63563.62,1867.31,496.66,32.2,306246.1,146983.71
36156.4,21808.41,123158.14,1698.88,185.37,18.24,270633.35,164406.34
45815.36,27941.27,55657.13,2181.42,66.98,35.95,343934.1,223690.74
35931.43,20055.55,90427.47,1675.48,74.95,15.98,294440.15,159622.44
23717.66,5724.7,60635.16,2105.36,223.49,41.93,258669.81,137154.61
48747.66,19993.72,94018.76,1584.47,404.43,14.01,248057.68,217796.1
2926.65,4068.08,90896.53,2627.89,231.89,33.33,481538.11,250643.49
49357.72,11303.24,157728.17,2568.57,309.58,20.75,433899.29,263643.15
42620.19,20694.99,152040.78,1324.33,185.43,5.06,203781.69,148431.23
46517.57,24953.49,125863.43,2719.5,360.27,31.49,333666.22,243940.32
13483.85,3899.95,30412.76,2525.48,85.04,19.15,29807.75,94978.45
7980.45,17376.08,152160.0,1051.83,264.86,31.71,30056.38,65554.17
33502.45,20975.05,151205.02,2624.91,100.71,27.0,172914.65,133122.73
26277.11,20419.17,149907.33,3141.78,239.61,2.08,382288.16,266218.41
26635.23,10599.25,82936.84,847.18,220.94,10.25,464220.11,225238.07
46306.34,17436.38,43701.58,2933.3,306.24,35.02,347828.42,219519.81
31383.96,9111.93,121678.01,1911.31,259.68,23.38,359066.94,208404.83
16242.13,8406.8,68060.12,2580.04,488.11,23.32,35416.82,117273.6
20603.26,10525.05,63382.44,3024.16,451.15,0.12,466476.48,284443.03
7541.3,8237.27,68253.21,3311.21,154.1,15.14,61660.85,113659.21
10423.39,5997.96,90863.6,2247.7,69.38,33.47,474515.92,215007.16
8024.15,5784.71,57988.0,2432.33,41.73,44.35,88019.02,110631.6
40704.28,26219.53,126014.11,1460.0,107.02,28.7,36024.57,111858.92
35538.8,22893.69,117234.9,1527.31,118.83,27.03,290532.78,163693.23
26986.91,12614.7,88876.84,3011.62,445.45,23.52,74551.2,136914.63
19344.02,22847.85,31104.4,1410.43,463.17,33.92,33831.27,83504.43
33756.22,11910.24,150326.88,3236.69,122.93,39.91,340557.16,195515.42
40832.36,16599.47,77975.54,636.61,381.78,11.03,374363.66,201013.08
44180.43,25199.83,90330.58,1184.59,419.52,35.7,160612.03,150099.89
27803.8,14697.04,82882.35,1007.68,194.98,12.19,276083.95,163196.98
41174.37,13310.07,68577.11,1971.38,437.08,1.59,301301.68,182008.83
26053.99,12897.24,113133.04,899.2,494.44,3.73,97206.79,102183.02
24251.97,15114.46,19109.63,1192.77,484.22,2.33,231230.37,124470.96
43406.16,21283.8,148685.75,3703.54,373.53,14.01,325745.09,279567.27
19932.32,12395.79,29770.29,2552.08,192.11,6.36,445132.38,242303.21
20399.72,12990.38,160350.79,3107.47,121.23,4.26,221053.74,193220.14
15940.66,8835.03,103140.01,1007.53,496.51,7.38,355680.07,182224.46
26416.38,16222.55,27583.78,1295.14,145.33,1.91,260806.76,132750.01
27697.65,10318.93,94808.52,2547.75,224.81,17.18,359400.88,214839.64
33362.6,24089.28,72311.05,524.27,139.42,41.14,398712.87,192022.71
22094.61,19492.58,158785.33,2152.46,253.1,27.69,274664.7,177897.33
11674.03,10835.25,123211.49,3408.97,64.09,3.25,49329.43,103034.62
43475.26,23766.0,97529.92,826.44,406.44,18.75,440193.94,201439.86
17954.04,4227.23,70699.51,3081.65,257.5,21.49,308477.01,214184.68
46224.23,16462.39,162570.89,1476.97,215.56,8.62,308308.56,197192.54
11160.31,11317.94,110825.04,1202.54,187.94,18.65,264543.2,154446.94
28442.82,15349.63,91799.52,1125.76,294.09,16.84,103506.17,111401.63
27294.14,20559.09,79149.17,3196.39,392.15,24.69,253363.68,205727.06
41603.74,27595.49,74140.91,2221.57,452.25,34.86,277675.28,167262.05
7803.72,9470.69,114862.37,2851.6,422.34,23.94,204207.42,120710.81
45586.92,16454.08,103406.66,1679.62,228.3,3.7,91569.43,137105.01
27039.98,17813.04,142237.24,3343.61,418.66,2.76,385873.72,226997.42
29719.36,11928.32,94808.96,2261.66,269.02,44.4,239162.95,148910.52
25998.15,8455.96,96202.82,2320.54,322.71,34.74,356317.71,207504.14
2765.22,19803.09,90059.16,2732.03,340.53,32.86,42550.4,87618.04
25357.44,21357.32,132665.9,3006.89,205.84,45.66,262101.58,173634.22
13913.93,21973.53,82752.69,2491.17,248.17,27.08,55414.12,121879.02
17791.72,8306.09,135176.11,1120.72,349.37,3.69,372098.36,185872.27
32805.98,7408.48,58348.27,2905.25,160.88,35.72,298861.35,166187.68
25387.16,14104.03,116713.86,1440.18,375.99,8.11,236667.73,116993.27
5567.69,19818.91,150335.91,3740.64,183.51,33.31,486964.29,285958.71
4579.02,4113.15,119806.23,1817.0,296.89,20.04,176487.97,135752.18
10097.23,4804.56,58521.83,740.6,420.44,1.41,222987.02,115718.01
10353.37,3915.25,110551.36,1569.41,21.37,2.78,374014.43,169697.3
30806.74,21579.2,52276.16,2024.63,127.77,19.63,272024.62,184923.62
9712.91,17768.15,27648.46,1373.44,284.97,29.73,336090.14,148896.19
44204.25,22900.68,138070.9,3193.53,61.99,8.54,488614.35,282773.08
11278.27,3794.85,125197.2,2704.38,110.74,5.34,353924.89,181790.35
5465.44,15697.21,20882.75,823.42,377.05,18.81,92340.18,60612.66
43911.55,18030.57,156854.74,2446.95,22.65,40.21,120486.64,137441.28
15471.05,6673.15,74994.0,2758.81,308.92,39.2,437531.08,201647.21
21845.71,10624.1,144763.74,3408.4,26.74,34.21,43027.56,128746.73
47992.29,19870.82,135181.96,1921.25,66.8,21.27,264404.76,167578.12
47274.09,16383.02,148701.18,3524.45,201.27,22.1,454858.66,279818.95
36030.93,26616.3,147132.5,939.97,482.74,11.3,392589.35,227556.43
4378.01,10633.07,154735.78,2836.08,277.47,6.86,75520.2,109601.21
30073.67,13771.67,107236.98,2903.94,162.99,0.79,375423.21,227703.81
49464.82,23519.69,56768.28,1616.75,211.55,43.01,203392.85,153764.87
47398.9,22665.41,79618.98,529.92,288.7,24.81,452616.71,235399.85
6194.12,1786.39,115451.6,2669.66,313.51,0.15,294941.88,161931.67
20402.4,16640.72,41073.12,1298.8,141.27,26.46,283410.93,136611.69
16461.3,8545.76,146663.74,1273.58,106.67,12.92,24181.47,63128.84
7356.68,9288.39,42196.16,766.6,252.7,21.37,139834.95,79799.6
35045.12,21282.83,149042.6,3075.79,325.98,33.62,218122.05,217740.24
14418.57,14252.75,86542.17,1076.14,410.12,40.49,367480.72,143477.23
17898.42,11268.46,135904.69,2183.41,300.47,35.02,269623.84,160946.07
5427.58,4850.02,147832.89,3653.29,349.29,44.81,429218.69,229793.38
25400.41,15436.98,78560.97,2693.38,247.15,11.74,36488.12,120101.61
8750.23,8477.68,112789.8,2250.81,287.69,33.07,174986.81,146837.59
22172.43,22736.58,56063.32,1912.32,321.37,44.49,306843.0,177794.42
8023.77,12524.51,131133.54,1240.92,125.8,15.42,336202.88,176470.38
47738.64,26934.03,145436.44,2121.81,467.7,39.97,261156.44,207306.57
8104.14,9729.36,55594.11,798.18,179.22,47.01,211449.22,130219.86
26572.47,21949.52,26060.03,472.69,306.3,32.19,54346.85,76189.67
10652.01,3732.87,70511.06,769.05,284.87,8.21,354196.37,134378.82
4741.73,7261.67,35459.41,2036.47,428.14,13.04,453788.6,215837.25
10913.12,4207.06,127055.55,1296.58,65.67,34.0,408242.26,193807.8
3683.93,1853.96,44342.28,754.81,443.27,43.31,356590.4,132559.24
7830.47,19983.91,157822.58,3403.79,77.14,1.19,324397.23,200081.98
25180.72,19515.09,161524.37,1261.46,80.82,16.32,390579.55,179214.59
32938.96,19277.44,152203.16,2907.36,432.5,11.68,392831.2,256733.74
5279.65,11939.54,101495.73,1816.78,135.98,21.1,23331.41,76656.38
22609.91,16128.29,56679.69,2062.73,309.78,38.42,191767.25,124339.11
29481.1,18850.68,137133.02,853.4,237.17,25.14,436665.74,201279.98
12477.06,19113.72,122022.3,710.17,467.79,25.91,428376.11,202836.81
19231.84,15985.7,159477.97,3267.41,393.22,30.45,360778.6,190843.91
4519.91,16001.31,72502.59,1841.29,174.15,25.78,168353.82,112874.43
11786.42,8336.36,20190.45,407.74,408.59,34.41,402997.96,178548.54
23870.89,24321.03,169222.84,1942.14,120.64,5.35,131146.27,138254.46
49531.67,11028.33,135370.89,2245.28,311.63,1.14,127567.55,136095.75
49816.99,18001.64,51517.32,750.52,378.28,41.34,277152.12,151735.96
49001.46,27500.26,132216.25,2345.46,354.55,23.95,294243.67,194873.63
21731.23,8366.44,11793.23,1692.34,331.77,14.92,188637.53,121803.75
4953.34,4246.76,89279.72,2294.62,416.68,22.72,309812.1,159001.68
16855.1,10996.92,66409.08,2781.8,282.54,32.5,360373.86,198487.92
12648.0,11379.4,69396.81,1644.04,464.89,6.09,106504.57,115217.29
1692.2,19039.62,55687.07,2955.26,80.96,26.18,158535.3,138795.56
5666.45,17937.62,59202.65,1772.57,184.3,5.54,355922.3,202346.2
23206.4,14191.03,82279.78,1837.13,393.67,42.98,465080.56,226494.37
17643.46,23001.71,59382.4,2298.4,160.95,28.12,444532.2,216169.23
9837.33,14991.9,84627.31,2313.95,227.05,40.54,82230.64,99638.99
36088.9,24754.12,108518.72,675.75,388.71,36.05,293468.17,177502.95
18498.66,8997.84,115309.43,3525.6,273.9,40.76,404084.26,246274.47
42741.52,18583.1,118052.6,3424.07,101.93,17.09,133916.75,160532.71
12807.88,3641.06,43001.29,1130.74,95.67,6.97,328731.53,142366.85
27381.28,6149.42,15602.03,1797.9,157.6,44.58,225266.22,125012.29
10022.82,16260.9,138747.59,3028.14,158.48,44.23,338111.05,180097.73
25269.73,7860.67,137773.9,3458.23,76.97,44.16,35411.01,125537.11
8470.86,12876.43,157240.13,2585.33,418.98,49.46,170217.43,115350.66
8917.35,15855.62,156842.67,939.14,148.49,29.81,167517.25,99231.68
30998.95,7328.36,102765.72,2587.79,403.1,25.62,220963.13,156273.93
13925.52,12035.56,144297.85,1091.42,486.99,39.87,74978.24,82771.69
9445.99,15730.16,82545.35,2459.14,172.66,5.51,229577.1,170835.65
46558.64,27161.48,140892.85,2508.0,485.41,39.15,279919.16,186269.26
3107.16,6956.42,149088.64,2703.39,103.69,40.61,32796.27,81313.23
28692.26,25235.67,140648.93,1352.09,327.25,28.86,164439.24,114247.43
27864.93,22541.54,83319.21,1948.06,495.68,19.4,105099.77,107963.87
13279.83,15843.35,72449.77,2254.32,406.1,32.81,486638.08,224729.62
23185.82,12779.71,57497.47,1258.34,122.55,45.75,82503.78,81161.47
5299.15,15426.48,70565.4,979.53,136.09,7.9,321159.41,144263.95
36342.24,23684.22,142930.99,1460.43,138.59,15.56,212889.45,162482.5
11863.16,8786.98,113747.13,3156.98,472.07,33.57,157919.01,160418.41
10475.88,21955.36,58796.77,1741.16,130.25,41.66,429956.31,190221.56
16429.05,21503.89,125375.7,2643.99,259.71,32.6,338761.85,230150.1
45216.13,19010.5,75220.75,1969.28,181.45,29.54,317744.95,229167.82
40026.87,22600.56,103957.46,3038.76,187.02,4.29,64955.64,154759.34
47397.72,20197.72,74861.72,1948.94,210.03,21.69,144305.26,179037.65
32946.15,21927.38,98178.16,861.53,179.07,44.51,152716.28,119368.69
33483.15,23322.78,129479.79,1321.55,303.96,18.08,228502.28,139448.86
24521.52,5857.14,115699.66,716.97,218.48,19.05,462304.69,221899.43
45354.13,11113.9,123102.59,3126.93,226.1,17.88,213753.29,218900.39
26032.98,12267.71,71514.79,2381.07,257.94,18.14,177450.09,115637.24
18397.94,22073.05,122780.28,2915.59,184.53,20.24,54049.69,119402.24
32378.38,14742.01,51406.79,2430.59,379.73,38.67,204779.78,129252.97
27760.84,23358.66,92914.05,2955.56,256.71,22.75,45131.63,121991.98
7076.97,10932.86,98296.79,3453.7,259.51,30.35,195298.14,166505.66
20243.55,10181.34,112684.99,2558.49,112.82,22.12,484536.51,198242.7
16352.95,21333.17,154305.95,1603.1,25.11,43.69,286909.16,160947.78
42494.85,19932.05,65137.09,719.72,406.54,8.94,120257.85,138088.14
19563.29,11442.1,136720.14,2493.87,429.19,6.15,163625.51,153478.05
41256.21,9617.18,57806.76,2624.23,128.21,20.39,294127.99,217321.85
22677.09,7198.61,90785.76,2182.49,186.42,48.71,29257.01,86823.66
37921.53,10800.86,133715.16,1648.88,185.43,34.99,451794.16,192001.32
7628.81,9140.07,117168.75,2773.07,345.26,30.81,297506.29,182647.49
46307.86,21604.56,147399.75,2136.12,101.75,19.52,256296.3,159403.97
24547.43,11407.49,132283.77,1592.53,489.57,14.76,363792.24,196486.27
13730.11,4523.81,48689.4,2782.59,40.31,47.83,116125.33,103305.09
12832.99,8230.37,155560.11,2549.71,487.15,21.35,30388.84,110038.4
13988.79,11267.05,149878.41,1671.39,43.7,35.55,315306.47,149705.01
18969.48,23643.16,86289.85,1484.4,165.58,40.52,96801.16,123603.01
36158.46,15394.94,24161.32,1878.64,132.84,32.88,25875.18,103829.55
47530.55,11745.42,58403.35,1618.5,137.22,11.63,465880.03,257086.2
33782.83,18588.31,141112.76,1271.07,497.39,14.4,398441.02,184909.79
27811.15,23995.21,162072.38,2680.72,234.59,1.15,74816.52,131353.84
22981.29,20436.82,141941.89,2808.13,68.56,48.47,450248.42,246925.59
41581.53,25122.56,82625.82,513.44,491.32,41.73,52435.48,97031.12
42633.2,27127.16,34899.52,1831.42,128.91,20.2,405435.09,235892.07
15358.85,15984.37,92837.01,2237.95,45.55,44.62,218946.36,129462.82
47717.59,29444.51,83131.07,1478.64,21.85,7.68,268726.91,158128.39
20360.65,5221.12,27007.89,1217.36,236.98,2.1,340797.74,138087.24
40203.83,24820.14,40204.85,1222.23,459.98,6.76,67405.55,115721.28
48374.17,26886.54,48699.58,1634.95,18.31,44.17,455723.1,250080.26
35479.25,25471.51,55221.64,2730.73,365.34,8.02,88947.62,141409.37
8915.99,11607.5,123585.03,2078.1,137.61,3.41,471960.42,205051.13
29720.71,21805.38,77791.31,3370.54,117.34,9.28,63911.77,125278.47
6820.08,5668.08,72890.5,1555.31,354.86,20.75,102564.02,103535.33
39667.96,20194.63,107921.0,2667.47,376.46,24.82,47626.74,107254.69
14784.44,10450.47,152579.73,2454.9,283.92,11.8,210936.77,147069.23
35065.53,19138.49,129998.81,2960.63,109.11,40.29,303615.74,225185.86
45594.39,22792.31,116862.18,3260.57,13.09,47.99,320035.85,221499.76
9869.48,9241.74,120249.05,2185.13,371.27,14.54,417689.1,185936.93
20250.03,8766.65,116310.74,2115.54,303.81,46.55,273622.32,139100.56
32708.82,13314.68,115737.89,3412.57,217.05,40.9,264853.58,183171.55
21563.27,17759.82,91186.89,3263.55,114.66,44.3,176550.04,171134.92
9566.13,15612.27,99682.65,3489.7,383.35,2.98,332530.65,203129.77
2424.51,15440.58,84268.73,975.12,44.74,41.7,456093.88,174472.21
20923.31,7152.13,67990.68,450.3,324.92,29.3,190544.14,102548.5
32811.24,23023.34,62680.04,1681.6,347.32,1.91,191050.26,159691.41
29125.23,19743.93,72301.06,2588.19,119.4,37.68,184795.79,165176.33
8655.82,2826.01,69397.61,658.27,246.83,12.09,129158.37,84428.68
23083.98,11660.95,98338.78,1675.14,264.9,39.85,292021.08,146478.33
19104.08,13421.69,88219.24,2227.33,299.73,31.3,70676.06,100956.33
14435.92,10419.22,28987.98,861.33,451.58,24.62,420702.62,162256.11
36734.29,10136.49,62405.37,2532.34,277.74,1.17,86121.33,105129.9
16172.95,7777.84,65770.33,1094.51,42.99,44.48,103486.35,59184.13
27466.96,6472.34,112682.14,3101.36,179.04,7.38,52915.63,92984.54
46237.95,11562.6,62519.43,1422.59,317.88,41.48,203046.64,151779.07
27424.52,11177.76,15095.8,1911.56,173.24,34.41,383669.74,207666.19
31234.12,22736.24,35417.81,1855.14,386.29,3.48,456845.18,246038.59
4589.05,11687.24,86414.56,1391.77,103.05,27.11,228454.77,116701.02
9728.57,10723.42,40910.59,1577.86,80.07,48.09,132865.54,99838.78
5946.61,14601.5,88401.45,2995.33,123.21,46.14,368314.23,199956.22
38475.83,18754.62,103263.48,2206.52,439.28,7.31,350309.05,236241.5
41960.13,11456.55,149513.73,1008.77,343.66,8.66,347189.48,153685.61
10136.31,6868.42,105553.82,2695.56,264.82,7.68,232843.21,179220.84
11744.32,7188.05,15251.34,705.37,157.17,37.81,291343.17,122699.94
16837.16,15566.51,72659.13,1872.88,460.11,8.04,49744.11,82153.86
29962.8,15494.24,132446.65,2121.0,445.5,3.23,140006.08,144856.87
31468.01,14351.51,54262.77,1782.13,205.71,19.52,464933.65,211665.63
34650.94,18284.65,153748.82,958.68,378.83,48.34,40054.26,101369.0
45354.45,28488.15,104497.07,1412.41,457.65,15.41,164767.99,142522.18
15456.97,9718.17,26179.45,378.03,163.54,36.21,128789.27,92651.8
33279.19,17299.65,53881.95,1572.78,171.07,7.2,82514.69,129006.35
28426.42,15552.5,148855.38,2646.15,277.45,31.06,463688.86,253682.86
15986.02,17671.74,162899.06,2811.31,210.1,29.06,80430.11,108306.3
45463.34,23833.33,149203.97,1033.21,383.12,45.21,254898.24,183018.84
5678.69,15852.62,64180.21,765.68,273.1,35.83,422964.55,141931.57
35888.05,11607.24,125764.55,2647.19,113.81,6.04,21858.57,119211.07
36665.81,16590.48,50495.39,1892.92,184.63,20.24,72093.29,102784.52
45851.0,25488.11,81146.22,2922.63,338.91,0.03,184109.22,208622.86
26410.45,13221.93,116666.92,1278.25,36.18,12.05,90807.2,116573.63
16759.49,23044.87,163926.59,1268.63,177.66,48.57,107676.61,98129.74
41559.29,15925.2,81423.91,1556.99,17.89,22.79,303754.79,207423.85
38769.7,17958.44,91263.04,2403.81,412.22,43.38,101902.98,136321.13
25515.47,14856.34,48809.51,1753.35,67.42,1.19,326646.67,167545.73
38625.01,16681.45,76812.45,769.98,47.83,44.0,459448.89,223388.11
14125.9,19814.99,29989.69,456.7,395.43,44.47,130125.77,86345.98
29885.81,9505.03,137098.98,2750.81,53.86,32.67,121896.8,119960.39
43393.99,20248.26,24582.12,1084.12,345.29,5.81,25468.92,90593.15
16581.24,15878.98,116814.25,2625.57,196.13,43.8,27039.87,97046.32
24693.95,22037.61,62247.23,1266.49,412.63,44.99,210380.75,148769.51
47601.2,21899.64,91555.58,1470.68,99.6,10.05,254740.2,165290.05
40112.38,27242.87,67620.27,1046.56,51.36,47.01,107749.18,118674.26
44464.91,26400.25,84130.45,3373.43,121.92,44.05,175034.23,159164.59
19877.11,11275.85,93303.47,613.12,466.75,10.24,87348.78,81935.7
49828.76,27233.93,119716.69,1067.62,416.27,19.69,346998.63,237062.08
8475.71,20885.46,158049.86,3315.49,150.04,16.83,208610.84,179557.81
26419.76,10799.3,61808.57,809.71,111.0,24.91,372480.37,159223.92
24484.4,17295.95,103641.1,1432.23,86.85,44.45,284150.27,139408.65
40123.18,14019.81,146965.56,1596.9,118.39,43.72,201103.59,131055.99
45522.27,22271.02,64900.43,2445.76,110.47,8.78,320656.01,187949.59
36825.83,9691.2,138185.21,1983.41,445.21,27.56,23441.17,114191.34
31714.0,21159.47,160773.06,3341.57,19.79,26.7,351374.94,205185.44
21944.03,13075.29,138346.82,2959.27,441.26,22.52,198103.26,150168.65
26005.97,17153.68,101352.72,2146.96,30.3,35.74,266516.63,181922.91
25955.72,6195.46,114663.12,1395.59,415.15,32.3,271236.69,176547.36
1998.06,14460.72,86323.13,2829.63,218.62,13.76,288037.94,172901.83
25649.24,15301.68,103843.44,3130.59,47.83,17.41,357145.53,196116.11
42942.57,21280.91,163323.47,3341.84,401.51,44.42,73110.14,137128.41
35754.43,13806.41,52457.61,512.26,135.66,16.29,254709.32,162390.74
39989.72,11341.44,128992.48,2769.04,440.23,22.2,59913.44,135712.91
20133.76,13017.62,88817.9,2585.51,378.61,48.64,132393.57,144249.25
26919.69,24291.53,50079.85,3085.32,491.07,42.86,110846.97,143681.12
2640.69,5470.12,102688.73,1377.53,417.62,34.95,307380.48,161361.36
19766.9,17632.24,134007.69,3050.44,128.07,15.2,310926.79,220715.81
24246.39,6321.23,92526.57,2561.01,210.52,31.44,418831.72,210861.82
13505.24,17203.99,140190.95,3349.26,351.35,32.1,270481.84,171323.72
2530.81,5655.69,62575.5,2423.47,164.87,20.58,377445.69,150717.39
34830.0,16270.58,150512.87,3324.68,277.79,1.81,446757.43,282143.93
22319.3,12135.05,108714.45,1686.34,126.45,18.33,84097.48,104319.71
21368.23,6974.03,127037.33,1192.3,334.85,25.41,366065.28,156493.91
13249.35,9888.72,52493.82,1416.19,177.65,47.51,177409.33,98956.19
27353.69,12798.17,79927.14,2863.29,37.04,36.37,153470.6,147982.99
22463.31,15173.72,149033.5,1226.95,484.21,5.4,482231.67,215594.58
24225.24,24305.9,31824.58,2109.16,423.51,15.07,119099.25,164336.89
29462.7,15557.88,76023.65,3344.03,158.82,26.08,458985.46,230832.92
1309.91,18593.29,133020.84,3360.65,73.52,22.56,415383.91,218072.41
45477.1,18595.79,127729.77,2685.08,370.26,0.26,441743.58,268697.55
4483.28,3493.75,131280.31,3055.03,118.13,46.76,301272.07,189744.74
23095.31,9607.04,119897.23,1037.27,306.67,45.2,300658.79,156955.11
11161.27,10678.85,150871.44,2300.98,391.75,46.19,213239.4,148487.25
26665.34,12177.76,86989.84,2077.5,143.49,21.43,212441.31,161120.14
14731.28,20329.93,111785.97,2928.75,149.47,41.67,428320.26,252372.67
43140.32,22361.65,145806.66,1648.55,40.19,35.43,206122.48,177050.91
20421.63,15861.34,119434.26,1005.98,166.73,25.59,253614.5,165913.31
32299.02,16538.78,33029.25,2289.68,302.75,3.86,498268.57,261463.44
13195.11,10885.8,66923.12,1863.14,86.34,8.39,190070.65,142233.02
1950.9,12827.93,95388.01,3019.59,477.01,11.91,414844.01,210451.07
20803.57,7090.55,120106.49,2096.85,363.98,44.8,153054.91,120775.02
27287.84,9126.96,91118.87,3009.78,109.91,33.27,32035.34,93371.63
23517.81,11114.33,126636.1,2205.9,270.0,49.15,304845.37,164242.27
48138.7,13465.84,137226.05,3055.96,201.81,28.32,250086.07,220843.12
35635.12,20830.45,60107.96,2490.7,197.35,4.24,397602.86,240391.72
49787.82,10940.55,103086.67,1387.07,284.39,23.89,21993.23,89674.36
15457.94,6715.05,91153.04,1453.02,62.99,5.59,53868.99,76570.02
39663.61,26033.58,58787.87,3001.61,115.5,45.07,432645.88,226865.47
28222.36,25596.56,96509.57,1252.47,83.34,13.92,250798.87,163344.68
30976.26,16203.27,97505.01,2610.28,95.25,9.86,263059.25,177109.11
49306.81,20021.08,139531.14,1218.5,331.06,25.58,128051.33,144707.53
33045.37,22190.35,89595.74,2737.94,498.12,40.35,464442.13,261139.25
45042.03,10214.1,24904.1,872.06,329.04,25.52,458921.88,229779.06
36561.76,16139.27,88569.33,2265.64,492.51,1.91,268013.03,176233.42
7241.92,3895.03,129618.91,2384.4,292.73,37.15,124555.3,139670.19
35271.76,15372.42,100129.97,1190.84,148.82,1.7,491739.89,253091.88
24731.46,24630.82,70940.11,1879.77,437.43,30.22,448379.08,220843.59
46021.1,24400.07,158060.84,3440.12,42.92,30.85,270277.28,210108.35
40534.89,27815.37,49821.75,2322.64,60.19,10.43,320671.3,230198.95
6102.6,16268.47,65412.03,3305.76,474.34,22.33,231040.55,160697.84
7561.87,13870.52,79480.95,2772.61,328.59,0.31,118907.73,134533.14
4410.94,16089.49,124878.39,2590.41,465.19,14.18,347096.4,186629.3
25169.0,18386.09,140892.15,2437.75,75.11,30.97,341184.39,193858.15
4957.82,10540.85,21923.95,2928.16,386.45,14.21,282716.52,189871.3
36460.24,13496.7,130642.55,2281.55,125.06,2.38,410934.07,267596.08
28065.57,16256.59,122481.89,1880.16,178.24,33.71,236881.57,165401.1
41958.37,13932.3,145870.42,3249.38,450.51,37.12,433240.03,239784.66
14709.99,12932.19,145909.98,3556.26,211.52,43.15,124168.81,148309.32
26437.9,8637.22,124650.98,2112.11,338.56,43.78,481666.62,209471.86
6756.5,12876.51,42880.59,712.39,444.77,24.82,118438.53,78039.18
44345.89,14152.21,61833.14,2173.45,436.73,20.37,96857.18,149107.51
9575.24,8140.41,147278.68,2984.95,14.36,29.29,309630.8,191409.22
6015.75,11434.2,100882.49,1687.96,87.53,39.63,64678.37,82968.36
11047.48,5878.76,87823.31,2707.97,460.12,23.77,100606.98,97659.87
40505.34,27367.48,159671.85,2438.41,285.58,49.76,369936.55,242607.49
6184.91,10452.4,140120.71,1674.54,245.3,31.88,167912.73,98741.5
31106.95,13590.83,121359.61,2532.41,41.98,15.41,404058.23,196631.39
37562.88,8581.91,139792.11,1926.91,22.28,39.69,94665.36,115519.16
37802.98,24504.06,41109.32,2587.34,477.17,7.54,204944.69,171486.1
10312.98,14766.36,126656.96,742.22,242.19,46.79,205418.21,94260.79
4019.58,9423.82,152556.88,3235.5,395.34,17.02,250590.4,170401.04
22991.51,9886.19,20010.59,1089.12,117.8,34.25,216988.26,141099.62
10921.78,17214.54,51113.25,3138.48,126.17,31.27,205657.15,182915.72
35264.27,25989.61,140917.1,3006.16,284.53,4.79,177650.04,166636.02
18477.95,11621.38,89703.94,1247.54,439.25,36.08,27272.31,67746.94
23018.34,7733.75,23746.66,3057.25,151.4,15.59,315963.39,203367.16
6560.76,3941.45,47007.07,1783.82,171.11,19.06,247275.86,155189.88
28809.96,6386.05,57097.48,1901.97,279.81,4.83,199175.67,167561.07
10090.69,17025.27,65174.31,3063.47,29.6,40.5,121479.1,127587.16
34270.3,26491.27,153455.56,3530.65,195.59,43.01,447867.24,287345.89
4487.27,20757.4,117601.21,2708.97,282.58,6.71,134189.04,156870.81
48818.84,25555.61,132007.5,3597.54,12.37,40.63,462043.76,229481.11
34541.82,10570.95,15424.42,1130.85,322.62,44.9,124286.71,99372.22
9904.75,21546.28,84226.27,1194.91,34.97,4.86,486284.48,238537.54
1690.64,7230.49,56868.38,469.19,362.78,49.87,221527.59,110669.78
17388.68,10483.32,136915.84,1788.98,402.82,0.23,275704.35,158159.75
8487.85,15600.64,155791.61,2626.59,421.01,42.12,163429.05,143891.18
11702.16,3796.89,69421.94,1332.71,339.96,27.91,470806.83,188303.02
43764.76,25355.46,166378.16,2612.79,285.17,47.86,155634.01,176609.98
30557.03,26058.7,27929.05,379.96,160.71,16.9,370501.67,157093.23
9646.42,17543.15,66263.83,1458.18,218.06,18.04,29835.6,84654.18
28276.31,21397.95,134483.38,2941.63,52.66,42.02,288185.0,196587.66
13533.25,10817.77,65868.66,731.89,356.48,35.53,375956.28,159402.07
48833.84,11552.24,147781.33,2911.94,22.1,30.03,246019.17,221420.22
2605.1,16478.04,49859.84,2562.9,212.58,32.22,328792.22,209913.45
36883.6,19521.3,135988.72,2429.35,258.04,34.13,388667.3,198660.09
38876.85,26007.48,55052.81,2944.92,328.54,2.39,260114.24,184415.01
4290.98,3619.47,36475.79,3050.61,178.17,5.89,124684.15,121777.68
9421.6,8334.22,76301.03,582.07,226.97,9.06,210450.57,95638.59
19831.03,11499.0,151215.59,2825.42,297.81,8.84,370773.92,209655.55
43539.59,22531.87,107916.47,1327.39,462.36,42.15,150124.13,146826.43
27313.0,21323.63,114138.67,1854.42,339.27,19.73,323376.62,171491.69
33110.04,25861.91,27100.76,2042.65,134.67,24.47,91180.15,134701.17
39367.63,14133.97,24516.38,2288.17,425.16,4.47,466540.75,270725.29
41578.02,18441.51,29458.64,2683.85,36.98,43.53,309431.9,182946.59
24337.94,5932.33,128593.98,2788.59,143.43,0.51,244769.88,185830.35
25930.86,10619.44,47839.11,2593.65,62.99,4.16,409531.06,211939.89
36182.29,15029.53,64705.16,2160.83,229.05,40.61,402642.11,229121.75
13903.78,14859.98,105331.13,966.13,322.09,6.53,66715.06,89745.33
42870.0,18255.49,104277.77,683.54,270.19,39.67,167390.47,112734.87
2018.55,8010.97,70935.56,1991.05,407.52,17.52,240117.09,135598.42
10592.81,14788.08,17454.0,2262.34,288.07,38.8,183459.18,149991.59
40209.8,24699.97,89952.35,865.47,124.01,2.52,172304.35,156556.22
17672.65,8747.31,119135.83,1940.64,272.85,17.06,189051.34,146776.49
8341.81,8854.44,46193.25,1073.88,370.39,24.06,88183.68,83393.38
10150.98,16276.21,120732.88,2348.23,256.45,31.29,77320.32,117638.58
27007.06,21071.25,24054.16,1352.73,226.57,41.81,144949.18,142864.6
42462.89,25087.82,156731.39,1467.91,269.26,12.22,53639.23,110945.7
4461.89,5474.34,147135.15,848.41,278.55,32.94,264905.6,110754.7
2493.56,11514.42,14568.45,1105.27,162.17,7.59,93505.41,91614.99
23793.24,22808.86,89630.76,2045.02,428.57,39.76,52432.24,118910.09
47853.18,17713.67,79175.12,3190.58,111.76,46.66,421829.98,257907.17
14671.48,11817.02,136526.7,1442.31,26.09,2.36,302004.56,197312.41
47999.36,29303.92,106847.77,2119.78,373.33,3.99,451212.81,276758.49
44496.38,11603.8,102931.03,2257.5,422.73,39.38,492028.53,235306.81
14873.62,17233.96,48150.54,2223.51,324.94,44.01,304895.05,192938.15
41030.46,25284.68,36402.12,1234.85,239.78,32.41,402069.11,224528.31
34607.5,10361.97,113677.59,956.89,487.85,23.06,96580.15,115820.01
26079.3,19647.7,110716.18,3325.51,191.67,38.45,355216.98,223024.89
21722.89,14004.47,136891.25,3547.45,208.89,14.99,283786.02,196210.01
40959.64,25323.3,147737.74,2109.56,299.65,49.59,344668.58,226076.61
39860.89,26167.5,117434.11,2370.84,220.91,42.4,70267.61,132861.46
38089.88,25131.43,103167.55,700.01,282.1,44.36,469191.26,200763.74
49914.54,11738.42,146921.93,971.54,483.62,42.74,220393.93,149098.46
24447.11,20148.1,137301.78,1008.84,126.37,46.64,392383.66,158432.86
40539.23,26577.63,154213.73,3013.43,82.8,3.22,495493.77,250394.31
43261.44,21268.58,166411.8,1591.04,217.54,45.43,439189.76,203939.67
11368.53,14490.79,75100.97,1010.4,256.96,12.43,169618.63,112061.39
3061.26,1989.86,110547.41,676.91,359.47,17.96,212948.58,106533.81
20832.67,21359.18,121857.18,775.69,478.03,18.53,331353.97,172457.51
42980.1,10000.89,38251.4,1466.87,347.45,11.62,278251.12,171983.02
15166.06,9646.65,105016.87,2195.95,493.72,21.92,216944.22,133790.47
35300.5,25614.43,87564.49,2217.09,130.71,25.28,333617.46,217287.26
1360.06,19292.04,85775.79,1856.82,112.36,7.43,456573.62,223771.97
18412.86,23524.63,49939.71,1682.43,160.2,17.98,168558.04,129883.0
31160.32,16021.91,125804.73,2913.14,395.69,17.41,81602.4,125223.31
7358.1,5431.5,110546.64,1492.49,101.39,33.73,344359.79,168480.84
44933.74,19001.67,97383.4,1276.3,106.13,29.04,303005.6,177062.62
8657.42,4226.59,31105.55,2733.07,211.75,35.81,454682.25,234835.93
45579.88,26630.43,107049.74,2634.11,165.6,39.2,376476.43,217219.49
11603.08,13751.09,30520.22,1635.51,326.77,33.35,210609.32,129510.85
49719.66,18331.8,68874.38,1243.05,446.18,12.06,323998.09,230278.94
30632.69,8177.39,65533.8,823.76,77.94,25.11,433936.18,219243.32
5132.9,9428.77,140639.7,911.72,277.91,23.33,186787.12,116394.58
4198.58,18230.45,79840.86,2971.06,53.32,3.7,26636.74,94345.16
4671.16,15150.65,103898.65,2340.31,118.53,44.72,320643.44,168319.72
29904.74,8088.83,138314.02,924.48,161.46,4.57,32444.19,84360.47
40669.38,11752.07,76136.77,940.59,293.76,48.82,469990.35,193801.35
20745.17,12299.05,142976.25,1625.62,281.89,1.59,100735.45,131316.25
22796.95,7036.2,30415.85,1014.99,325.1,36.48,199646.52,116500.57
29875.1,24688.82,77653.32,2078.6,411.26,14.38,474216.38,281537.86
27118.99,18643.49,33650.25,1426.64,101.74,45.24,58366.69,93667.01
34715.02,9292.05,93768.44,3127.27,374.26,41.2,22084.42,122481.43
24117.5,20690.62,160358.4,2988.08,336.84,1.25,69745.55,155864.18
35979.17,14879.75,112161.82,3301.93,49.06,1.1,493298.46,299962.11
49868.23,15248.62,107979.86,3142.07,178.9,30.16,486429.81,302250.61
18164.59,15247.63,57531.1,3059.63,23.57,7.48,204607.57,156996.61
1598.56,1080.47,140874.85,3646.41,54.19,0.71,376585.1,188185.45
7155.63,11006.38,82177.65,1414.81,149.06,48.39,373248.05,153163.23
28122.2,22578.64,61778.21,1016.96,129.13,31.64,67911.78,68936.65
17868.63,22170.85,165953.18,1408.71,451.09,0.54,132857.56,127643.98
47059.15,16591.65,79626.29,2319.59,447.96,24.53,446711.52,220311.47
31744.86,19376.49,74368.54,2446.65,293.16,7.88,99534.47,139752.58
26497.4,10222.54,18247.41,445.97,370.17,40.26,270010.57,139173.5
40103.94,19444.94,46408.72,2713.15,499.8,1.43,137193.17,129023.54
13670.9,8187.72,128882.92,3015.31,210.99,18.55,287654.99,201324.08
41167.19,19874.89,90890.7,2377.03,265.99,11.9,114334.74,127585.59
1149.99,4078.58,146719.7,2096.87,329.06,49.04,123559.16,104578.11
31364.19,25126.87,37264.94,731.93,461.07,3.91,42463.55,78817.33
46803.1,27155.51,116036.21,2146.4,400.54,35.99,495282.27,279813.85
39605.14,14990.93,121390.45,1168.54,41.57,23.9,74285.71,112000.27
42828.08,24210.54,114439.99,2426.64,359.35,40.82,219497.03,178943.22
20450.78,6452.49,86994.24,1433.87,133.45,10.71,220427.83,127990.98
41387.71,23214.58,107424.92,1354.31,134.9,42.76,165740.6,131468.34
27990.75,11606.1,114269.57,1950.4,278.15,47.52,401115.34,208198.54
31308.47,9406.71,137698.58,2472.56,351.19,10.66,182092.12,123944.01
3886.85,14502.1,65371.65,1492.5,88.02,12.14,320216.14,179248.63
10876.03,11836.44,81118.99,3300.04,164.11,48.18,280640.18,178799.99
27997.26,16437.17,110356.63,668.89,360.9,21.71,434733.86,174276.21
3881.25,11426.58,59702.58,3045.81,84.48,41.76,413351.66,240612.68
37330.89,9125.41,38223.85,293.1,426.36,42.12,124614.71,97923.79
42162.79,9934.47,153042.05,1493.67,233.46,15.54,380053.66,205917.11
46097.76,21442.32,50389.54,3241.37,297.14,8.94,400432.86,290913.92
5986.65,13862.69,49836.45,2460.66,49.4,18.33,461209.12,217219.84
47046.29,10829.16,103372.81,2485.91,477.71,29.6,482344.45,241989.44
4313.38,8742.24,23212.2,2321.73,454.69,24.85,373745.12,208598.8
24228.75,17296.35,23773.99,1402.93,103.14,36.84,235966.96,150637.16
42172.3,21739.73,31673.76,2532.58,334.92,27.44,160625.92,151431.25
4445.25,17540.43,36905.57,733.65,398.63,40.28,435038.21,149783.8
1893.32,9082.94,74499.9,2774.79,69.76,5.2,459466.15,213028.52
2222.44,11635.51,134551.2,3497.38,292.95,21.95,66829.37,121271.4
26052.24,16992.38,68179.83,2928.19,426.72,0.8,286074.91,192846.17
40768.24,14738.53,78782.88,2638.93,258.29,6.04,82013.25,156288.25
7243.91,2998.38,94435.11,2461.17,462.65,16.58,140758.26,131084.04
7105.9,2003.59,50413.81,1863.24,33.42,45.08,203934.14,132373.47
28858.8,22576.2,85778.96,1675.04,460.41,19.01,169358.82,163131.14
12480.48,6900.62,66535.69,2943.07,488.84,13.67,363679.49,196855.85
36780.47,20146.06,70689.96,2331.08,86.41,33.54,57903.79,124857.14
47532.13,21258.85,78324.09,1752.83,221.17,35.17,314611.3,169225.13
38535.64,15999.97,19412.05,2472.96,314.17,24.07,299078.97,192488.92
43981.59,25549.44,153947.35,1026.64,447.69,14.43,397853.59,225278.79
26459.72,19410.77,162243.91,3269.27,88.17,15.09,66405.68,162360.4
41783.65,9300.19,137502.1,3138.55,173.67,9.28,179650.22,173623.15
9962.26,17637.99,19943.02,862.45,400.99,18.13,354609.64,138923.77
4349.05,11256.29,122883.43,823.66,210.9,8.41,361609.81,132058.59
33141.7,13895.22,99215.7,2665.83,306.42,32.15,235820.38,167269.86
3545.67,15383.39,30962.07,834.44,284.4,44.73,241649.33,114737.39
44731.59,22824.6,158524.25,3781.08,486.85,12.71,483180.47,346836.36
34886.15,13533.7,128378.44,768.52,79.35,12.11,176589.43,134656.12
47657.84,29200.83,49428.62,1013.54,474.74,44.91,92055.05,111352.6
16380.45,16425.9,157926.73,1011.61,286.43,28.4,477364.19,255162.73
24821.76,17277.06,37120.46,2555.3,453.03,36.49,408611.91,196412.82
37342.83,9331.23,78393.57,2170.18,67.79,44.46,133790.21,147482.75
12896.17,8525.95,34872.24,2734.82,324.34,33.25,431483.33,200849.28
27550.59,14726.11,38558.55,3084.37,421.65,37.12,141104.68,133400.19
33313.9,19459.98,160899.82,2673.83,395.57,19.35,417174.79,274312.6
48961.62,20291.22,104190.78,1293.04,14.87,46.91,321710.11,186609.76
37490.46,22877.23,60882.15,673.09,231.58,35.19,251638.51,168333.84
6788.41,6977.75,123160.11,3227.96,66.52,3.58,465475.0,247830.77
24291.34,19050.33,147150.7,1546.58,84.88,29.76,408496.61,167918.85
29849.77,22393.6,155967.45,3471.04,356.08,4.73,82364.04,133988.24
8184.53,17055.38,153927.13,3416.67,478.72,26.11,358673.1,207948.74
22166.34,19964.78,152281.19,2682.05,320.71,4.42,398960.94,236160.98
14916.29,20809.14,114292.51,2423.05,60.16,31.36,279741.26,161660.4
6822.55,3505.99,57462.46,3144.71,129.56,22.82,152512.82,108381.3
26090.05,19313.25,154657.91,3065.73,195.65,27.65,132547.03,131480.24
9116.02,21212.43,39731.94,2280.18,71.43,32.45,487590.07,227234.54
29936.33,17673.45,43614.74,1581.72,425.5,12.52,229660.86,138892.99
9315.15,6600.7,73185.55,1869.52,105.31,15.98,269036.0,139820.09
36456.15,27266.93,67944.96,1567.6,73.48,24.1,307119.55,154768.26
10566.84,6019.58,99096.92,3339.82,365.59,28.32,68303.07,137375.02
44917.97,16026.97,149090.35,2696.0,72.15,46.18,59021.79,137538.8
2284.26,4312.06,79649.19,2761.3,211.06,17.6,115105.72,110790.83
26577.87,14873.58,97210.1,693.93,262.6,29.59,51357.95,82325.79
16685.13,12005.11,75958.48,2951.83,49.31,46.13,451266.7,218129.39
12028.75,12484.95,117585.49,1899.08,282.34,35.89,91051.65,109360.69
24108.54,23417.38,38333.78,2429.43,245.28,16.42,128753.2,125287.61
42258.96,18279.12,26668.83,349.42,337.52,20.74,277908.97,141217.93
45848.58,19704.93,113758.02,3261.02,117.38,43.94,450178.03,299351.4
15859.18,20962.14,99327.1,2510.19,184.75,21.88,43534.98,107170.39
8557.94,18157.87,78593.21,1819.72,333.23,12.6,123667.74,118289.86
36286.88,12431.96,63374.5,1297.19,27.44,26.15,364328.2,161327.4
29517.94,6655.64,17836.59,1091.15,66.74,9.3,269206.31,155099.14
10849.79,14945.2,115636.8,1558.04,148.94,29.1,305368.81,162189.01
38254.49,24625.47,85813.17,909.04,62.11,49.58,28137.83,74727.33
26427.59,16566.1,82816.74,1859.13,29.36,48.46,436066.51,179317.03
33016.36,11221.22,143526.48,2132.74,493.82,30.69,297795.55,196721.7
18607.61,18677.95,126886.8,1929.05,233.32,44.31,420496.56,192312.05
22515.78,18059.17,51266.59,2395.31,271.51,40.76,482597.54,255070.51
9836.76,13485.49,111077.53,1872.85,134.9,47.53,371437.52,203644.0
38069.28,24948.91,44136.15,578.79,13.77,43.65,34885.03,78314.07
8693.55,17531.44,47164.41,2806.79,377.85,44.99,361534.14,228971.87
39136.83,21352.43,125633.58,1960.96,364.64,11.48,290465.92,177837.8
40102.38,21483.27,40440.73,2202.53,486.54,7.9,69699.0,149472.65
37583.45,20929.64,62371.84,3108.56,20.34,2.2,149804.99,183741.88
1951.72,11131.06,144123.58,3046.12,77.14,32.97,101043.66,119632.47
14383.53,12423.18,121994.29,2272.49,358.95,46.68,463923.87,240875.98
23948.55,19126.92,155073.17,2455.93,171.74,49.69,401736.0,208440.25
30181.67,18440.98,147618.62,3301.73,41.25,42.62,356409.87,189865.24
46041.88,19263.0,65734.41,2817.21,157.47,41.55,386393.91,218847.42
19404.69,6850.83,102175.4,1128.97,52.98,25.94,308598.11,120491.33
43876.14,22962.84,78281.15,2308.26,420.43,22.6,430527.96,236143.25
9008.04,14898.58,117998.99,3200.57,439.7,32.02,129731.91,144558.1
19192.74,11012.39,64336.18,2751.27,322.08,1.14,140242.19,121313.16
3561.82,8160.67,11719.55,520.27,198.94,39.72,304039.83,100613.81
37381.98,12787.48,28851.03,1507.76,386.71,32.87,408864.99,181710.13
8381.99,20933.74,133543.78,2270.59,319.48,8.5,421178.46,250125.63
13593.98,19992.72,33174.94,1013.52,398.07,31.78,488601.5,223008.55
38986.43,19237.74,107306.48,2607.08,260.34,29.97,385896.74,179443.08
27201.12,13772.46,140395.85,2183.04,479.59,39.4,131716.62,148041.93
1684.66,15205.03,124623.7,1585.89,152.12,41.87,130712.26,120537.56
1109.53,11012.6,73758.71,1445.7,306.05,12.67,233882.6,142639.06
26022.37,24733.57,55034.47,2859.51,405.95,40.72,332072.37,231923.3
15942.82,4763.46,142578.7,3324.87,448.0,9.1,266236.17,184238.65
9835.26,3135.62,89636.45,2904.07,473.91,19.71,52387.02,102510.43
31066.1,17801.14,78026.82,3140.35,203.56,24.63,251312.39,213630.38
12193.39,6902.62,147120.46,3597.29,352.68,40.25,412207.37,257760.09
30018.15,18287.56,50807.62,1780.34,152.2,45.05,135351.11,104994.58
19584.03,19654.56,84854.52,804.71,328.2,0.86,324815.66,169958.52
10150.56,5223.25,24932.23,2544.87,100.27,36.86,149465.37,115684.88
7767.13,10645.29,31623.87,2095.07,216.51,43.88,286721.13,153977.96
12606.17,16450.24,75956.65,1583.28,460.92,47.72,356469.87,164859.0
2461.77,17252.69,120252.91,3530.31,407.34,13.39,119466.68,122195.26
16098.22,13398.35,64858.31,1406.48,253.29,8.65,374982.62,183719.72
45195.78,13559.15,115839.03,3311.33,81.95,24.95,344728.87,221346.22
41736.74,20270.43,137968.97,2508.34,205.3,45.05,170124.78,138187.14
19228.18,13208.72,142815.77,920.34,77.95,15.78,449587.85,180593.39
29215.85,21395.72,28600.9,2737.98,43.58,25.25,394646.79,217541.26
28800.67,17093.87,130866.18,2964.75,454.19,49.78,270143.74,200747.21
41608.14,14270.37,37751.91,2151.97,250.8,22.8,59688.6,98312.54
12578.21,17726.3,120429.08,2484.45,53.8,31.41,231498.33,152237.78
15522.99,13700.66,69851.59,1083.88,361.17,49.78,178328.25,108651.43
15787.49,7119.66,113325.75,1288.64,46.35,18.36,145973.8,95216.45
3002.63,12080.44,45668.86,412.94,204.12,13.65,328915.31,154249.31
16419.71,22276.18,116344.6,1128.72,122.84,14.14,462430.47,223717.82
44017.78,23061.12,41648.44,1284.04,90.67,30.85,90346.05,102805.72
45687.39,15464.14,41984.42,1878.02,271.44,8.14,375985.88,219792.71
6372.13,15636.45,106606.14,1012.38,362.65,8.23,318423.14,151223.72
23444.87,10699.8,62391.7,2028.92,248.72,13.01,340175.48,165212.58
19686.1,15019.65,119063.54,1458.95,412.19,27.05,425689.07,197571.01
24978.6,15764.34,116959.59,1421.29,459.52,42.21,200217.85,148081.15
28181.26,10960.37,103905.23,3368.56,405.52,26.46,298186.09,210168.08
1992.68,7682.22,117074.15,3563.17,478.68,39.13,152875.33,154143.23
42269.87,27326.51,141981.82,3163.08,465.23,47.88,156421.58,192638.58
48709.54,15128.58,149259.24,1004.03,417.93,37.0,266375.58,150862.2
33016.84,22723.39,34853.51,2387.3,153.39,32.14,23504.07,120285.24
33362.16,20186.16,104023.53,1137.55,95.42,0.41,139095.34,130530.9
26871.01,16260.47,126581.02,2383.65,366.24,22.42,92781.81,135993.45
17379.4,6657.42,41782.45,2900.68,424.31,13.4,77536.61,117779.99
8299.91,6149.11,48144.36,1443.29,413.33,25.62,204621.77,131353.53
29619.1,9913.88,51640.94,3051.85,325.37,47.55,70093.67,118564.43
3202.13,12582.91,98054.61,2644.55,416.64,16.02,94058.86,94895.3
41400.63,27761.1,80303.61,1374.45,356.51,8.04,340983.52,193639.85
21624.67,21931.1,119128.62,970.9,336.03,41.29,332644.22,162222.23
21322.96,5257.0,97690.36,2952.97,32.82,49.53,473608.75,197949.78
17031.37,9243.94,107676.37,1966.75,235.63,39.0,461731.15,176752.65
48498.34,13266.19,52199.01,571.81,26.58,6.92,439491.37,246721.58
9570.93,21439.9,133420.77,1066.16,55.26,27.53,351658.09,155671.48
8414.08,6777.22,106706.93,3437.72,275.09,20.26,147962.89,173930.79
9111.04,6247.82,28942.45,949.42,33.26,31.67,105515.72,75780.95
33267.85,19260.64,49433.57,3150.28,457.48,33.43,475720.55,235321.63
49602.87,21266.21,65652.92,2403.63,230.67,40.35,480621.92,220144.42
12538.28,7411.76,146655.43,1704.7,352.98,12.0,262128.58,139849.24
45375.25,22647.17,70438.46,1565.0,82.42,48.23,283238.57,178924.69
14652.21,5322.08,12140.13,2414.11,425.32,10.73,22578.98,91812.83
32747.1,7427.12,31477.42,1520.09,244.25,6.2,91321.09,126588.47
2984.45,2703.98,11828.1,375.92,283.8,41.44,282077.26,109712.32
25287.04,12672.34,73549.56,1134.21,327.76,23.16,107260.7,120167.07
33073.93,26127.6,141489.33,3302.45,274.55,24.51,249790.08,192073.79
27279.67,16627.25,83614.99,2536.98,285.96,15.94,401559.59,235824.86
12653.93,17747.95,140852.51,2257.21,374.82,2.32,404373.42,238931.9
41596.35,15088.44,23962.5,931.75,405.17,9.68,433595.99,220224.18
48536.69,24234.45,92497.37,1938.8,160.02,38.08,133141.8,134281.98
23500.61,24040.66,138358.45,3079.45,461.8,11.22,227310.69,224642.74
32160.04,13908.35,113961.4,906.28,183.41,49.63,320885.8,182574.79
39730.25,27927.71,151001.87,3739.84,143.44,39.31,298921.31,252587.48
12832.96,15515.59,57118.5,2878.9,162.6,42.43,499555.13,259288.94
43358.07,23769.15,96638.68,1505.29,185.67,43.66,152615.08,134755.42
14729.84,8363.23,109837.98,3173.86,165.3,35.95,54242.94,116314.3
39015.71,20843.41,46105.77,2307.5,423.44,23.31,206173.77,170482.39
6492.86,11763.19,132702.53,2695.94,284.96,45.85,268646.52,168459.78
15130.95,22176.04,67903.99,844.68,484.15,21.33,205874.82,144849.46
27147.38,23570.64,37386.07,2914.02,51.14,4.79,173294.8,164959.18
26721.18,13579.35,126890.17,2040.44,310.85,29.82,143484.52,131493.39
42671.13,27498.19,129226.16,3075.49,57.05,5.28,225192.49,232624.15
49810.24,27715.89,155306.28,1745.15,234.84,32.77,350817.01,203424.14
6253.33,13263.15,144961.36,1718.02,197.54,49.88,91455.52,89521.83
14298.02,4960.9,49354.96,3144.37,343.58,33.76,435456.28,247235.97
18522.31,7339.87,103869.5,2059.66,375.27,10.53,327738.67,166247.31
24467.0,6892.45,155386.79,1050.62,126.67,6.89,71537.84,87580.03
25201.58,7646.18,46468.89,2755.89,104.92,17.82,31289.4,91306.46
42953.56,28141.28,96080.14,1239.37,215.56,7.29,44651.4,66961.23
38757.41,12388.74,146885.12,3382.81,128.57,28.48,63376.83,134980.72
1923.73,14356.41,31431.68,2914.83,341.55,39.15,328898.76,197307.29
23296.07,17571.51,153653.45,1079.29,263.67,32.91,471611.12,196958.0
31285.62,19064.45,91034.12,2244.22,415.22,30.86,83985.65,134848.82
23559.38,9242.6,141885.0,3655.84,490.82,21.78,156479.53,160939.31
7401.62,13277.58,105720.92,3328.27,195.27,8.64,435608.37,255200.81
20476.23,16793.24,115792.75,2202.17,456.88,31.89,262723.24,149433.09
21171.13,15857.13,129768.64,2722.27,390.81,20.97,225023.69,176331.52
10198.08,6169.78,19670.56,1950.71,83.07,15.27,247150.94,129220.0
38059.05,22211.49,113795.6,1258.41,419.6,32.96,68537.8,130437.93
16748.63,5277.97,143193.28,2709.66,245.94,18.93,125403.01,114496.83
29860.38,18000.48,158038.32,1856.3,357.49,8.42,481768.03,277844.55
26270.78,14261.21,156815.58,1864.2,354.28,24.18,328843.91,171729.63
43993.93,14179.37,109989.27,1867.91,444.12,14.46,157416.91,170350.11
6978.73,17639.83,110938.46,3126.01,382.97,36.67,474549.27,232423.13
6598.89,5249.68,89307.18,1237.74,414.07,2.35,210797.73,126204.35
15715.66,21836.28,110564.26,1380.12,167.25,42.64,87614.7,95054.38
22129.53,22174.92,111497.04,678.77,486.84,23.07,483351.9,200999.34
15628.57,10657.17,19674.94,647.89,334.18,0.8,339647.15,176563.77
38396.17,14129.72,29190.11,3084.12,389.11,6.67,381351.43,222982.24
13018.03,5784.6,99443.08,1855.44,430.85,47.27,30805.68,84107.01
5153.96,19399.18,66080.73,996.38,70.65,26.85,155909.81,95923.78
21276.19,16992.11,62300.38,3211.98,174.84,38.43,473805.28,243437.66
38895.59,8898.9,40168.01,379.48,419.61,44.14,94652.24,86391.65
42677.54,19000.0,136355.14,2185.86,461.77,16.02,439269.3,255512.48
36933.9,9559.86,152475.52,3195.72,380.49,27.35,389824.62,241674.1
28336.45,17355.43,109909.25,2890.74,246.33,32.52,201688.41,173150.65
36485.39,17721.83,156263.35,1430.05,133.05,42.08,445627.06,222529.34
34388.09,8993.12,140357.69,2854.38,267.26,21.0,462899.32,275086.09
12483.96,18906.07,51724.27,2163.26,204.68,47.59,436096.07,197720.54
27987.19,11212.62,36231.35,2239.46,443.96,30.36,215590.45,139511.44
38759.86,18810.92,50728.82,1125.35,287.96,43.69,301824.83,174198.22
16538.91,16269.04,31965.59,2610.96,202.11,4.17,166941.92,149216.82
33044.68,25873.88,110216.58,2272.87,254.26,23.17,82377.52,153992.56
24592.54,15047.84,58022.53,2492.84,467.45,8.96,453013.72,266847.07
25654.78,23518.61,156187.81,3605.7,310.5,45.59,490955.09,294523.0
5412.7,8502.26,100745.93,3084.67,122.2,11.75,48121.32,103010.92
33644.64,23948.95,76302.69,2750.29,255.04,35.65,350114.02,231914.53
43418.66,13782.34,158798.77,1733.98,238.17,3.14,475639.35,243180.9
7930.13,15881.88,155918.71,1036.43,162.1,10.04,311800.5,136586.29
18939.18,6015.77,122711.82,2380.03,370.79,15.99,42605.93,111252.17
3384.71,20404.92,136118.07,880.68,141.46,39.09,27158.63,76824.97
2451.96,19592.15,162377.89,2983.04,251.35,12.56,261969.15,150040.99
49493.27,19021.82,107283.61,2773.2,226.11,40.84,471173.6,303453.68
25180.1,15752.76,145205.08,2458.47,238.76,39.43,153855.49,168997.11
18420.43,15840.7,27072.58,723.0,287.72,49.61,188156.59,109402.5
14468.98,8757.03,92344.69,3101.32,344.82,33.86,402077.17,188566.98
49020.62,23456.32,96629.92,2311.32,80.07,31.87,404797.62,263126.94
13360.29,16794.02,23905.17,1712.71,151.28,30.08,472946.73,182419.35
36559.71,18050.93,32048.78,1906.26,388.69,5.48,422562.51,214928.78
14904.15,6361.77,13256.06,406.65,454.8,25.66,305082.11,128131.58
4453.99,19314.92,63084.11,2562.69,31.88,42.57,470602.21,236273.8
34480.55,9639.49,20470.72,378.6,45.95,1.04,314920.68,178100.49
1079.91,12984.84,76746.03,2161.06,467.58,6.33,308758.0,183265.26
34111.68,9332.56,130314.28,1242.42,82.49,30.03,27441.22,98506.19
13268.45,6002.65,98807.45,1196.37,489.85,42.35,238619.46,125929.44
37559.11,8412.32,109429.39,1323.58,415.83,15.37,40616.57,97953.27
38717.76,15329.15,21831.79,250.65,69.15,43.57,451409.39,172848.41
36481.25,20268.11,142945.81,3401.06,60.24,16.88,25025.89,133757.54
2199.69,11110.05,35085.65,2607.71,488.88,23.27,167360.91,118518.97
35483.09,20750.13,65484.48,518.15,134.86,47.65,497631.98,186818.08
49517.14,23566.29,98788.15,759.2,273.95,20.88,401631.21,211986.53
12888.64,5811.12,144497.94,3092.83,125.76,29.97,383681.14,189490.9
14437.69,4505.62,153336.12,886.41,304.33,46.77,362182.75,145366.53
40862.8,20867.04,135179.43,2135.99,421.61,13.22,44595.45,144742.41
8859.44,15009.76,122758.37,1024.95,331.89,4.6,158335.84,112870.09
33368.6,18029.44,95937.49,2295.42,32.84,47.9,403257.63,193202.14
37996.29,12891.63,111829.27,3554.33,301.64,27.99,449864.93,277555.79
2820.87,16874.1,39440.78,796.07,333.9,48.29,188026.86,107900.66
28134.34,7602.75,50115.63,3124.96,108.44,43.34,144519.79,169084.54
29217.99,18673.68,162712.16,3423.45,383.44,29.73,133229.76,161211.3
15868.7,6021.77,151861.59,3718.29,317.18,23.57,283070.67,206074.76
43940.89,22049.91,69470.92,2669.3,14.68,24.01,159913.68,186604.02
8974.74,10440.6,48304.52,2826.81,475.77,8.3,30241.66,103137.82
18845.54,18272.12,52897.82,2088.82,228.33,22.68,207559.95,115277.76
42584.77,10034.7,83333.1,3031.79,123.87,41.09,285792.08,203788.65
10341.5,13392.42,48160.09,664.19,52.24,49.44,324436.67,133106.41
41247.33,11574.59,108291.68,2792.26,193.47,48.02,184618.26,140804.08
4874.39,14781.32,27673.93,2061.67,160.81,48.11,170668.18,104528.01
24972.22,7833.58,26300.06,405.06,156.0,0.95,156260.84,101425.02
4691.2,2873.12,47453.96,1182.88,398.67,25.79,319196.18,137912.55
34217.28,21249.35,134728.75,1400.35,326.5,10.01,156140.17,140231.6
39739.47,9686.77,59626.4,1573.14,75.2,30.76,460089.35,249224.73
42643.07,13406.96,83994.01,1095.19,356.96,47.29,155209.94,114718.93
49081.85,26398.71,121329.16,1503.65,364.51,43.83,399649.27,239568.04
33928.77,23074.68,137798.03,1647.48,261.99,43.33,173470.9,123169.85
38684.03,24892.26,69444.62,2186.67,497.93,18.29,324675.51,221602.92
25782.16,12015.38,120602.87,1094.15,148.9,25.06,355527.55,179391.76
45724.11,19941.76,62433.18,1111.36,38.64,14.1,103699.21,111645.0
32544.16,22089.11,116118.88,1600.32,24.12,27.69,202383.7,162891.49
44294.02,12030.02,80001.64,1802.31,167.07,15.17,81239.36,133937.11
12537.15,17133.05,153067.48,975.79,253.98,40.44,265114.71,140231.18
25340.15,7469.01,153378.75,3764.61,48.33,23.22,456521.9,217332.77
36761.13,25660.61,137776.34,1660.02,287.24,35.02,306193.2,180343.06
10933.37,15114.22,149833.71,1682.47,451.43,43.63,356796.86,186822.27
11355.65,12390.58,34705.58,1882.65,400.46,14.99,155865.84,120473.16
48924.09,19737.04,115686.91,3155.13,339.51,31.1,244748.27,185164.51
22295.91,8495.74,40559.94,1627.55,334.25,42.29,375573.81,209346.86
9908.96,9227.18,52542.18,1084.34,367.85,47.54,83024.71,87201.73
17241.73,18127.26,95311.18,2217.59,252.16,8.15,78420.03,108654.39
20471.43,15142.69,124702.3,2124.04,206.88,34.07,127728.61,125583.55
31531.18,17127.71,123318.81,1943.51,160.26,21.76,133663.79,135591.79
46227.72,13552.84,141913.88,3662.83,58.81,14.28,481951.01,267674.12
49342.91,23830.65,105159.37,3514.05,285.46,7.89,96132.05,203193.1
32933.24,14731.31,151104.73,2485.16,241.53,29.27,70474.31,107625.31
35296.2,11122.93,142642.19,1010.42,68.26,16.7,86087.61,106085.68
16769.63,22257.73,145919.52,2473.66,141.45,33.4,117397.3,151144.36
43000.77,18982.73,53466.6,3129.5,395.73,14.05,196985.41,188026.75
11672.12,13131.14,92564.87,3247.33,135.25,0.03,114633.63,150968.65
6212.65,20879.28,128457.73,1367.24,218.6,38.36,62144.09,78992.87
48689.54,17382.83,160441.13,1453.55,89.04,8.07,85576.76,111017.07
43342.8,27557.46,28734.82,685.22,93.22,12.63,399040.65,208180.49
15878.61,17226.77,66213.02,2808.44,380.61,11.77,269636.26,168595.07
34083.37,19662.04,70370.42,1873.01,42.67,17.11,378022.93,222550.61
23883.9,9847.94,54715.86,1353.91,149.66,24.27,104815.72,73956.38
16833.28,4875.89,127427.24,1679.08,490.61,40.62,166482.89,134316.66
15051.94,12047.17,21173.1,1004.56,243.19,32.51,491506.62,184017.27
7665.34,2231.4,58903.16,2954.11,307.04,7.3,61120.73,126576.82
27916.59,7467.87,114168.56,1858.91,323.99,9.18,230561.78,175549.27
22883.24,16685.52,77325.67,1194.28,106.11,42.35,161969.9,98815.88
26097.13,19846.63,41766.52,2369.01,190.98,12.49,23520.55,103261.13
11552.5,6085.49,98442.0,2435.03,206.35,10.93,285176.9,156390.77
46991.92,24182.14,100124.2,2675.18,123.03,0.18,284002.54,241452.73
32290.97,25477.85,167748.91,3322.42,124.65,38.7,173821.1,170639.21
45080.43,24008.02,132742.72,1057.29,307.86,36.92,246684.11,170064.53
6354.29,17072.8,161653.76,914.04,63.15,17.38,208134.82,135959.59
31519.7,20467.83,48395.4,488.62,73.28,0.37,242818.74,148363.63
42623.63,13407.11,126156.96,2780.49,290.92,39.28,427063.31,235695.46
17215.12,10980.38,93771.84,3278.9,230.18,4.97,362707.19,225069.6
10562.02,21123.11,125212.36,1686.27,309.85,23.02,154517.42,127319.26
13986.04,16190.82,85747.61,2794.2,23.21,42.01,134979.68,136022.54
14373.75,18760.73,50805.26,2468.66,355.41,12.21,368104.47,197023.56
22912.75,23972.09,30809.49,3090.43,426.45,18.98,127767.1,155045.38
16972.22,8407.46,133277.77,2131.69,266.83,33.04,455641.21,224066.61
14292.43,9631.38,130852.31,1235.87,422.01,33.66,419751.92,187996.27
32777.1,19629.05,44271.5,2540.53,205.83,23.14,141209.14,150276.2
3598.59,1694.69,99906.98,2974.11,48.67,21.69,404720.12,197977.36
17677.83,15174.34,124110.86,2771.72,195.0,20.98,111846.81,115947.57
34797.85,23228.99,104438.82,3125.42,228.72,24.3,31933.29,107560.09
9616.64,14326.97,62459.77,1488.73,434.11,17.33,481337.89,197871.59
11825.47,8625.26,139637.37,2800.1,174.01,12.82,385448.32,228075.13
10832.66,16786.56,111583.14,1423.08,164.4,15.8,254731.24,157011.54
1045.38,3556.69,112276.89,1956.06,445.13,23.89,424740.52,179197.26
24214.62,22791.01,117789.41,1392.17,132.97,19.11,56394.24,103885.77
2908.98,3049.64,112026.57,1108.28,324.8,29.28,375047.57,167143.15
14374.05,20212.89,42205.05,415.29,170.05,31.56,479036.35,160449.22
49745.37,20156.36,154901.27,2821.64,476.21,49.81,412923.53,288415.99
46001.41,18058.9,60889.69,2942.74,102.92,30.76,227204.34,200491.52
11538.71,12570.65,136356.45,1693.6,364.73,36.73,186229.24,131936.94
16190.12,7642.05,140654.35,2048.05,279.53,4.9,448359.64,236968.64
23721.52,14169.17,110762.76,664.1,489.57,38.02,159923.38,127419.75
42376.26,25544.79,112189.44,1858.23,497.09,25.45,469975.13,253776.33
40329.65,24184.56,40159.64,1116.63,398.91,43.33,173527.76,117341.7
7185.83,5116.61,72345.37,2126.91,60.69,48.55,80007.11,96406.39
7097.99,15051.31,105729.48,3263.35,239.81,11.52,133227.14,146478.06
21419.88,21492.3,34064.89,1738.17,428.71,46.43,269351.98,160197.99
43634.67,25212.4,41331.91,2265.7,322.86,33.58,82930.9,132901.68
44222.16,17644.27,163170.19,2961.75,440.7,36.96,202379.43,200346.72
6260.93,2690.0,55325.95,818.68,401.69,23.62,454810.71,194295.81
29140.57,24485.92,75299.94,1481.55,163.35,17.74,65066.07,111262.44
8628.08,9945.38,49428.03,675.26,105.58,40.0,314981.23,119837.48
34620.34,14463.11,110243.36,1929.38,168.06,1.1,213807.02,205678.94
45905.23,24491.59,93189.27,3139.07,351.01,27.03,330778.33,255150.5
23283.7,10304.2,127855.85,2133.99,245.72,3.69,255011.88,150098.27
5071.06,17791.8,93545.19,1890.57,31.49,12.73,440818.42,184927.42
29383.46,7859.7,13523.07,774.65,373.81,36.26,213199.17,125243.63
21017.32,19147.33,90307.54,1451.17,31.9,37.74,264045.68,136787.87
40734.04,27479.7,34985.92,2991.07,210.56,44.45,82465.79,148245.91
17676.88,23452.87,143646.32,1696.92,236.52,35.77,255347.16,131722.75
43869.96,27288.18,43310.96,2437.58,256.48,33.74,75070.81,127008.69
14411.32,20362.13,52748.04,485.95,78.15,47.26,299902.34,137952.32
8718.36,7681.84,77840.43,861.31,376.42,26.87,225149.0,110958.02
16017.54,22553.15,51344.21,1260.01,426.19,32.69,396018.08,204806.09
2710.87,19136.16,98495.82,3206.6,351.97,43.4,220868.95,157812.94
14781.05,13876.47,82902.45,1150.46,476.02,38.18,322685.8,167120.39
33345.76,15009.67,155123.51,2983.18,136.18,38.5,48316.34,152811.15
7971.87,4225.08,21194.23,691.79,88.76,26.84,360808.86,130409.23
6456.88,13308.74,99273.14,2373.61,42.97,26.39,479568.22,210657.09
7486.88,15658.02,121984.36,2411.72,363.54,32.44,234933.79,174802.06
4800.03,9337.94,30976.27,2058.53,89.43,35.03,24727.55,72222.14
43857.14,17189.0,111038.21,1485.39,469.71,27.31,309750.39,211520.92
47261.64,21131.9,147220.18,1306.2,303.19,9.27,89685.09,148336.24
3281.5,1698.09,120554.04,3273.58,404.03,12.42,244624.87,167560.4
38243.52,26827.09,162061.42,2561.69,223.0,24.65,35578.71,139526.54
37120.44,13577.25,120346.72,1316.66,370.07,10.2,232549.59,172235.25
49848.56,13217.08,72701.76,1662.16,227.39,21.17,439753.21,268631.98
18045.66,4216.16,141838.38,1003.76,273.99,7.36,84985.64,90270.32
14989.94,20207.37,53842.63,1747.8,389.06,7.31,259196.35,178941.7
23201.02,21972.75,107215.03,1865.36,126.7,42.16,141858.6,113487.81
42972.18,10952.92,124782.73,1108.82,443.41,27.11,145294.71,125552.66
36701.09,10808.92,140127.91,2089.32,360.99,39.02,328785.48,215718.98
24109.57,14056.01,149143.41,2700.36,375.8,0.58,379173.06,241655.86
12983.58,6717.95,22695.83,2906.1,126.7,14.28,439176.97,207224.89
36623.77,22173.27,128017.19,2779.32,54.16,0.88,153558.18,136259.94
42871.82,10206.14,42760.03,1770.86,45.7,0.17,53972.59,137655.59
20597.61,15338.85,130243.4,2984.37,327.04,1.6,232295.45,183563.01
33760.69,14716.57,118373.27,1503.68,83.5,26.08,300603.81,159613.2
20610.39,13688.53,42246.92,2250.7,499.6,4.54,374998.68,205461.53
24446.18,13672.0,136697.97,798.17,480.91,39.92,382914.41,201136.63
26720.61,8830.73,79023.96,705.52,24.3,25.81,434536.27,219156.43
39010.56,12597.6,93937.22,2380.06,365.28,12.27,34958.85,115669.69
48897.79,11543.31,155088.19,1433.83,137.78,41.93,490879.07,258049.3
22773.94,7302.86,106053.0,2627.58,177.04,25.48,484071.52,232051.15
17773.44,23123.64,108840.56,2490.79,127.75,17.54,37062.59,101420.68
19305.96,9817.03,15284.23,361.05,416.97,28.4,170381.86,122306.89
7560.56,7999.11,40285.44,1439.67,447.94,33.63,387460.46,147553.45
15550.0,6088.57,13722.84,1946.32,29.8,27.94,249684.98,127747.33
5235.92,16272.89,66348.61,2500.84,142.32,46.64,22228.03,84959.89
21966.82,22914.15,73285.03,2833.07,229.86,17.7,190263.58,154906.69
9200.51,17740.24,96090.05,1538.73,265.69,20.5,297890.69,144741.52
17973.93,16040.79,117849.06,3115.72,52.95,42.94,442198.46,250029.05
39885.31,24335.1,50473.13,1379.7,416.71,31.87,418040.73,221814.94
13050.45,10992.58,101033.96,625.43,467.65,48.31,474233.32,191244.79
30982.84,23456.77,156726.97,2652.65,207.4,39.61,244605.53,167571.73
45157.89,25102.7,51908.3,1060.38,430.04,25.65,403171.43,236298.35
28779.53,6289.54,105599.39,988.7,341.41,31.74,68353.08,80777.81
10495.84,12111.15,21299.35,955.73,299.95,20.3,268859.78,157164.68
17893.54,9238.73,89407.39,2947.99,411.33,6.38,459958.77,228744.33
29928.09,8167.16,119056.92,3345.89,241.78,20.36,422646.85,238780.19
25823.95,22165.61,27668.55,3027.26,278.38,14.07,334692.73,186594.21
8282.37,2311.49,55230.68,1254.36,144.59,33.9,91617.59,76056.25
22893.02,19316.79,147757.2,2160.98,358.97,33.46,107399.0,127431.65
27610.27,25291.8,57928.01,2716.97,87.94,46.87,345753.09,228761.78
14099.3,12719.25,119992.21,1621.88,129.15,3.97,176272.55,114911.41
31009.83,13941.16,104927.47,1741.55,245.16,23.38,178135.01,135220.48
4437.84,13201.31,39295.76,984.57,198.8,19.93,426858.94,190171.37
17493.74,19690.36,128299.87,2401.36,127.39,26.37,29824.22,108898.16
40409.56,13266.83,92765.21,2475.7,104.03,5.98,208408.58,200865.63
13704.96,8129.67,27747.48,1162.21,431.84,24.57,134345.84,84878.11
30653.67,18470.7,157435.42,957.45,299.52,32.85,33008.13,71629.74
21091.46,23045.95,94771.25,2707.99,194.92,15.69,123955.1,157884.21
16506.55,9620.89,120733.43,2491.8,424.43,32.52,108438.8,131627.18
45890.45,17024.81,50186.38,986.03,414.33,13.28,262147.64,148000.75
17819.82,23433.96,43638.74,1230.67,64.33,18.47,228892.03,149604.98
12597.12,6455.76,117654.09,3463.9,287.97,45.36,246415.77,195266.7
45555.76,11112.03,111594.13,2485.56,159.75,1.25,441397.42,212723.18
37551.27,19510.48,60354.0,2128.66,275.01,13.64,257325.62,180877.17
34408.19,7854.84,119494.97,2552.58,361.82,46.79,326722.26,224445.57
3427.21,4703.89,81986.99,3277.82,14.17,7.35,330791.98,183762.6
7429.04,14118.89,66841.71,1419.8,261.65,19.87,268099.71,143342.85
32278.66,19816.22,134952.29,1589.42,152.95,22.7,166291.66,152754.65
11262.21,12705.73,104598.09,1715.54,271.67,32.63,453516.13,211193.47
12056.26,10394.34,86869.38,2857.1,63.82,30.59,230324.25,141804.2
39177.79,19571.41,132757.66,1114.57,410.61,31.34,294141.43,171346.36
15010.32,16048.09,96838.58,1183.98,276.4,47.02,288389.28,138759.97
4507.78,17069.46,154743.06,1535.63,113.42,19.64,417266.26,163800.33
2785.17,16515.67,136830.61,2629.65,387.15,24.49,276618.0,143588.56
22715.72,18006.76,71342.61,2317.3,28.51,48.2,239313.38,165611.03
31239.3,24185.4,91761.61,1637.28,300.48,6.41,240829.29,192293.55
43575.38,25556.57,164258.55,1722.25,255.86,47.41,394375.33,262635.59
6429.42,4384.18,138311.98,2980.05,29.43,47.41,178388.05,162664.24
10636.97,21282.64,49748.02,440.75,132.36,47.67,468728.55,194974.23
26960.23,23281.02,63398.87,2559.33,47.8,3.35,426369.9,196206.41
18841.31,10526.34,66262.05,1041.1,368.87,28.88,86406.85,88794.26
24644.34,5822.46,137236.08,3404.23,355.83,41.91,172274.73,151918.0
46282.11,21533.95,156702.67,2083.22,53.76,15.69,454697.54,254052.75
27699.69,14589.08,133010.6,2627.71,63.51,29.53,153618.25,168442.98
21340.91,19384.73,60485.51,753.24,441.34,12.82,172475.96,92191.6
49482.56,20626.21,150125.36,1586.89,108.42,6.48,124378.87,147197.79
4195.57,2830.68,12032.3,2191.93,158.79,42.61,46109.15,67759.85
46673.56,14606.12,77991.4,2085.99,345.3,49.06,249658.94,160571.39
25581.43,22825.5,78016.55,2724.47,39.75,3.49,382329.45,234677.72
25684.06,6371.76,87707.15,2172.4,474.35,6.07,336798.76,174942.67
46176.25,24100.31,105573.13,2278.93,21.27,29.43,33259.99,143552.55
25858.88,11364.67,46775.39,2822.83,426.08,4.32,271223.8,214832.86
22481.95,13822.87,45718.87,1560.2,186.84,31.56,178538.79,132439.85
14351.94,13724.99,132497.15,3358.12,83.52,35.97,328058.57,206146.05
33282.02,12032.99,25674.93,1307.8,194.97,20.73,214476.72,137619.77
28912.61,18995.75,91723.08,1511.54,486.69,37.81,490654.44,232784.14
11502.93,16322.71,45846.9,2589.56,269.2,5.68,417656.08,212632.38
35761.23,9310.91,58785.97,427.41,39.05,15.06,356178.04,161641.31
32560.26,14303.63,56650.59,882.61,471.36,40.38,267520.19,124576.85
20469.36,19109.23,123023.11,923.24,80.35,4.42,303734.18,130227.37
1215.65,14815.06,82975.04,1999.98,36.8,14.25,232225.06,143865.43
22882.48,15696.26,60976.07,2226.29,32.26,31.06,401435.44,186810.68
1296.85,15924.03,138285.26,821.52,414.9,12.37,455952.39,218053.6
4674.93,3534.06,20267.54,669.58,84.98,24.04,499565.65,146619.67
22099.89,7225.1,121902.37,1586.88,97.7,41.86,307438.54,179720.64
5014.07,14323.86,52464.43,1215.58,472.62,13.48,347305.01,194103.58
14507.61,16921.53,151650.01,1139.93,309.69,21.79,211934.01,115854.5
33119.08,23007.09,24211.74,722.32,149.86,0.91,24067.13,82774.31
16122.15,7254.65,91519.9,3014.05,297.36,35.42,357553.65,221592.55
49884.78,20554.0,111671.63,2690.04,129.12,17.75,468337.01,263221.17
45898.8,22565.97,106761.32,1492.48,252.19,43.0,432619.78,258735.9
29680.19,10798.18,131815.76,1522.96,173.97,4.43,441737.97,183064.82
48380.41,20256.18,37468.72,519.92,315.09,39.11,213020.45,170060.03
43532.85,21656.25,82580.62,1524.73,381.82,40.69,362504.73,213038.25
16626.03,8006.97,136647.41,1937.64,180.77,38.8,326446.39,168016.9
37730.22,15369.53,146162.24,3452.94,80.52,36.72,279648.71,214907.65
7704.76,6259.56,82267.59,2666.37,184.31,11.89,92777.51,105234.73
34543.02,25015.99,105917.99,2019.14,381.5,20.84,296212.19,184860.56
25063.01,10130.18,123870.87,1110.44,395.67,19.3,163323.64,100639.69
1824.47,3221.17,120620.44,2605.97,394.92,12.05,357722.8,220757.4
14437.26,4072.98,137030.17,3499.59,487.54,24.58,473529.17,242830.01
47813.73,10939.34,136110.79,1006.88,414.14,34.88,369275.75,185910.51
16475.74,7531.08,71116.24,2916.54,484.6,23.94,144573.88,161829.76
9891.27,14338.32,110684.89,1175.76,317.13,48.72,243318.96,147015.3
10189.04,2881.98,77374.7,2520.59,122.38,35.44,291135.54,172550.94
24481.45,10987.8,30894.65,787.66,308.02,22.13,368553.36,138189.42
42289.81,10092.22,132217.51,2501.13,106.94,20.2,90966.81,158885.52
38142.09,15999.76,105055.52,1314.39,51.81,29.18,272284.41,155601.85
22405.75,5928.4,18153.47,1761.69,157.65,21.59,432865.51,199396.77
11227.62,14592.59,114819.97,2414.56,187.76,11.1,33242.26,109679.92
3257.18,14575.71,57710.22,2182.26,357.36,26.05,369238.58,155214.51
23668.89,19494.86,30639.34,2233.31,187.91,33.64,442609.52,200250.55
40923.99,13059.49,103402.99,817.2,11.54,17.92,401966.58,193622.84
36754.42,24786.64,130999.56,2794.82,459.3,14.17,467282.78,253207.28
21021.44,18164.91,94538.15,1021.02,298.81,10.87,395701.03,191635.34
30140.43,7632.77,11925.21,2123.02,113.27,18.14,268651.12,172542.55
22376.08,13570.17,99504.13,957.23,133.62,12.22,248928.46,140732.19
29371.79,21345.61,23034.8,1605.48,70.83,38.15,35283.05,112114.13
26357.76,11833.98,148796.39,1965.61,454.21,31.94,28927.7,73884.49
34367.36,14813.87,55610.34,3183.36,122.8,14.35,326945.06,223130.01
25877.73,17952.82,145658.21,2657.64,470.92,49.59,152193.21,157626.48
47089.94,10999.86,15555.74,433.58,139.51,32.28,167405.77,99869.12
21973.38,23749.91,38096.32,2323.05,401.63,7.12,407391.52,238474.61
1779.9,4258.36,73860.89,1032.31,15.12,41.47,73410.27,47994.08
12582.3,3536.56,117827.32,1518.97,246.8,37.69,156240.62,97701.4
25529.74,5709.75,146239.24,1928.68,190.92,25.0,348818.52,172534.84
27488.02,13788.91,91589.88,2809.0,173.95,11.67,34671.79,118791.58
28066.85,23356.31,75226.85,3213.97,496.16,40.54,269498.82,215615.98
36013.05,23687.97,30410.79,2932.63,363.22,6.23,61021.24,124241.52
14457.76,21176.44,106579.03,1127.88,135.33,20.9,385595.26,191904.42
33580.28,17624.81,74206.19,646.23,378.7,40.87,324599.57,136920.66
35497.58,16350.07,149904.41,3252.27,73.49,40.07,312104.93,197038.11
21152.76,12254.84,84412.46,1357.9,463.7,31.49,126216.83,122249.49
20706.29,5546.41,120426.94,2392.33,218.93,0.39,367855.38,208161.03
9767.31,20189.13,144141.83,3658.73,103.42,16.66,164805.99,172403.64
21285.38,14432.51,30796.26,794.61,143.68,42.66,293991.1,148402.45
39554.0,17284.61,82750.41,1600.83,86.02,36.07,64174.28,96771.5
45539.68,19653.7,150311.99,3367.6,465.97,40.53,66121.53,174071.75
30087.05,22003.42,84148.76,2405.69,159.89,3.15,113115.31,124209.32
15669.15,8011.02,93356.18,3285.68,80.0,47.04,123682.43,125628.58
34432.2,21229.5,148583.67,2674.9,408.32,11.45,80687.56,147930.54
37267.16,21813.44,56176.82,1261.24,114.5,16.61,76759.26,115648.15
17278.43,20521.96,151131.91,3190.47,56.13,42.03,441934.88,267920.01
41500.85,8969.5,69744.72,2650.59,337.51,20.31,286224.03,241311.87
4611.1,4744.93,94785.78,3281.42,13.63,32.15,318644.97,158587.54
1526.93,9990.8,60558.36,1783.68,417.89,27.62,158154.45,99193.78
7025.57,18490.65,96224.78,2039.36,285.73,43.3,46633.94,87083.26
8644.41,21048.66,28985.37,1184.01,130.94,7.81,484771.39,198681.01
44067.52,20913.44,31193.45,1035.37,242.06,4.89,45933.51,91221.9
21824.1,9001.43,72335.95,3351.61,138.58,31.62,414860.74,220745.65
14471.65,6993.73,59163.01,3229.86,271.1,42.23,339241.49,221014.83
22024.68,17374.09,108189.09,2176.92,290.11,46.16,215610.09,161810.96
20347.2,8665.79,17429.61,2956.9,388.12,20.0,378366.71,217639.43
15771.62,14439.53,40863.58,1337.17,238.38,36.74,387071.54,148451.18
7757.08,18330.25,50055.02,2815.26,395.45,19.54,441580.05,259000.84
33139.86,14729.45,80654.87,2344.39,43.93,15.94,281564.15,177439.05
7693.62,9418.93,48326.19,2421.12,461.46,1.21,122579.46,106234.1
38995.8,9003.9,32164.21,2343.61,100.9,12.51,294837.82,174748.67
10882.71,7631.19,97753.14,2432.67,419.92,8.51,67671.24,98870.79
36837.19,21482.17,130047.17,3221.99,252.37,13.43,200589.91,169119.36
40473.72,15622.37,116861.77,1821.15,61.31,14.44,312975.94,189412.12
7140.97,5015.02,49058.13,2807.94,186.3,42.95,140905.82,98401.49
5250.54,3612.58,131784.56,1290.83,459.98,10.17,435239.72,185060.86
47529.07,11859.35,103201.7,1195.89,419.01,40.96,488504.89,217008.02
23689.29,18090.96,108599.44,2723.29,363.93,42.97,56436.83,130298.91
31881.54,18822.43,50920.97,2529.98,196.12,23.19,118828.48,146582.62
2139.76,11039.11,48952.16,2961.43,298.51,36.23,247045.57,153978.72
14656.8,13187.73,84388.96,1318.53,123.74,15.93,38211.88,79139.13
25764.49,8639.07,46395.3,494.58,327.44,0.89,64605.17,72538.63
44424.7,19146.72,120088.65,2172.11,137.86,35.48,452307.26,232897.22
14300.53,4528.89,53363.52,2905.3,416.21,30.32,41854.33,104716.2
38984.37,26351.11,48108.73,3157.79,355.2,23.07,138792.44,156792.1
33448.43,8321.22,33640.99,2755.9,199.18,44.93,223343.7,145267.84
6648.27,10088.49,31518.82,1678.47,333.15,36.36,29820.42,74197.22
15375.38,3586.21,71632.73,2961.97,169.32,21.28,409085.02,230369.84
12655.34,18361.0,20129.61,821.16,86.27,2.67,418403.73,188352.07
22683.85,8277.09,90265.65,3222.72,125.24,43.8,209441.72,149522.28
32131.38,24962.14,68223.63,2084.97,143.13,49.23,116856.3,133697.08
22237.57,5805.08,89753.49,1677.92,121.04,31.73,448331.86,181530.94
12982.29,19101.81,155918.13,2566.35,342.39,38.41,345706.92,184744.79
35098.06,20324.05,147271.14,3109.98,372.43,25.3,271453.65,193001.58
29639.08,11297.66,97620.46,1284.45,234.0,11.83,208350.95,116029.91
26446.38,9736.46,73409.36,762.5,494.02,45.6,278852.89,131517.42
28166.56,13108.03,116749.01,2809.79,446.6,34.42,139765.54,148386.43
11873.13,19028.48,154077.99,3632.55,52.65,27.43,235808.04,180807.96
34341.12,24176.38,95325.43,2423.86,235.62,34.1,349230.91,197325.82
19987.53,7915.57,25732.08,642.15,455.15,25.59,217452.26,123717.58
18809.92,11154.22,125006.17,2590.85,117.93,2.92,348778.19,207537.38
8336.98,6798.48,11958.26,498.02,195.41,33.02,374588.27,149192.37
30245.03,8940.54,123025.01,1595.35,474.0,0.26,381781.72,171163.19
30530.56,19211.87,32682.41,355.05,390.27,11.02,293205.4,153974.46
17674.73,10779.43,29082.95,1659.17,417.84,7.8,108506.23,108220.16
43132.65,13521.52,129164.71,1677.75,440.95,17.01,356268.65,212600.72
42427.44,25872.44,125678.6,1011.21,93.88,45.42,413254.91,234951.08
6343.66,16360.93,99564.7,1494.0,352.64,3.99,65258.64,71964.17
35056.88,22599.72,142064.63,2688.28,403.37,17.87,450063.67,245599.16
20297.9,5323.9,132707.55,1601.87,120.97,37.98,471824.33,235122.86
49986.03,28342.25,94013.08,984.97,31.25,43.15,340753.25,174202.76
12026.16,14112.63,160753.41,2483.68,97.39,36.81,73311.14,108062.6
14745.69,13273.29,67467.72,2621.7,373.29,48.26,333771.58,220444.48
22663.21,5239.06,34059.87,2677.71,350.2,34.8,190912.84,131141.13
14167.04,20837.82,144336.84,2190.77,446.95,37.24,165749.87,163917.17
34907.67,18087.4,79727.61,2560.75,165.31,21.1,37646.73,120850.46
24564.5,21503.39,149005.16,3261.68,314.65,15.1,367920.36,248072.27
11823.06,15647.08,26386.78,2183.31,23.13,23.09,292006.37,168257.67
25812.33,21197.99,38060.95,1819.39,468.19,38.4,236380.69,167335.02
44550.6,22922.29,29177.37,419.71,281.7,32.51,206570.44,115708.97
39827.39,26424.27,113431.01,1508.25,376.71,38.59,217689.07,171048.44
25442.62,9985.47,133608.68,1695.51,149.07,31.38,237485.43,145791.14
15136.14,7468.18,69360.36,1592.33,50.16,36.66,249194.53,158159.93
9814.44,16357.45,31236.8,3013.77,40.78,7.78,66886.69,122238.1
44040.76,19085.35,74421.26,1077.84,409.18,16.18,202554.08,164982.65
35798.18,19343.28,70941.31,2025.22,84.45,28.06,50737.61,99611.71
29036.0,20123.78,114402.45,3546.54,413.76,0.83,392446.83,228729.73
44092.3,19993.31,115556.63,2472.29,139.98,45.61,270674.93,209137.13
6962.82,17252.59,33740.51,874.54,275.22,11.97,403767.29,161284.82
34441.98,13606.31,76810.68,3268.61,138.34,4.43,226073.6,187091.69
11618.9,19574.09,113823.88,1644.37,34.54,33.21,93487.22,105902.5
6908.29,3981.35,45719.95,467.42,275.72,9.69,163796.26,89699.1
23814.82,17626.04,78127.47,1741.59,189.89,28.1,132253.11,111947.52
19982.25,21854.03,111468.99,1355.25,223.2,12.45,231153.89,132831.7
47117.51,14851.04,75297.08,2851.19,304.76,8.3,398677.21,283276.97
16875.0,10248.28,17673.46,826.24,163.69,36.75,75983.87,46332.63
40930.21,14642.16,48993.04,2722.54,286.26,19.42,212048.08,178949.27
37692.52,19041.65,132765.05,868.72,332.31,28.72,64059.76,101235.74
33728.27,15296.65,53270.41,3060.91,53.88,10.81,207898.89,199003.2
46099.62,11825.13,133028.26,887.5,181.55,27.62,299610.77,175366.96
20988.31,22077.76,90363.84,3273.58,54.07,21.06,53107.89,131998.15
20093.89,8509.97,80381.54,715.61,13.4,2.56,51988.08,93555.53
8886.42,12691.84,126878.33,3264.88,35.1,36.33,370644.85,226679.76
14512.34,15001.16,72578.49,2873.76,300.19,27.62,215598.92,172771.95
44109.05,10116.47,47672.86,2062.19,51.31,46.37,188663.49,154886.07
24244.72,7215.34,26001.96,334.37,435.57,40.4,349433.47,172453.38
17726.31,22993.21,120821.5,2505.42,382.13,28.56,60686.41,128478.87
11589.49,15775.89,85762.38,2320.57,14.32,2.15,432663.18,234238.61
24763.05,6107.13,127249.7,2352.12,290.89,37.6,392204.49,222168.53
36116.6,23210.21,89931.0,2381.08,15.02,27.45,207029.49,142730.37
15047.91,13426.17,75888.48,3286.95,63.51,41.75,244979.57,185452.44
38128.11,9592.01,56007.16,3267.01,494.24,28.89,210903.47,175101.56
31859.6,20146.59,50034.31,1859.61,233.94,0.1,396910.5,206063.4
39590.57,18155.47,139937.74,1065.91,23.33,40.75,33917.09,84116.97
13294.57,7154.85,24529.53,611.16,426.65,39.96,342266.55,122620.68
31920.38,23999.27,155007.94,2964.06,459.5,4.97,165222.92,175580.2
8533.03,7888.51,15212.64,3023.76,278.71,34.19,394182.62,192171.49
18826.05,9814.06,88577.84,1807.45,355.91,26.31,492276.24,227598.95
36493.64,13117.81,23951.89,504.07,392.26,29.5,153909.55,116123.66
31951.75,21855.74,135527.62,1801.47,369.99,44.47,234008.84,137301.12
10205.18,16310.35,48715.28,1460.11,252.32,12.48,282843.59,136784.38
43058.79,26723.1,108437.25,3532.31,418.02,0.66,284503.56,223667.95
3614.2,5694.95,142440.65,2803.29,268.39,10.43,95153.92,127338.18
30165.57,21867.22,116636.32,1024.99,137.16,45.76,299958.16,170096.26
49207.2,21515.83,48069.06,1317.87,11.99,10.57,367478.01,180020.62
27043.73,11928.0,130060.68,891.12,185.71,33.73,473133.67,190557.67
40232.92,9237.94,76404.89,2375.9,50.47,39.48,368182.45,176729.2
30163.87,22502.25,24912.43,2175.51,41.01,40.66,309587.34,207686.57
39371.33,13075.16,86041.05,696.95,239.92,0.52,131960.37,133762.73
33124.11,19443.81,138365.33,1764.83,472.4,0.47,67001.68,121225.7
34865.47,18176.02,81884.67,3127.65,61.7,49.45,324480.62,191766.94
12162.75,3019.32,117387.52,3084.7,144.14,26.37,320087.71,199829.55
37349.22,27359.55,129188.89,2411.16,416.74,3.19,422892.25,277316.29
12657.58,18910.94,86381.04,1937.31,206.9,1.34,234129.0,167373.11
49051.37,19796.46,67713.15,3317.84,381.81,40.54,102580.83,167550.15
12161.57,16198.97,123307.48,2810.9,275.74,45.25,127868.84,151110.71
12597.52,12313.09,68343.64,3204.36,305.93,26.22,248671.47,164883.52
43074.98,23634.43,48570.17,550.45,88.96,18.59,169785.28,103164.76
12906.31,5700.67,56085.68,995.67,182.62,35.12,106528.22,89739.74
18684.24,12940.69,142494.24,902.69,314.66,1.12,71768.61,78399.29
36017.37,14246.45,57488.58,2904.4,23.12,44.95,217928.44,165287.96
8778.68,11219.01,48044.49,2353.49,102.28,12.8,182008.78,147125.39
8794.52,11043.12,33180.41,781.09,199.38,9.55,483332.23,210616.95
24831.56,8256.64,19606.1,3023.18,340.55,15.54,431078.12,225522.3
12941.14,22129.76,164324.2,3693.43,259.7,3.19,108075.88,142622.22
12547.24,3311.54,85481.88,1178.74,362.18,19.48,381609.61,145365.59
1452.71,986.96,111588.02,2534.27,366.16,35.74,250494.96,128345.67
19152.03,11612.51,126371.16,2669.35,25.22,24.91,464527.35,233876.63
16594.28,15916.19,68818.92,455.74,451.84,33.4,311938.5,126049.16
2526.63,4508.56,124448.21,2719.7,413.87,10.69,117916.85,141117.92
31440.43,17185.37,158163.51,1532.7,142.82,19.89,114064.77,119030.91
31706.1,20935.27,129303.69,3360.34,247.42,25.97,484303.61,309120.73
4469.22,3228.03,110783.72,3085.59,160.99,28.63,460772.69,257798.95
16535.04,23003.24,86076.49,3155.73,454.25,9.32,251772.41,178888.62
43767.47,15819.16,139646.74,2995.14,197.58,40.38,290691.38,207086.23
29526.19,18932.34,33027.29,743.36,204.07,4.51,282606.97,159208.95
21186.76,6896.39,119221.25,1741.71,456.84,4.91,386468.99,174540.52
23789.99,19092.98,72763.45,2519.72,304.34,12.49,247753.24,172979.06
11205.72,19130.04,102370.25,1549.49,77.56,32.71,78862.47,84880.26
40782.19,10709.5,143047.35,2874.33,316.75,3.85,175656.05,191257.45
45786.23,12111.58,102417.1,1586.95,399.28,0.39,292772.5,210895.11
45622.54,15104.93,20793.27,719.38,175.54,23.61,188515.71,146490.54
11972.79,3127.31,112279.55,2164.07,268.23,17.33,410503.27,193772.95
16226.27,22973.25,158087.16,2880.5,317.15,7.84,474994.4,258652.7
8870.52,13942.59,109245.81,2146.1,260.1,32.8,136159.09,130277.99
16052.86,15558.57,142352.76,2673.18,499.57,32.07,446790.13,257490.15
17307.46,22661.25,142796.89,2084.33,258.33,6.09,363539.28,228555.23
32022.18,23129.01,148390.59,3099.11,325.25,11.49,301738.64,196570.61
10292.67,18436.27,69643.58,2333.12,398.86,18.25,82587.49,97862.82
46050.45,16330.39,86818.02,2200.45,76.93,49.5,217256.1,154558.88
6051.87,8240.21,134557.03,2035.36,31.52,38.43,497769.2,225394.86
1337.02,6456.29,142172.83,2364.47,486.77,16.86,331208.68,185216.54
42892.31,15839.03,38963.24,442.74,368.81,48.27,304008.03,157542.19
35484.72,14802.36,43164.09,2249.31,202.71,22.75,37096.27,112962.08
18412.63,6912.6,60820.37,996.9,18.66,19.02,174026.4,129538.12
30179.49,13476.88,127474.69,3231.81,91.54,47.21,254314.78,177374.45
11953.66,11602.3,141154.11,3161.57,14.78,36.81,327999.12,216582.43
9251.09,8382.49,95840.81,2110.27,204.26,27.39,431415.65,231277.76
24086.31,8541.53,28257.11,2697.97,281.88,30.03,239872.88,187823.41
18306.2,11442.74,58197.69,2336.32,88.69,48.64,151737.66,107500.07
31146.27,16106.96,142153.9,1220.42,323.53,7.65,155015.42,134138.45
