marketing_spend,advertising_spend,website_traffic,number_of_customers,product_price,discount_percentage,previous_revenue,revenue
2575.31,14706.1,149218.86,1730.23,366.14,13.38,417459.39,176639.89
46455.75,27270.56,71287.11,2846.7,123.0,15.56,448152.47,254301.98
12578.21,17726.3,120429.08,2484.45,53.8,31.41,231498.33,152237.78
37692.22,23117.79,41393.38,571.62,50.54,5.56,404616.81,217391.95
38852.78,13424.83,41872.84,1887.07,69.76,37.35,376419.46,209236.66
41780.73,13648.95,64079.38,2109.57,187.4,5.91,65196.05,138412.07
30518.1,22373.62,125238.01,3613.95,168.59,23.92,355674.24,262226.25
18526.45,10107.77,24080.59,793.4,221.81,11.49,197894.33,114068.86
47529.07,11859.35,103201.7,1195.89,419.01,40.96,488504.89,217008.02
32077.49,12597.61,101645.99,754.94,231.49,34.02,287275.14,149612.55
4493.92,13935.11,26050.35,3107.09,208.31,34.01,324237.02,205585.27
38341.58,21367.39,165187.0,2251.28,413.81,34.91,160915.46,159524.01
44954.64,13171.21,90683.34,2722.74,471.23,38.12,129806.11,170109.85
44933.74,19001.67,97383.4,1276.3,106.13,29.04,303005.6,177062.62
5620.02,5694.74,63557.81,1544.38,484.47,28.99,70520.59,60925.68
20560.57,19978.97,42109.33,2127.83,318.31,48.05,26251.38,82320.36
16540.51,15610.37,53672.14,2008.31,498.6,33.41,391363.51,190420.44
23101.28,11643.12,77258.51,611.59,139.68,43.36,361018.74,158384.14
42068.69,22367.57,157800.17,3321.06,368.97,35.36,338224.53,216069.98
23103.42,17171.41,91856.23,2199.97,186.37,28.02,20428.68,95344.57
25218.73,21317.93,137232.05,2718.87,354.69,4.75,137989.06,152342.75
25318.15,14506.01,84430.7,1637.96,151.89,34.37,487253.14,234353.29
41011.87,20443.09,150145.09,2913.68,377.92,1.58,471146.07,277114.4
2451.96,19592.15,162377.89,2983.04,251.35,12.56,261969.15,150040.99
20425.38,15855.01,43924.64,2685.76,209.75,13.89,128859.44,137520.76
44074.37,23373.64,44913.04,663.23,488.07,11.48,66061.51,129985.21
24246.39,6321.23,92526.57,2561.01,210.52,31.44,418831.72,210861.82
26216.84,7328.03,129228.41,3021.71,381.61,18.07,321803.85,207317.55
46220.35,19670.05,66128.81,2616.39,156.23,20.33,151767.64,152635.13
18250.48,23245.09,53501.27,659.89,270.75,38.6,160442.94,138593.65
32196.84,19656.85,141233.53,916.92,178.99,13.12,308263.55,200566.84
33440.43,18206.91,68351.77,2419.83,210.5,32.8,122990.07,167137.45
34340.52,17231.81,51023.14,3247.4,363.44,37.02,118597.76,175290.33
43598.73,16196.76,38727.77,2447.03,208.13,3.94,43912.16,114691.97
36759.26,18339.86,124159.82,1838.58,318.0,19.88,364126.14,204715.37
36966.81,7961.26,124268.26,2302.78,398.5,25.39,281536.68,169257.72
11774.61,6447.51,92822.61,2002.15,206.87,15.07,75800.09,98267.48
39942.78,23553.04,31617.27,316.45,54.58,5.04,410732.59,208691.01
38058.42,21247.77,85068.99,1302.32,201.68,7.94,28129.97,108882.54
15991.87,18389.06,67000.12,3306.97,183.1,27.03,78905.02,123980.89
3104.92,17194.04,93365.23,1601.03,346.52,16.7,430718.28,205339.59
8049.72,19380.37,55788.43,1135.49,426.23,46.93,130643.88,77175.09
3931.39,3886.59,70161.31,3297.81,81.35,26.28,263500.98,169275.74
27816.86,19281.88,27467.53,1128.3,372.52,17.54,388479.76,199706.23
20526.82,18634.81,156214.65,2608.79,381.99,31.0,45966.88,132611.54
48236.67,20552.74,42573.6,3091.22,471.44,30.85,94610.3,163385.3
23486.87,15908.14,19731.41,2525.25,450.42,14.06,468823.18,266800.41
47330.47,23799.8,57018.64,3158.83,169.4,35.26,451362.13,261720.77
26947.56,11565.93,30370.11,2443.19,276.09,11.11,111792.64,139204.74
8249.4,19441.21,55348.26,634.51,423.64,41.23,332801.5,180949.84
18065.52,4787.25,74604.42,3126.73,426.41,29.88,145064.6,146544.6
42778.51,20244.43,55710.86,3046.09,471.99,30.41,386096.83,252938.92
23885.08,17919.89,151299.54,1185.11,296.07,2.38,195192.03,119535.86
47494.04,16397.61,78639.43,769.32,88.5,3.31,371788.9,194025.54
41387.71,23214.58,107424.92,1354.31,134.9,42.76,165740.6,131468.34
1865.77,4252.67,126463.7,814.45,262.64,29.32,463093.67,151728.61
32493.54,9677.94,99472.96,1813.04,246.47,25.11,279897.79,169048.34
29920.45,18323.25,76188.08,1150.29,158.62,14.87,215703.8,152709.87
47695.78,21713.09,33253.57,822.07,167.78,19.95,174317.56,159193.41
45898.8,22565.97,106761.32,1492.48,252.19,43.0,432619.78,258735.9
13249.35,9888.72,52493.82,1416.19,177.65,47.51,177409.33,98956.19
3413.45,16489.45,147290.09,3552.05,418.44,34.0,76916.76,116745.62
42675.52,20903.07,137128.66,1036.68,235.59,23.34,398824.31,213888.22
19109.01,13842.71,90783.34,2381.24,171.87,28.3,297353.13,164227.53
8997.13,3453.08,65875.57,1772.1,88.37,25.66,424361.16,179617.43
11597.2,15626.15,113827.99,1747.21,415.48,10.84,378093.06,222146.2
17068.27,12861.12,111549.56,2699.63,153.27,9.68,251752.29,202051.71
42855.92,9189.99,114860.63,2284.39,345.73,30.38,241531.86,201411.68
18477.95,11621.38,89703.94,1247.54,439.25,36.08,27272.31,67746.94
9884.75,6536.28,108627.56,3358.66,159.73,3.13,460796.32,245906.22
11144.01,14677.27,69126.61,1448.58,344.19,27.2,222951.21,110329.58
11227.62,14592.59,114819.97,2414.56,187.76,11.1,33242.26,109679.92
5659.69,15185.67,104753.69,2419.93,258.66,4.42,430941.11,230054.73
5347.99,7405.53,149672.07,995.7,18.52,22.09,190851.38,113916.05
40176.12,10341.47,52366.57,1590.65,52.86,0.1,83040.34,103574.25
3980.66,10615.78,31367.58,557.7,69.0,11.62,338889.89,156158.42
23948.55,19126.92,155073.17,2455.93,171.74,49.69,401736.0,208440.25
30901.14,7661.97,28138.0,1485.3,41.18,33.32,339669.21,176301.91
48631.44,17409.77,119486.08,2517.3,63.9,19.68,57719.67,154540.64
38238.38,18092.99,88323.82,866.37,118.84,44.66,109205.66,106816.58
16172.95,7777.84,65770.33,1094.51,42.99,44.48,103486.35,59184.13
17672.65,8747.31,119135.83,1940.64,272.85,17.06,189051.34,146776.49
25515.47,14856.34,48809.51,1753.35,67.42,1.19,326646.67,167545.73
43876.14,22962.84,78281.15,2308.26,420.43,22.6,430527.96,236143.25
35008.21,9834.44,71367.72,3326.92,482.45,35.24,298805.3,233751.79
44941.01,9888.79,46724.09,1791.73,95.49,13.84,346150.88,216565.39
18672.21,4693.24,104526.88,1642.44,115.19,28.5,334681.36,163860.44
12028.75,12484.95,117585.49,1899.08,282.34,35.89,91051.65,109360.69
28650.51,22038.85,160314.94,1232.79,420.44,36.15,368719.71,210233.73
41973.79,25409.94,51216.86,3196.86,436.43,30.91,263377.6,206706.42
23254.77,8960.77,147226.74,1464.77,366.15,30.73,143012.88,114590.5
1366.67,8461.71,145773.45,3520.05,118.43,38.12,436042.96,238870.87
10566.84,6019.58,99096.92,3339.82,365.59,28.32,68303.07,137375.02
15261.47,17089.92,78890.07,966.63,256.51,40.64,50194.07,70141.49
45579.88,26630.43,107049.74,2634.11,165.6,39.2,376476.43,217219.49
22677.09,7198.61,90785.76,2182.49,186.42,48.71,29257.01,86823.66
5914.08,4921.79,55103.0,1390.75,214.51,22.61,312979.09,145742.58
49598.58,13011.77,155348.51,3625.85,74.22,0.26,386556.53,259485.38
17612.16,7108.31,149368.94,3675.8,267.7,21.51,248761.49,192242.61
6343.66,16360.93,99564.7,1494.0,352.64,3.99,65258.64,71964.17
34541.82,10570.95,15424.42,1130.85,322.62,44.9,124286.71,99372.22
44257.66,24092.31,163648.87,2068.09,389.0,11.19,292669.77,198657.08
6788.41,6977.75,123160.11,3227.96,66.52,3.58,465475.0,247830.77
36164.32,21305.66,112397.33,2979.98,425.02,23.83,371102.33,236608.8
25998.15,8455.96,96202.82,2320.54,322.71,34.74,356317.71,207504.14
41323.86,19930.9,97164.42,3368.12,199.29,26.61,145099.37,180293.47
43483.27,21394.01,94658.13,685.47,24.63,34.38,343992.76,190467.6
26079.3,19647.7,110716.18,3325.51,191.67,38.45,355216.98,223024.89
17286.48,15242.82,95578.5,1500.58,184.43,25.0,260951.23,132568.66
42454.37,25045.07,83544.95,2519.49,427.1,17.7,199557.13,192589.17
25019.68,11995.15,25190.86,947.47,373.15,35.28,248577.23,149099.81
28207.53,21143.64,107756.08,946.48,142.84,49.24,122454.6,89898.88
24823.41,11117.86,107489.25,1572.43,352.25,32.8,89309.76,84174.07
44369.56,18235.91,56608.46,938.22,312.46,1.73,108765.17,106322.07
20326.87,20036.64,50027.57,2066.59,41.24,21.04,415826.91,206128.66
27059.37,19108.97,95645.62,3248.91,60.22,48.71,339740.41,193813.94
7426.6,17319.93,58193.99,1199.34,481.35,38.21,151743.03,106675.49
44399.55,9667.49,132021.94,2792.49,25.82,33.75,217565.8,157610.67
43519.21,21938.58,136456.41,3575.04,36.0,41.1,94293.59,148234.71
9232.04,13471.9,150837.73,1262.77,53.73,44.66,41777.13,68008.25
29672.24,15884.48,61237.5,536.03,394.83,10.49,38777.52,77611.31
14951.28,9883.93,81511.0,1566.03,47.36,48.68,165171.27,93015.15
13902.55,6584.6,144370.71,3439.49,216.63,42.36,417897.25,232135.53
49060.24,18337.97,114207.65,738.79,282.33,6.21,456578.2,230021.19
38484.94,11022.81,24016.17,731.83,20.19,8.38,164983.04,114698.95
32975.8,23108.4,137019.24,1105.22,23.64,11.69,333593.0,171600.98
46812.93,20404.28,134165.88,3188.51,364.14,20.11,403091.06,291040.79
35223.0,8090.34,54650.12,2944.42,439.03,47.85,226936.55,175227.15
44575.79,23449.54,111530.78,3161.32,16.93,30.94,218758.91,170651.6
17537.0,4179.47,79639.37,1772.12,426.3,32.28,415798.62,206280.29
48982.92,14825.38,138618.74,3283.07,228.91,12.68,65844.72,168992.29
28375.04,12383.54,68674.08,2123.89,263.42,3.12,286439.07,162632.13
22025.84,5898.77,120400.19,2663.22,61.61,47.78,445360.03,210165.25
18684.24,12940.69,142494.24,902.69,314.66,1.12,71768.61,78399.29
46483.69,15651.62,77372.74,525.33,425.12,15.72,72647.74,104348.68
21713.97,17882.44,129090.14,2180.18,254.19,27.9,141973.73,137124.36
48489.64,22178.79,139702.89,869.48,467.2,10.92,440136.24,249008.5
43283.39,22899.84,64138.66,2995.16,478.88,42.5,90260.6,132534.93
3615.71,17315.14,106388.36,826.2,11.04,39.15,163092.46,84323.35
25212.94,20868.94,24202.0,538.06,421.97,39.23,372947.21,198032.09
35558.35,8136.02,13389.11,1334.73,96.76,9.47,386305.98,193345.85
13294.57,7154.85,24529.53,611.16,426.65,39.96,342266.55,122620.68
8859.08,18241.2,112727.26,1358.28,441.49,28.73,380825.2,188663.66
45294.69,16035.23,56631.76,663.01,142.21,45.73,132181.49,112756.9
20918.61,18321.41,151326.73,2034.04,498.44,48.08,140663.03,132433.38
13369.38,8872.46,129471.21,1837.02,127.94,9.03,218607.47,139693.58
1692.11,16565.82,109819.35,1470.29,339.88,37.04,131095.18,98570.04
16242.13,8406.8,68060.12,2580.04,488.11,23.32,35416.82,117273.6
10252.98,13919.38,158011.24,2461.34,427.01,12.93,188789.35,146099.22
13227.86,4773.86,121185.45,2457.17,409.26,24.62,76182.02,109403.51
44258.45,10218.61,138008.23,3151.02,234.25,38.63,452325.95,281535.66
28779.95,8135.66,22896.15,2344.13,362.02,33.79,356886.81,192471.95
25115.51,12615.91,112843.54,2605.41,147.89,31.74,123499.48,126963.67
39354.03,12804.93,67760.9,2629.17,296.92,39.5,248035.92,200034.65
32481.68,8801.24,155209.86,3718.49,80.4,24.75,110124.06,181235.43
46570.16,26468.12,55766.3,992.25,84.45,24.83,361520.39,159754.71
8464.01,5243.16,149636.66,1090.67,397.13,37.89,287738.81,107075.94
39234.77,23623.52,27059.31,2841.68,76.13,3.65,446833.07,289898.4
42477.45,20584.79,156207.46,2751.71,297.38,31.21,207322.37,186684.81
19686.1,15019.65,119063.54,1458.95,412.19,27.05,425689.07,197571.01
5250.54,3612.58,131784.56,1290.83,459.98,10.17,435239.72,185060.86
8372.25,19936.86,120443.61,3583.37,449.69,2.17,390176.03,274688.05
49344.81,20005.06,82889.25,1750.23,128.16,49.93,132506.05,130813.23
49267.29,17181.22,19232.51,2982.72,397.1,26.73,25416.22,121137.01
27622.15,23266.53,101065.03,1731.78,381.65,0.15,274084.65,158368.55
18405.67,18722.01,111106.65,2071.05,172.34,45.1,82701.33,105903.11
26099.91,22956.29,60514.86,1112.59,77.83,27.56,344125.93,198054.9
10102.54,12839.44,18572.35,344.57,317.22,4.92,437443.68,175723.78
9837.33,14991.9,84627.31,2313.95,227.05,40.54,82230.64,99638.99
35032.11,19866.44,39705.74,1242.63,372.83,43.19,377592.98,199538.36
48468.86,10240.79,37151.12,2654.63,270.11,31.81,241051.26,163981.48
6874.08,16967.79,148537.22,2409.29,111.33,22.94,66468.11,96140.98
46465.05,14299.71,118400.82,1146.72,333.39,11.54,226272.71,151271.04
15859.18,20962.14,99327.1,2510.19,184.75,21.88,43534.98,107170.39
17482.67,17214.89,62353.33,1076.98,301.63,38.11,78334.93,87197.81
31714.42,10340.61,98009.46,1518.18,441.3,18.08,291836.48,179976.75
7723.35,14190.73,48348.02,3092.29,237.5,17.26,307407.4,194009.49
30909.96,23398.96,55353.42,2879.8,177.13,36.7,252086.77,216388.76
20200.05,20316.41,152038.05,3175.6,363.91,16.47,206857.44,186563.5
8870.52,13942.59,109245.81,2146.1,260.1,32.8,136159.09,130277.99
16794.6,19431.84,64247.6,3071.58,183.31,5.54,78489.31,157297.36
5723.16,11589.42,139062.25,2141.92,346.27,21.37,362259.15,219933.0
26720.61,8830.73,79023.96,705.52,24.3,25.81,434536.27,219156.43
11779.68,5714.39,32780.12,1539.62,48.01,14.85,346531.02,162106.38
31239.3,24185.4,91761.61,1637.28,300.48,6.41,240829.29,192293.55
7850.05,13821.5,122786.5,3264.86,337.05,2.18,117000.38,144224.17
15386.09,13092.75,96243.11,2215.12,122.93,18.39,60628.02,90853.25
1932.67,11014.37,40378.7,432.46,358.84,17.82,440448.21,168314.02
17348.25,20120.04,93312.43,1428.54,483.33,19.12,446835.92,203742.5
29036.0,20123.78,114402.45,3546.54,413.76,0.83,392446.83,228729.73
18715.27,18625.59,145904.32,866.61,259.85,31.34,464885.32,222478.86
36120.84,11256.0,24590.19,1717.71,107.69,0.83,341804.62,162894.78
18253.9,10222.83,111009.69,2125.48,237.12,48.78,252095.99,136507.58
10931.21,6038.13,105387.34,2371.56,472.59,14.63,302965.77,174941.53
1196.15,8908.45,107096.23,772.52,74.31,30.55,272833.22,103334.19
41559.29,15925.2,81423.91,1556.99,17.89,22.79,303754.79,207423.85
42590.81,22585.94,89347.0,2088.14,379.48,2.62,402143.75,255384.81
32272.95,9341.3,85441.22,2425.19,264.99,17.73,39590.47,110765.55
32842.48,13051.76,47991.94,1989.53,173.91,40.47,448040.0,248549.17
9200.88,14063.93,81925.43,2870.86,371.57,21.05,165808.78,142430.18
26550.72,23856.4,58135.61,1189.85,445.07,48.6,30491.44,92348.57
35771.36,10108.62,15758.34,1601.72,138.86,38.06,434568.43,189222.6
38475.37,26937.94,129553.84,3482.3,12.43,38.66,266915.04,211096.68
3039.09,11882.5,38215.9,1715.59,380.51,41.08,467446.91,199256.96
37799.43,9535.25,103842.12,2325.32,77.23,15.86,441190.16,218529.01
17887.4,4145.63,120888.32,2806.85,250.06,28.72,492965.59,215280.23
41170.63,10893.56,65002.06,678.25,493.28,0.78,360070.33,215545.5
10205.07,8542.96,27053.55,854.18,143.6,21.26,482809.41,183988.01
22665.28,5407.78,60058.93,2247.37,56.64,15.32,210107.2,167618.31
45851.0,25488.11,81146.22,2922.63,338.91,0.03,184109.22,208622.86
11740.27,10092.35,146592.97,1659.99,18.84,31.2,492645.03,176737.25
15121.77,19976.22,59502.77,1749.51,365.57,31.28,140305.11,136246.37
48371.43,17210.51,54372.99,1582.23,297.15,4.32,408469.98,224837.54
15761.55,13463.42,122715.27,967.05,436.56,38.89,281042.99,152936.56
46908.46,11096.58,100967.29,3470.52,315.84,42.85,357919.08,247236.14
36996.43,23863.97,167545.35,2968.51,230.09,29.35,78002.14,167650.35
4290.63,7584.29,84989.5,2107.38,361.24,10.81,308272.26,182510.84
27201.12,13772.46,140395.85,2183.04,479.59,39.4,131716.62,148041.93
13409.52,6483.26,36597.28,2785.04,454.42,2.22,151805.82,126418.99
11863.16,8786.98,113747.13,3156.98,472.07,33.57,157919.01,160418.41
46532.87,23924.03,32348.97,2975.56,133.51,19.13,146548.34,165785.98
32560.26,14303.63,56650.59,882.61,471.36,40.38,267520.19,124576.85
48818.98,25055.6,36012.97,2483.67,391.77,14.63,101668.97,172934.6
31366.02,14372.77,46758.13,1110.58,236.58,20.39,295469.33,129006.18
14694.88,9358.84,65458.93,485.05,347.82,35.8,492185.82,193927.75
37514.99,19222.39,64733.98,758.07,441.03,40.65,250106.79,171634.8
24328.5,11441.88,118203.16,3284.96,140.77,9.73,34389.75,135977.67
21563.27,17759.82,91186.89,3263.55,114.66,44.3,176550.04,171134.92
22817.58,12422.66,62684.3,3306.94,267.84,34.25,119810.05,143831.76
42269.87,27326.51,141981.82,3163.08,465.23,47.88,156421.58,192638.58
39057.75,20283.49,39947.4,2483.26,413.53,15.99,222622.87,190979.76
2926.65,4068.08,90896.53,2627.89,231.89,33.33,481538.11,250643.49
42579.46,11848.71,46097.96,3015.32,455.42,42.29,94477.24,120869.61
7830.47,19983.91,157822.58,3403.79,77.14,1.19,324397.23,200081.98
41185.13,9177.28,71960.13,2340.63,240.88,28.28,58683.28,107360.73
23312.25,20510.41,29436.7,2543.45,422.97,21.01,417473.59,245635.24
24481.91,5443.34,83889.88,2874.74,240.64,46.6,330231.71,204318.12
35598.83,24508.64,125582.1,729.52,60.17,7.82,311163.49,184825.58
18036.01,11401.97,91461.44,3416.32,368.13,37.04,145643.89,132875.29
19174.7,15630.51,85688.71,907.99,348.64,21.63,265546.43,125520.49
46170.77,22513.94,140080.65,3086.93,151.65,46.77,415926.05,291863.35
45042.03,10214.1,24904.1,872.06,329.04,25.52,458921.88,229779.06
35211.32,14589.99,54471.48,545.11,364.12,17.47,212802.56,141624.65
30862.04,24782.19,74147.96,2538.73,186.01,48.71,340307.46,184813.46
12203.63,17292.33,70747.67,3316.2,425.26,25.15,475917.71,255686.8
44622.93,11636.5,50310.4,1616.2,48.4,8.07,236847.93,147338.97
10239.44,21582.17,66217.6,2507.69,346.39,20.89,280291.0,154773.75
25876.17,17938.97,43994.77,1138.69,136.6,1.05,51652.96,82152.41
46848.5,27604.33,115399.41,3116.23,49.13,14.68,59887.69,145870.91
16422.73,14185.61,144994.22,2754.65,122.94,21.15,145745.21,138714.51
3683.93,1853.96,44342.28,754.81,443.27,43.31,356590.4,132559.24
33928.77,23074.68,137798.03,1647.48,261.99,43.33,173470.9,123169.85
33157.18,14634.93,41576.42,2222.06,307.91,16.24,246818.07,177395.57
33291.2,19946.62,164571.91,2919.23,341.09,8.56,183839.28,204154.02
38295.85,23252.64,80991.44,1411.59,322.4,7.78,101236.95,136504.85
20837.89,10701.54,118683.33,919.45,407.62,21.95,333116.88,180268.37
45744.53,10795.31,121847.12,3017.36,253.48,12.57,465425.19,301448.26
31870.58,9907.26,73970.9,2255.09,21.09,30.67,473469.99,241408.27
1226.32,3722.79,33471.53,3063.85,29.3,0.38,297059.3,170214.42
7583.98,16728.2,32460.63,2428.14,302.51,29.28,323633.78,176667.06
9656.68,14064.66,51909.34,3195.0,269.22,20.83,85379.29,106280.24
43342.8,27557.46,28734.82,685.22,93.22,12.63,399040.65,208180.49
49971.04,19542.34,149784.65,2300.39,61.72,2.07,499194.86,233921.02
36448.14,25591.43,32220.4,2518.98,254.75,46.27,41623.71,152230.89
14292.43,9631.38,130852.31,1235.87,422.01,33.66,419751.92,187996.27
19104.08,13421.69,88219.24,2227.33,299.73,31.3,70676.06,100956.33
27882.09,13148.38,30549.5,1338.67,139.39,46.54,292138.12,173769.62
38049.92,25978.75,85791.32,3069.04,213.06,5.23,371539.21,237511.39
42494.85,19932.05,65137.09,719.72,406.54,8.94,120257.85,138088.14
2036.64,5002.42,124736.58,1321.98,30.84,34.85,200758.09,100445.25
36182.29,15029.53,64705.16,2160.83,229.05,40.61,402642.11,229121.75
45539.68,19653.7,150311.99,3367.6,465.97,40.53,66121.53,174071.75
36114.52,8325.88,94229.82,2742.32,426.01,24.24,27329.15,141192.02
8510.93,19369.11,20560.47,1923.06,268.93,40.7,110730.77,101788.58
26457.93,8034.62,19245.88,1682.62,304.17,27.58,34232.32,96414.69
7665.34,2231.4,58903.16,2954.11,307.04,7.3,61120.73,126576.82
41503.96,23425.46,135947.11,2237.11,114.14,6.52,336060.81,229535.55
22419.27,9346.84,91434.64,980.09,33.11,26.47,47794.52,62600.8
42486.88,27693.81,122132.99,1314.07,234.91,49.09,420198.65,222942.64
34748.86,10570.64,91185.52,2802.36,164.61,43.59,201970.79,186456.93
33306.4,8660.99,52783.35,3149.54,180.45,40.1,419533.12,266595.74
23951.86,15225.13,137318.79,1957.0,461.42,26.01,361019.47,178182.61
30557.03,26058.7,27929.05,379.96,160.71,16.9,370501.67,157093.23
22473.68,6357.09,144905.57,3102.42,340.22,27.15,371811.32,249065.16
24110.37,22463.44,150358.55,2360.75,67.28,29.52,74082.97,117392.78
49971.67,16100.51,52751.47,441.98,412.62,8.62,75624.36,89298.83
27483.36,20404.11,82803.16,3114.12,409.78,25.14,66592.86,126643.53
16581.56,15074.42,124964.88,1258.39,169.93,41.47,289826.98,135064.09
21391.92,14992.14,119858.78,1396.68,31.84,30.61,199526.98,135156.43
19460.03,21661.96,115081.47,1610.78,167.38,29.08,287120.12,155355.7
31308.47,9406.71,137698.58,2472.56,351.19,10.66,182092.12,123944.01
38021.44,18273.29,158697.53,2158.26,274.18,0.21,140226.04,155621.3
12108.23,16034.16,65298.1,450.27,239.86,29.88,481670.94,187240.28
33480.35,9121.98,108434.36,2615.24,199.31,15.18,480777.98,283308.49
47177.81,11938.1,87852.59,3334.88,299.98,35.48,248606.35,174806.63
11996.38,9409.35,40187.08,2398.31,272.71,5.76,328059.93,187293.27
38662.75,25055.72,83141.86,2696.08,396.02,42.59,184005.22,161925.23
11142.27,10933.04,77380.72,2922.29,191.3,11.86,247703.44,160514.94
17171.19,10601.35,27487.2,2612.38,430.09,25.4,270836.93,157528.83
46497.78,18035.39,135536.01,1077.27,85.09,28.07,62508.88,100563.17
48215.42,24695.42,40162.43,2463.37,441.38,40.57,357019.68,237636.17
5958.47,17428.22,77187.92,2162.55,132.68,42.06,370803.61,157625.78
10712.01,5523.59,12006.02,1118.52,153.81,20.88,64477.02,64550.07
16875.0,10248.28,17673.46,826.24,163.69,36.75,75983.87,46332.63
7778.12,10433.39,139138.53,2568.25,360.39,11.59,492357.42,211987.7
6158.63,9978.39,72541.88,1002.7,228.01,2.1,64228.45,72278.97
45230.0,20924.13,118269.67,1237.7,133.19,25.82,115737.28,111365.06
3535.74,16223.95,95029.13,694.14,440.42,16.02,387267.29,200134.61
36170.25,9411.03,104658.44,1271.14,478.22,31.21,464089.33,224996.14
30381.33,13805.65,38001.49,1494.6,484.18,0.15,494010.93,212524.89
3107.16,6956.42,149088.64,2703.39,103.69,40.61,32796.27,81313.23
33117.51,11453.75,148428.05,3403.08,207.45,13.47,100089.51,154317.91
14975.83,16815.16,154262.9,1196.43,25.76,15.67,146828.25,119235.01
4445.25,17540.43,36905.57,733.65,398.63,40.28,435038.21,149783.8
38013.21,19066.08,143562.1,3021.47,10.14,31.98,243157.98,194466.73
36939.86,25355.96,27573.97,2769.27,489.58,19.64,117991.78,139216.84
42258.96,18279.12,26668.83,349.42,337.52,20.74,277908.97,141217.93
45521.8,28018.4,54884.52,1850.05,172.96,14.56,203374.69,156027.75
26571.95,24681.65,32576.03,325.29,259.82,16.23,405610.4,196132.36
22805.79,8202.35,125616.89,3327.21,287.39,39.81,422999.7,223606.04
40917.28,27852.06,99420.59,1846.81,242.61,19.77,342074.02,192160.8
7068.34,3973.28,50981.56,1986.05,307.04,11.62,161474.82,119300.09
45205.33,26009.91,168465.54,1534.82,304.02,22.11,307488.56,194968.73
25810.17,7089.06,62653.35,2588.53,323.02,25.65,372008.51,186864.78
27043.73,11928.0,130060.68,891.12,185.71,33.73,473133.67,190557.67
28828.78,23635.95,57050.97,1837.09,276.24,9.64,460474.07,244400.53
31199.14,15429.03,57197.65,1156.41,187.61,26.94,317193.21,176544.55
38475.83,18754.62,103263.48,2206.52,439.28,7.31,350309.05,236241.5
49782.21,29501.51,95862.11,2528.76,188.0,12.21,339311.38,209594.27
46470.56,22629.8,137248.56,1665.74,26.05,11.78,282159.72,189632.93
25039.79,18535.05,91150.65,1372.06,177.23,2.76,312479.5,150296.62
34756.17,18796.43,45549.56,2039.59,495.93,18.98,193156.76,171539.62
16626.03,8006.97,136647.41,1937.64,180.77,38.8,326446.39,168016.9
42786.28,14687.71,65426.15,525.5,259.95,33.92,331616.13,184115.09
15573.19,14838.96,46864.48,1277.85,351.2,2.5,338441.71,193019.57
18970.41,6934.32,49530.75,2208.71,162.45,0.5,90940.09,95133.66
37934.76,24434.03,141229.75,863.64,196.59,45.11,286974.57,166097.14
17275.99,4812.65,71115.79,3049.16,174.16,31.77,351184.39,208343.91
21885.97,14411.92,47710.2,2118.27,437.39,36.78,105833.36,126729.38
42376.02,17903.13,44085.91,2418.64,247.6,24.84,453415.07,232958.78
43183.42,22490.91,92138.45,1269.87,228.97,2.7,180660.08,153929.41
32856.13,22177.93,26087.48,2311.03,62.44,45.69,178144.63,136151.55
32284.91,17026.58,51448.9,1783.83,220.88,23.05,137547.59,106658.82
25180.72,19515.09,161524.37,1261.46,80.82,16.32,390579.55,179214.59
41093.14,13800.11,17850.23,1136.13,148.58,35.44,291096.23,156631.8
34999.11,14334.97,53367.8,1781.23,311.48,35.79,59444.97,93093.05
14418.57,14252.75,86542.17,1076.14,410.12,40.49,367480.72,143477.23
40103.94,19444.94,46408.72,2713.15,499.8,1.43,137193.17,129023.54
1296.85,15924.03,138285.26,821.52,414.9,12.37,455952.39,218053.6
29128.72,10420.87,27152.61,2976.83,291.82,20.44,227908.43,175283.61
26572.47,21949.52,26060.03,472.69,306.3,32.19,54346.85,76189.67
14351.94,13724.99,132497.15,3358.12,83.52,35.97,328058.57,206146.05
31511.88,12651.72,138751.17,1710.76,39.72,44.67,236604.76,121500.8
16759.49,23044.87,163926.59,1268.63,177.66,48.57,107676.61,98129.74
38156.68,25960.72,87555.81,2397.47,166.44,38.21,370090.26,231319.87
39711.46,16660.82,108488.8,2170.9,415.91,5.23,403322.73,239111.77
46461.98,16759.92,18979.57,2489.46,155.9,18.32,303412.69,188056.85
43358.07,23769.15,96638.68,1505.29,185.67,43.66,152615.08,134755.42
4281.92,2074.99,66749.46,2506.04,142.47,28.7,81754.94,86803.95
11501.99,11235.68,38884.43,1509.39,173.39,23.21,163503.22,113383.26
17647.06,21715.04,146638.97,2763.66,338.01,32.95,348534.93,203492.54
22134.6,21302.26,162969.74,2766.4,238.76,43.36,338492.79,204589.52
23769.3,19036.04,81911.36,2500.54,78.02,41.56,297168.94,148721.51
42043.25,23510.48,111651.22,2495.61,315.29,14.47,463611.96,253073.06
22396.71,20390.47,43478.87,2716.45,376.17,32.76,171365.65,178577.68
11348.49,2935.54,86178.18,2743.42,430.04,27.52,22277.13,74095.83
3074.96,19880.72,122690.98,3598.12,48.82,19.8,285147.6,189292.88
14027.63,3750.13,143803.72,2976.01,164.35,5.67,335015.96,204785.28
47046.29,10829.16,103372.81,2485.91,477.71,29.6,482344.45,241989.44
16167.63,5565.29,65999.28,2381.89,400.75,1.79,383879.52,226014.23
47483.63,23733.09,65578.2,553.95,106.49,20.4,161803.0,123766.1
5584.75,2190.44,106439.28,1574.03,476.01,17.91,172915.03,120424.75
39068.45,23324.64,66939.09,1829.91,79.12,19.89,270463.55,169118.41
23094.85,8943.51,126099.86,774.82,145.66,20.58,355499.17,155123.38
32820.24,18629.66,57527.69,679.8,270.33,1.55,381742.64,180985.95
15166.06,9646.65,105016.87,2195.95,493.72,21.92,216944.22,133790.47
2297.48,7677.17,106543.64,1199.99,485.23,22.29,127589.5,88058.75
18412.63,6912.6,60820.37,996.9,18.66,19.02,174026.4,129538.12
21368.49,17197.23,33187.44,362.8,109.02,34.08,218457.63,93225.52
10827.56,9276.64,100697.65,2546.12,224.64,21.76,31035.5,95558.86
20476.23,16793.24,115792.75,2202.17,456.88,31.89,262723.24,149433.09
38923.85,12538.68,119536.56,1705.59,372.98,47.71,186620.23,134820.99
44605.05,25425.36,97093.69,2846.17,228.81,45.93,20125.76,116030.13
31066.1,17801.14,78026.82,3140.35,203.56,24.63,251312.39,213630.38
29885.81,9505.03,137098.98,2750.81,53.86,32.67,121896.8,119960.39
26502.41,12199.95,89979.5,2759.78,448.75,37.88,321170.2,194087.53
40505.34,27367.48,159671.85,2438.41,285.58,49.76,369936.55,242607.49
42584.77,10034.7,83333.1,3031.79,123.87,41.09,285792.08,203788.65
29378.51,15744.46,127504.94,3412.53,237.06,18.68,213572.56,214712.17
20309.53,14744.35,105742.53,669.27,100.62,45.83,48949.24,67811.46
47427.16,15351.12,160184.1,1140.75,129.72,38.35,340771.39,158475.94
41444.58,14876.43,24756.09,2610.18,14.94,19.56,132917.75,160593.72
3614.2,5694.95,142440.65,2803.29,268.39,10.43,95153.92,127338.18
16704.07,10322.91,45425.9,1334.7,188.08,18.0,133410.36,93153.91
11875.66,6979.75,74087.04,3058.26,290.86,10.47,337325.95,197174.6
40161.92,19814.15,96890.66,1649.53,428.04,15.44,72265.54,121157.38
31467.81,13632.87,54331.49,445.8,340.76,5.43,252999.2,152115.71
37402.41,14573.15,151978.14,3313.08,390.95,0.7,389363.15,279906.66
32543.28,12826.09,106402.24,1683.81,263.06,26.82,188489.04,140526.38
15845.27,20046.6,104621.58,2826.79,485.1,47.4,459958.62,206770.92
13988.79,11267.05,149878.41,1671.39,43.7,35.55,315306.47,149705.01
44138.63,15182.57,125067.2,2119.88,401.84,20.33,380931.86,219567.49
28055.97,18692.32,66720.03,2475.23,385.38,1.79,313841.63,215459.74
1079.91,12984.84,76746.03,2161.06,467.58,6.33,308758.0,183265.26
30906.43,14622.7,127453.27,2048.29,281.08,45.31,173207.86,161012.85
11603.08,13751.09,30520.22,1635.51,326.77,33.35,210609.32,129510.85
46870.86,23459.94,112841.1,1463.5,368.51,25.69,433210.79,204825.58
6805.78,12429.11,67507.17,731.94,175.58,22.1,95978.33,81780.75
43981.59,25549.44,153947.35,1026.64,447.69,14.43,397853.59,225278.79
42623.63,13407.11,126156.96,2780.49,290.92,39.28,427063.31,235695.46
32598.78,18695.16,53617.66,709.4,198.6,37.4,369731.17,189787.33
4858.42,6932.48,82830.16,1089.14,467.51,0.76,437953.64,192532.6
9315.99,9786.13,19322.1,1970.01,263.82,17.87,422974.37,175555.56
39450.74,10688.72,139840.77,1422.54,126.23,47.9,131852.96,104713.51
33552.9,14186.75,18987.81,1435.12,74.85,21.7,490367.61,203589.86
7790.45,14888.48,60597.9,2839.36,274.44,47.23,226703.72,136902.29
6126.14,14849.24,96024.63,2475.54,70.89,18.61,147617.22,117298.09
40422.75,19057.56,144207.97,2510.44,295.91,6.45,106548.36,162574.1
30439.44,14024.99,57585.49,1210.29,157.18,28.16,198198.82,144289.48
3187.81,14048.28,127773.1,2713.23,91.81,18.86,426919.87,238126.16
38956.57,26455.54,64639.11,3206.61,128.85,7.9,111994.63,150736.11
19883.1,16151.03,29479.59,251.78,25.39,21.17,290150.61,123993.34
49420.64,21997.15,88741.85,2067.52,280.92,30.35,81875.5,135435.07
6560.76,3941.45,47007.07,1783.82,171.11,19.06,247275.86,155189.88
34442.28,10491.25,152902.61,2776.62,79.14,43.83,74101.84,144659.93
21510.16,20080.88,52000.43,419.61,43.82,43.57,25844.17,41617.68
12827.23,19127.1,131121.98,3395.66,465.26,34.15,275959.1,194896.74
33909.03,18801.89,138444.22,3271.04,471.2,14.65,289405.23,210172.08
2765.22,19803.09,90059.16,2732.03,340.53,32.86,42550.4,87618.04
9008.04,14898.58,117998.99,3200.57,439.7,32.02,129731.91,144558.1
46908.42,16046.83,116651.0,1620.6,362.07,35.71,413897.82,247980.94
39248.48,27238.38,88384.57,2033.03,350.45,9.8,494550.29,281282.28
5438.37,16148.92,21007.97,2281.28,418.58,10.21,455683.04,224215.81
26437.9,8637.22,124650.98,2112.11,338.56,43.78,481666.62,209471.86
4521.25,5776.82,118821.99,3525.2,416.29,9.35,59598.54,116526.16
7327.68,13765.25,105847.16,1581.6,60.43,3.74,225743.02,109192.28
43413.05,25294.74,30054.6,1639.51,109.08,27.66,173519.49,133562.76
12881.66,17889.95,118065.52,2132.19,29.07,30.75,257920.93,182395.02
10083.39,14767.18,102392.03,2470.54,52.97,42.87,279193.37,158779.95
22861.66,11773.84,36162.83,897.76,248.41,22.12,80170.76,83142.48
21152.76,12254.84,84412.46,1357.9,463.7,31.49,126216.83,122249.49
10575.56,6118.91,34202.39,2157.51,328.21,35.57,416238.7,189991.87
29722.64,20396.64,37725.3,808.47,448.95,22.92,311535.26,149900.08
12824.4,19411.96,127377.73,3032.69,107.7,14.47,446509.46,205985.62
3956.21,6380.86,25197.85,1561.45,91.64,2.13,342725.34,162309.75
5333.5,14356.4,102063.0,3348.89,175.37,30.56,114240.74,106367.74
41371.71,27749.02,156077.15,3037.55,77.6,8.35,33917.03,142056.56
26288.3,11582.77,144266.58,3700.07,243.99,42.45,207210.91,180695.03
46673.56,14606.12,77991.4,2085.99,345.3,49.06,249658.94,160571.39
43341.31,25040.7,56289.2,1238.35,148.36,1.65,171940.2,139062.47
19075.04,18034.96,93825.9,894.82,86.2,24.13,272173.62,139448.84
24276.1,23013.39,153276.54,3146.97,28.14,27.97,355283.46,196192.37
32142.46,8847.48,142992.83,2504.4,462.57,9.59,427868.01,218094.78
22715.72,18006.76,71342.61,2317.3,28.51,48.2,239313.38,165611.03
9116.02,21212.43,39731.94,2280.18,71.43,32.45,487590.07,227234.54
1121.42,18892.48,132905.85,3361.22,158.07,17.53,60863.43,124706.01
8544.22,3863.18,63998.8,2860.11,51.95,13.03,411504.81,193073.99
44273.22,11490.38,139867.53,2811.72,38.18,35.17,458533.67,260590.46
32378.38,14742.01,51406.79,2430.59,379.73,38.67,204779.78,129252.97
14652.21,5322.08,12140.13,2414.11,425.32,10.73,22578.98,91812.83
4483.28,3493.75,131280.31,3055.03,118.13,46.76,301272.07,189744.74
47355.33,24077.55,103245.41,1846.44,307.37,8.0,399633.55,269993.18
41332.27,22963.12,81018.32,905.68,172.68,6.34,351168.89,218358.39
25269.73,7860.67,137773.9,3458.23,76.97,44.16,35411.01,125537.11
14356.74,12525.53,66238.28,2205.61,274.3,8.49,132706.48,126458.25
14411.32,20362.13,52748.04,485.95,78.15,47.26,299902.34,137952.32
42663.44,25621.16,63405.32,2105.05,52.14,47.26,130781.42,119517.76
37248.73,9819.76,49571.03,2083.88,288.24,32.83,438683.18,224471.08
14787.81,7812.35,119357.59,2510.82,493.7,30.39,452002.1,237050.05
22857.57,7732.52,139731.83,860.57,56.17,27.49,373307.32,150825.79
49620.11,25770.13,167694.95,1056.62,312.54,30.79,193710.66,167871.92
16098.22,13398.35,64858.31,1406.48,253.29,8.65,374982.62,183719.72
36476.6,13006.05,34370.02,1262.7,343.46,21.67,427533.07,199073.0
12657.58,18910.94,86381.04,1937.31,206.9,1.34,234129.0,167373.11
16985.68,8219.94,123112.95,1454.32,21.97,9.75,235180.53,128482.14
46330.89,13182.29,30998.19,424.77,344.43,46.55,166706.6,120513.48
44692.19,19270.54,59294.89,2027.45,157.74,16.49,84947.64,118653.87
21584.09,10765.58,64364.06,1668.07,252.89,7.92,90630.18,91647.3
9111.04,6247.82,28942.45,949.42,33.26,31.67,105515.72,75780.95
14709.99,12932.19,145909.98,3556.26,211.52,43.15,124168.81,148309.32
19036.57,13318.37,151757.12,2661.36,325.16,1.66,436759.2,209522.38
8559.87,16307.13,110160.03,1520.56,279.87,39.88,326974.54,143363.92
7072.96,6495.69,135707.16,3272.91,464.96,46.64,80113.27,128108.5
15471.05,6673.15,74994.0,2758.81,308.92,39.2,437531.08,201647.21
13291.79,19202.8,22125.82,1650.89,147.8,38.85,136847.38,134875.73
48197.35,20826.63,84279.93,2136.07,253.87,17.5,462868.3,237685.36
17787.52,21644.47,62003.59,2998.07,243.43,39.92,315478.76,230349.04
10537.3,14486.83,35324.55,2328.54,171.27,27.86,499716.12,256806.59
29925.69,9083.73,78387.38,2463.59,56.32,15.39,233801.98,182619.14
11205.72,19130.04,102370.25,1549.49,77.56,32.71,78862.47,84880.26
5987.51,18669.08,68139.94,3255.98,292.02,27.02,434801.63,194942.74
31385.52,14645.75,36350.54,592.84,144.87,4.4,371202.38,187402.29
46866.13,10786.94,41098.02,2759.04,214.51,49.16,181363.09,172310.98
39013.76,13306.78,91442.08,1551.81,106.68,38.84,369743.77,206566.25
25722.02,9626.08,145065.51,2289.56,383.4,15.59,150613.88,123927.18
10917.83,17163.66,141283.14,2786.44,120.06,26.08,61019.58,126850.49
47706.98,13922.87,21228.58,1317.87,85.57,26.14,124407.34,135424.14
18047.14,17121.69,127395.98,1018.24,465.48,21.44,362682.32,186795.34
40243.32,25489.21,28026.96,1824.82,446.12,1.52,198817.52,178265.14
5672.32,20372.72,152341.45,951.34,412.28,39.94,257981.31,145917.4
41247.33,11574.59,108291.68,2792.26,193.47,48.02,184618.26,140804.08
24549.77,12208.17,140498.61,2679.19,492.64,14.83,287421.69,172319.19
21178.73,24213.58,154311.87,1744.76,341.08,26.1,364371.95,173535.88
4210.99,7631.66,99824.57,2517.41,191.24,26.09,220606.97,129539.02
12083.26,7834.63,12798.37,324.84,497.99,22.38,397357.89,157075.08
23785.69,19993.22,86401.94,1890.96,56.92,47.18,123440.97,136138.15
26715.75,20012.53,142733.74,1672.97,302.51,15.69,169638.25,149667.28
35790.05,26345.89,98576.52,3424.97,203.1,34.61,46121.05,125460.29
1903.45,6905.6,114380.43,1092.69,260.4,47.03,145298.35,104849.43
36373.43,26377.04,144405.43,1864.67,434.93,0.49,387904.89,205572.27
9426.06,12325.32,28855.51,1501.4,410.69,34.88,140460.35,111040.95
33382.54,11015.49,19329.5,2305.79,64.46,26.83,388007.67,234958.38
38387.95,10501.85,25412.13,3071.78,470.59,39.4,55647.43,139370.33
30087.05,22003.42,84148.76,2405.69,159.89,3.15,113115.31,124209.32
1923.73,14356.41,31431.68,2914.83,341.55,39.15,328898.76,197307.29
28145.08,7372.17,97732.69,1625.02,250.5,12.7,168743.69,111671.45
20065.74,23333.54,116782.2,1861.63,159.04,1.32,104037.95,130800.53
39752.39,19393.42,89264.71,553.13,267.53,26.13,66675.3,94687.16
20471.43,15142.69,124702.3,2124.04,206.88,34.07,127728.61,125583.55
14466.43,11554.64,33388.33,3072.78,171.22,7.18,323727.99,199813.53
4874.39,14781.32,27673.93,2061.67,160.81,48.11,170668.18,104528.01
9566.13,15612.27,99682.65,3489.7,383.35,2.98,332530.65,203129.77
11615.04,10212.14,100094.78,2028.28,177.46,13.29,287186.55,181371.76
36493.64,13117.81,23951.89,504.07,392.26,29.5,153909.55,116123.66
17064.26,22572.26,118564.97,1861.1,225.85,46.4,347530.93,165615.3
43167.61,14470.45,38681.62,2095.53,336.95,13.03,361679.22,183470.76
6260.93,2690.0,55325.95,818.68,401.69,23.62,454810.71,194295.81
8527.06,19167.62,62597.6,732.17,389.95,35.41,428434.13,183241.24
44017.78,23061.12,41648.44,1284.04,90.67,30.85,90346.05,102805.72
36017.37,14246.45,57488.58,2904.4,23.12,44.95,217928.44,165287.96
42903.03,13096.86,20726.44,3000.53,232.45,20.7,452529.72,261175.0
49886.1,25547.37,93152.04,772.13,111.15,31.34,394317.59,179407.51
46803.1,27155.51,116036.21,2146.4,400.54,35.99,495282.27,279813.85
42700.81,23235.27,122435.98,3104.0,157.72,23.47,462685.58,218923.53
26279.05,9440.7,37820.25,1372.69,365.69,39.51,445467.57,195031.81
43441.09,23811.7,83129.71,2498.23,270.46,37.84,401367.56,261777.85
10832.66,16786.56,111583.14,1423.08,164.4,15.8,254731.24,157011.54
27697.65,10318.93,94808.52,2547.75,224.81,17.18,359400.88,214839.64
37536.75,25781.35,59434.43,2235.61,292.32,16.22,74013.7,129057.03
26426.82,11115.49,63986.94,1761.45,81.57,49.4,48740.45,84717.09
15986.02,17671.74,162899.06,2811.31,210.1,29.06,80430.11,108306.3
22152.37,9653.93,23938.02,2077.74,416.97,20.58,437859.78,194918.21
33137.77,25190.08,74830.57,2775.67,115.23,38.45,219838.78,169383.83
11160.31,11317.94,110825.04,1202.54,187.94,18.65,264543.2,154446.94
14651.7,3474.38,41412.66,500.51,88.53,46.47,65284.8,45962.63
15522.99,13700.66,69851.59,1083.88,361.17,49.78,178328.25,108651.43
15893.55,10649.73,152734.38,3218.98,341.79,9.72,423005.71,223785.94
31985.4,8560.36,145659.52,1237.42,154.57,18.61,428815.12,217001.52
2274.85,5996.46,32977.89,826.23,39.17,49.63,368689.94,129166.77
46716.02,28529.6,132424.38,1278.02,112.44,33.31,41206.48,131549.58
11856.37,20136.01,84900.14,1947.45,409.92,40.62,157311.34,126064.77
3475.47,14765.8,155615.41,3115.65,258.45,35.11,469463.95,225643.29
24027.84,14773.65,59353.34,3251.54,261.6,48.88,143786.49,138829.45
41272.16,27164.91,88209.19,1144.17,140.6,38.63,109730.77,114754.96
5817.51,17269.03,68873.0,971.7,349.39,37.96,120943.12,82411.26
38475.79,25956.76,110004.41,3217.39,384.41,40.54,463192.65,270194.28
29619.1,9913.88,51640.94,3051.85,325.37,47.55,70093.67,118564.43
38089.88,25131.43,103167.55,700.01,282.1,44.36,469191.26,200763.74
20242.79,5538.16,114337.09,1611.02,126.64,18.7,53178.77,102995.57
41240.31,21231.4,25707.66,3114.76,209.07,23.05,73910.66,164356.91
15472.59,9945.57,70449.51,1221.6,486.56,31.02,43477.56,72119.05
48427.43,22252.28,133741.15,2591.68,295.65,44.57,130026.21,165171.29
35979.17,14879.75,112161.82,3301.93,49.06,1.1,493298.46,299962.11
26729.57,16871.91,77283.09,577.32,211.75,40.42,433285.75,201237.84
28804.96,17119.9,40247.53,1884.43,439.04,37.92,367920.81,195943.88
2720.72,9316.56,156600.01,2150.12,415.29,42.71,62448.37,81866.07
10174.71,15520.28,101261.04,3447.78,398.74,45.29,218530.45,187161.06
36432.58,13224.3,122111.37,1359.94,360.82,12.02,136201.04,106000.53
40156.26,11370.41,31269.99,2687.22,486.18,15.12,260231.7,173028.88
40887.0,16803.07,37625.07,1231.2,343.28,29.89,398863.26,218095.56
10198.08,6169.78,19670.56,1950.71,83.07,15.27,247150.94,129220.0
14384.67,5590.34,124926.0,2640.99,17.25,31.78,274271.66,159962.68
22619.56,17494.88,110954.83,831.92,63.79,6.08,209663.49,147288.6
41969.67,11957.42,157505.71,3659.09,25.59,11.14,191010.83,200334.39
10789.95,13856.28,152359.18,1903.07,27.91,40.63,102421.19,114834.41
3531.24,1325.01,44348.79,364.9,126.97,17.66,96830.92,53380.85
40768.24,14738.53,78782.88,2638.93,258.29,6.04,82013.25,156288.25
30721.75,15958.56,58150.3,1167.67,115.36,2.82,286487.85,142183.07
7930.13,15881.88,155918.71,1036.43,162.1,10.04,311800.5,136586.29
2897.41,16827.51,124651.75,2369.02,100.63,24.52,55081.7,95742.8
48009.58,24701.84,84443.19,978.25,382.45,46.53,112072.52,129366.76
23585.64,18678.59,82578.42,2480.65,310.81,11.63,488890.61,242993.62
18459.56,19716.19,101444.41,619.0,28.43,17.54,479115.26,213131.08
26214.57,9612.48,117761.53,2705.05,477.6,17.5,492034.16,215339.31
37098.58,11258.21,67066.3,2156.32,485.85,49.25,268900.01,187476.69
25044.64,16486.61,137871.25,3529.48,13.21,18.18,475971.49,274560.19
43699.05,26316.46,69663.68,1321.5,85.69,32.54,328374.12,221298.87
3321.83,8155.23,61832.24,2359.62,371.69,41.68,393873.62,165382.38
16114.52,20336.82,77549.27,2503.31,456.52,47.07,380114.9,229032.65
3519.54,4775.93,78280.68,991.98,65.3,27.59,121704.6,92308.47
29819.17,15051.18,25822.74,2888.14,358.22,12.22,108140.1,139618.76
34616.44,21448.72,68905.23,525.54,234.34,21.83,96577.44,105500.52
35299.07,22645.98,80282.41,2810.76,233.55,14.29,112905.77,145432.25
23997.02,10912.7,147816.42,2865.57,57.27,0.65,219210.2,164310.78
44092.3,19993.31,115556.63,2472.29,139.98,45.61,270674.93,209137.13
19312.18,15153.22,48710.04,1382.34,237.23,33.33,497387.46,198601.47
43854.18,16454.07,85212.15,1241.6,61.46,8.04,454433.61,199833.03
21148.96,24193.77,131340.11,2336.26,391.89,10.02,277012.61,184638.3
20004.24,14617.73,66668.36,710.64,200.61,2.49,485148.15,234076.18
25181.82,20057.84,34074.53,2159.57,232.2,33.48,309832.96,167967.9
42865.25,10066.71,134603.86,1915.78,93.53,2.91,106980.35,115823.91
1109.53,11012.6,73758.71,1445.7,306.05,12.67,233882.6,142639.06
10980.78,19753.87,82465.39,527.92,383.67,19.17,277245.1,141262.57
34207.72,12639.61,53166.95,737.43,434.29,49.8,387145.18,172019.16
43407.37,20154.18,65984.74,1551.84,269.43,26.69,494125.19,196886.65
34432.2,21229.5,148583.67,2674.9,408.32,11.45,80687.56,147930.54
9015.27,7889.36,148223.55,1523.37,224.54,22.94,53634.74,66882.06
43539.59,22531.87,107916.47,1327.39,462.36,42.15,150124.13,146826.43
2575.32,17204.98,127728.32,3044.13,34.93,19.46,360249.03,227537.73
15104.89,19598.42,160217.44,2706.07,427.83,21.87,120710.65,137979.78
45375.25,22647.17,70438.46,1565.0,82.42,48.23,283238.57,178924.69
36666.16,24952.81,39715.59,962.82,44.15,24.21,126347.25,128367.72
33939.76,7360.6,60206.93,2716.1,416.39,6.76,299431.58,220855.27
40332.54,8947.73,75594.25,1208.95,299.53,30.87,485330.39,237139.8
1045.38,3556.69,112276.89,1956.06,445.13,23.89,424740.52,179197.26
23366.16,19393.43,105964.94,1469.99,223.45,26.13,205228.19,138671.04
46420.5,24638.45,93178.31,2697.21,377.9,17.44,36489.78,127841.09
39367.63,14133.97,24516.38,2288.17,425.16,4.47,466540.75,270725.29
26663.89,11821.84,86815.3,2787.68,399.01,1.34,116064.34,144820.91
15505.61,22954.07,60752.25,2247.24,398.63,5.14,198511.75,155326.3
29694.58,25188.82,163403.77,3123.03,225.17,15.04,344527.32,253901.03
24521.52,5857.14,115699.66,716.97,218.48,19.05,462304.69,221899.43
2778.98,11756.48,88547.04,1194.07,250.28,37.39,191821.97,120429.61
46991.92,24182.14,100124.2,2675.18,123.03,0.18,284002.54,241452.73
36302.5,26268.54,101967.94,1628.11,340.83,0.72,353370.19,206148.5
9795.11,5339.73,78061.59,1218.11,475.34,15.16,188958.6,140745.35
4990.68,5532.35,134398.57,3102.9,495.73,28.64,248882.23,139354.32
23283.7,10304.2,127855.85,2133.99,245.72,3.69,255011.88,150098.27
48070.69,24189.04,143214.88,3094.04,297.27,14.54,132219.25,216228.79
9200.51,17740.24,96090.05,1538.73,265.69,20.5,297890.69,144741.52
38313.88,8591.32,131923.88,3149.44,234.85,24.96,246683.98,205506.54
46227.72,13552.84,141913.88,3662.83,58.81,14.28,481951.01,267674.12
6212.65,20879.28,128457.73,1367.24,218.6,38.36,62144.09,78992.87
46112.63,16863.26,50628.12,799.67,325.21,46.26,59754.7,98078.63
5192.32,7502.13,121255.01,1722.1,72.21,14.32,265084.76,123583.94
28289.75,9751.22,111588.66,1222.12,321.06,44.01,33571.28,73417.97
15358.85,15984.37,92837.01,2237.95,45.55,44.62,218946.36,129462.82
5014.07,14323.86,52464.43,1215.58,472.62,13.48,347305.01,194103.58
41097.09,19234.41,59844.68,1002.7,374.71,30.4,366211.4,198327.42
3496.26,16062.74,88543.85,2801.6,389.18,20.22,397223.49,194719.49
2141.26,7378.82,48947.22,2166.11,285.17,24.5,489042.26,224283.12
6607.82,16321.6,65271.01,1365.28,306.2,33.35,118957.7,92288.63
40928.92,22099.58,110811.34,685.2,109.69,8.74,133338.52,99208.68
8522.89,15754.34,32965.0,1114.5,196.89,27.4,304124.36,133227.82
25908.86,17321.2,36096.19,1568.87,303.71,46.76,282908.89,178318.9
22454.24,19104.94,28005.3,2831.21,491.37,26.65,432645.84,243713.94
8632.13,17026.64,117190.23,1487.33,101.35,27.77,101672.44,81180.45
46127.55,16910.64,62152.89,904.9,349.29,20.4,272628.89,178394.0
16837.16,15566.51,72659.13,1872.88,460.11,8.04,49744.11,82153.86
37021.34,8800.04,64235.09,903.75,68.08,33.08,375776.96,209484.82
12982.29,19101.81,155918.13,2566.35,342.39,38.41,345706.92,184744.79
43911.19,17245.14,154195.17,3708.34,334.8,7.65,92408.25,151847.93
30552.25,16543.55,25103.17,2569.73,108.47,38.93,254121.25,146944.96
15337.13,15996.78,92934.24,579.27,207.33,43.22,253148.64,133170.93
45241.74,17614.72,62557.98,1751.71,241.33,38.79,347511.61,193262.12
6648.27,10088.49,31518.82,1678.47,333.15,36.36,29820.42,74197.22
3203.25,3733.04,111944.17,3157.35,443.02,33.14,141150.47,118417.97
27575.86,11910.86,68003.15,2232.2,195.46,47.54,333801.62,216580.01
8931.6,7616.94,26212.48,1486.97,235.7,46.15,232597.19,103643.14
6659.01,19712.46,135385.28,855.26,47.44,36.15,363895.36,159434.97
20989.16,20927.36,36617.96,1249.15,196.49,25.91,299746.48,129872.34
33073.93,26127.6,141489.33,3302.45,274.55,24.51,249790.08,192073.79
1539.82,15376.24,146871.27,2175.68,325.03,28.81,75126.35,100260.53
12823.38,7003.46,111048.07,1602.59,449.0,48.85,188475.27,113882.23
5708.67,8631.62,45298.82,1421.92,430.64,14.82,25118.15,65596.52
25529.74,5709.75,146239.24,1928.68,190.92,25.0,348818.52,172534.84
39331.91,9905.71,95434.57,3274.71,164.68,13.06,266035.77,182234.13
41578.02,18441.51,29458.64,2683.85,36.98,43.53,309431.9,182946.59
14904.15,6361.77,13256.06,406.65,454.8,25.66,305082.11,128131.58
25631.29,19967.44,62819.45,1438.79,454.17,44.14,178364.85,149814.1
15715.66,21836.28,110564.26,1380.12,167.25,42.64,87614.7,95054.38
10936.73,19959.38,139344.04,2048.82,35.14,22.15,157553.64,126001.63
48520.94,15798.62,145205.76,2306.27,152.5,43.3,460952.19,238666.72
28237.99,24855.9,101398.5,1321.27,387.99,18.46,408062.88,177725.07
37802.98,24504.06,41109.32,2587.34,477.17,7.54,204944.69,171486.1
4182.39,13072.7,71025.05,3165.48,468.32,38.0,394350.52,233598.9
40333.31,14638.63,137641.92,3584.89,437.9,13.23,382159.58,260203.78
12395.06,4250.11,139640.64,1165.8,459.54,13.06,472088.91,223473.84
4261.38,9671.66,67241.02,1009.44,107.38,34.58,284425.69,125087.65
34446.5,11669.03,22269.61,766.19,306.63,40.3,107057.76,87797.57
8341.81,8854.44,46193.25,1073.88,370.39,24.06,88183.68,83393.38
34296.82,11759.59,134141.1,2004.96,210.36,48.46,468904.33,234634.32
34621.98,7530.08,43336.27,1188.16,261.9,15.51,493641.76,231648.24
42599.94,12397.33,57815.34,1530.37,122.31,8.84,314696.16,189912.76
29735.81,19519.27,137292.21,948.3,334.95,7.41,121057.01,104811.72
33756.22,11910.24,150326.88,3236.69,122.93,39.91,340557.16,195515.42
2766.93,18288.21,57538.83,679.49,403.57,1.23,161205.1,92542.4
25324.46,10067.46,64007.61,2752.25,392.24,49.19,326411.21,172289.6
44021.55,27486.38,37875.16,893.27,185.53,40.25,22797.99,98264.01
39517.15,21093.64,163880.1,3684.79,297.34,42.72,348718.48,201105.11
6157.62,7999.61,93222.3,1331.3,125.54,49.83,269729.18,113982.4
15127.61,19158.18,129535.96,3156.52,482.08,39.72,141843.25,164886.85
40228.6,14304.33,137875.69,3012.67,74.09,26.88,326953.89,225006.13
5279.65,11939.54,101495.73,1816.78,135.98,21.1,23331.41,76656.38
41657.75,18616.74,90391.8,3217.57,258.54,44.09,348846.23,221268.24
42622.33,19301.4,105350.51,970.81,454.71,3.79,380560.66,235496.78
30385.07,20290.18,144906.7,2100.5,463.01,15.99,212137.57,177687.54
22295.6,23928.88,66689.67,1727.3,367.16,19.49,139825.91,138608.5
41170.74,15977.85,155238.19,1719.1,103.27,23.08,358810.77,227325.23
34035.56,12331.34,52107.88,1283.76,67.9,21.53,139886.3,130616.86
6060.89,14512.31,34964.23,2990.49,154.39,18.81,397971.67,190389.7
8523.05,3391.12,109107.78,1109.44,390.05,36.24,319477.55,136080.1
34124.93,7834.46,119319.51,2586.37,261.16,3.63,382071.86,241576.55
49030.03,26425.66,149077.77,2342.4,89.97,41.95,116795.6,137913.93
21047.86,10784.96,28971.27,337.61,242.21,39.34,229705.33,105944.07
41400.63,27761.1,80303.61,1374.45,356.51,8.04,340983.52,193639.85
46020.89,29093.98,118454.38,2394.06,291.67,0.38,243848.13,208247.45
23027.08,18597.88,129978.5,2361.27,265.06,6.74,229481.58,166089.25
22524.33,13377.81,87575.94,2870.06,217.53,34.49,325050.23,196072.63
30245.03,8940.54,123025.01,1595.35,474.0,0.26,381781.72,171163.19
23914.37,23999.24,149097.15,3235.62,24.3,42.05,123392.84,173196.78
14896.46,15126.27,91639.52,2658.8,343.77,1.72,364786.35,231416.74
32596.14,9290.6,46843.24,3161.21,489.23,42.75,358108.6,195896.07
29680.19,10798.18,131815.76,1522.96,173.97,4.43,441737.97,183064.82
35564.91,24020.9,33695.22,3006.2,155.14,3.19,491044.54,269601.84
16429.05,21503.89,125375.7,2643.99,259.71,32.6,338761.85,230150.1
9835.26,3135.62,89636.45,2904.07,473.91,19.71,52387.02,102510.43
34650.94,18284.65,153748.82,958.68,378.83,48.34,40054.26,101369.0
43389.91,14543.03,117043.13,1246.08,477.68,21.87,394043.06,235132.4
28102.09,7039.35,40273.92,733.39,315.7,39.48,232184.59,110574.9
17584.37,6903.52,93018.23,1292.72,251.1,39.43,458654.76,230964.68
22916.51,8473.82,145701.25,2225.39,210.69,42.95,178713.6,159478.27
46799.48,20221.09,110103.57,1172.68,147.95,35.05,443385.25,216712.53
30090.42,17875.46,157374.77,1366.74,130.16,10.4,114032.66,124163.46
41631.84,19733.13,76702.17,879.99,440.44,33.61,40166.54,89202.03
19450.4,10697.62,133297.68,1689.87,71.87,40.22,210605.56,112087.1
2967.41,15361.1,60458.37,1037.1,198.42,37.31,134835.01,92626.04
8614.46,8407.7,52375.76,2857.52,457.76,8.73,250856.46,147340.52
1987.08,16145.04,103999.32,1841.57,178.54,0.75,106080.69,78870.98
22099.89,7225.1,121902.37,1586.88,97.7,41.86,307438.54,179720.64
25722.72,19446.67,114664.27,1166.01,117.22,6.02,308840.74,184564.12
37651.52,19478.08,44386.2,2878.48,194.64,34.6,190977.43,175332.17
19564.53,21054.42,132083.48,3644.26,333.49,26.75,136563.07,151059.81
43264.84,15779.35,39789.22,2201.47,362.93,46.39,94093.29,130017.15
47846.29,22768.47,85654.92,2088.85,388.83,9.76,243719.45,203496.45
24619.51,10116.64,32240.54,2583.37,312.99,43.71,353015.28,199690.97
46041.88,19263.0,65734.41,2817.21,157.47,41.55,386393.91,218847.42
38833.14,26880.7,42375.84,1788.9,200.86,10.96,429630.91,250071.77
22319.76,8710.18,24858.59,1003.41,339.76,26.25,418687.14,168920.72
42077.86,25041.19,63325.13,1721.81,486.25,28.74,165003.53,132119.62
13241.48,22182.77,101870.74,1619.54,143.82,30.47,325981.82,172396.55
8533.03,7888.51,15212.64,3023.76,278.71,34.19,394182.62,192171.49
24646.05,15203.26,78541.97,1291.55,244.87,7.55,79532.69,102994.69
36745.26,20389.11,42347.66,386.65,175.45,37.88,91182.94,97696.85
34387.26,25830.6,65068.89,1589.05,249.21,49.47,374881.19,182944.61
26842.59,18604.45,39162.89,577.29,496.51,26.35,264455.86,111936.28
12063.14,6078.85,53189.59,3087.04,384.36,42.23,28417.58,89110.11
13268.45,6002.65,98807.45,1196.37,489.85,42.35,238619.46,125929.44
8658.27,5617.85,57592.49,2922.34,24.85,39.92,114482.51,113066.35
22893.02,19316.79,147757.2,2160.98,358.97,33.46,107399.0,127431.65
40078.34,26241.17,141692.98,3065.31,285.79,10.15,417406.41,272224.62
24489.11,9082.26,130732.5,3162.35,427.79,4.04,392231.56,270863.53
43090.16,9580.13,100625.46,2938.7,344.29,37.99,442196.36,273286.66
25769.64,6880.31,96291.88,1206.75,373.73,5.66,341028.03,149791.18
38364.08,11006.9,47905.53,2877.99,332.36,39.54,351614.13,210243.27
7555.53,10314.26,126351.09,2868.23,220.16,44.07,97733.16,143302.68
3886.85,14502.1,65371.65,1492.5,88.02,12.14,320216.14,179248.63
38942.46,27139.98,51758.54,1096.7,24.71,43.84,224929.06,154729.14
3664.72,6973.37,50172.79,398.25,202.29,27.99,169081.61,82789.99
11278.27,3794.85,125197.2,2704.38,110.74,5.34,353924.89,181790.35
10192.86,10873.34,49151.8,669.71,260.42,38.57,124818.23,79846.48
46550.35,22657.45,39928.85,695.2,335.24,22.89,145497.13,126718.78
11355.65,12390.58,34705.58,1882.65,400.46,14.99,155865.84,120473.16
46043.03,16085.49,142381.55,3618.6,315.41,14.94,243527.13,242141.13
15550.0,6088.57,13722.84,1946.32,29.8,27.94,249684.98,127747.33
43512.3,23219.1,52773.74,1795.49,385.42,12.81,75900.61,123504.64
7693.62,9418.93,48326.19,2421.12,461.46,1.21,122579.46,106234.1
37152.08,16213.19,120711.78,928.19,417.18,32.87,23821.13,82983.43
27997.26,16437.17,110356.63,668.89,360.9,21.71,434733.86,174276.21
43867.69,14096.34,90588.36,1971.11,373.64,30.66,392797.59,238004.59
23363.79,18227.62,113979.98,2434.91,118.81,25.88,383927.79,202819.97
4387.77,6936.09,147698.36,1926.5,451.77,36.56,81791.64,118400.38
21587.98,9155.28,122639.59,2803.65,160.36,44.11,258102.44,186786.14
1309.91,18593.29,133020.84,3360.65,73.52,22.56,415383.91,218072.41
33006.4,17942.71,146040.0,1741.5,67.94,32.95,299233.86,167374.52
36246.31,10978.8,158148.88,3691.23,284.23,21.1,356588.99,242030.4
26517.76,20107.22,27075.56,1647.71,415.63,26.21,488870.82,225821.81
7243.91,2998.38,94435.11,2461.17,462.65,16.58,140758.26,131084.04
6262.74,5744.59,122768.82,2747.55,258.84,6.52,209369.27,153443.73
5357.51,6725.67,144042.37,1242.57,436.41,45.71,425244.76,183505.48
1611.02,8173.58,123979.95,2265.23,229.31,31.7,393443.35,198251.28
28134.34,7602.75,50115.63,3124.96,108.44,43.34,144519.79,169084.54
27039.14,13406.83,75940.54,1100.58,243.21,8.05,264188.45,177938.02
1682.88,4154.0,110064.21,1281.36,313.03,36.37,190593.69,95081.47
5791.61,17614.28,30185.55,1301.07,148.73,39.01,316124.02,151056.82
21303.33,9506.67,69319.29,2856.74,116.5,37.16,100283.7,129649.53
32973.44,24281.77,34026.64,272.01,36.72,29.07,21046.02,69240.26
41306.57,12266.86,58030.44,1910.71,272.13,43.14,493064.69,270373.58
16420.3,14580.37,71609.33,880.92,369.61,44.2,175531.07,98063.31
9565.56,13356.85,30743.97,3097.23,409.89,11.7,97445.32,154596.89
12280.49,5406.34,63712.83,2568.22,213.05,43.26,24947.43,77543.76
35827.32,19214.89,143612.8,3513.49,383.15,35.2,130286.68,180908.09
31136.19,19262.04,109486.79,1835.0,443.53,18.58,340937.78,200330.42
7971.87,4225.08,21194.23,691.79,88.76,26.84,360808.86,130409.23
17978.15,20390.48,119532.78,1286.73,468.76,48.97,130853.64,85063.25
45594.39,22792.31,116862.18,3260.57,13.09,47.99,320035.85,221499.76
30998.83,15311.41,22336.61,870.88,431.81,46.07,293272.11,168764.22
4922.41,13607.02,73029.1,1493.61,245.78,38.52,327941.7,171246.28
18967.69,8441.28,82270.09,1264.65,146.42,37.05,434464.84,215583.56
49020.62,23456.32,96629.92,2311.32,80.07,31.87,404797.62,263126.94
8487.85,15600.64,155791.61,2626.59,421.01,42.12,163429.05,143891.18
3199.14,3646.29,92833.8,2553.1,321.62,22.71,360327.41,176416.71
25930.86,10619.44,47839.11,2593.65,62.99,4.16,409531.06,211939.89
1692.2,19039.62,55687.07,2955.26,80.96,26.18,158535.3,138795.56
39667.96,20194.63,107921.0,2667.47,376.46,24.82,47626.74,107254.69
49682.6,28098.78,171808.84,3534.2,435.37,42.88,262923.85,219852.18
37232.14,15579.68,118681.75,797.29,423.83,26.1,465446.97,242987.52
35538.8,22893.69,117234.9,1527.31,118.83,27.03,290532.78,163693.23
35949.65,21562.34,151703.39,1568.46,61.57,24.31,34428.16,79923.07
14873.62,17233.96,48150.54,2223.51,324.94,44.01,304895.05,192938.15
26053.99,12897.24,113133.04,899.2,494.44,3.73,97206.79,102183.02
3974.65,19721.54,152927.43,943.02,38.5,32.82,466133.13,205833.72
2909.99,10420.17,69493.43,1355.53,150.29,30.87,151416.07,89354.95
15878.61,17226.77,66213.02,2808.44,380.61,11.77,269636.26,168595.07
45433.56,19116.11,145995.0,3176.19,492.46,19.91,377931.8,223731.86
39743.01,10931.6,93564.32,3356.53,267.26,26.36,51665.29,150008.7
22216.91,10185.51,72815.3,1641.54,440.82,40.1,374932.11,166803.79
42444.05,9170.83,107003.74,2784.17,12.51,21.0,48615.6,109046.98
20236.06,23492.95,108930.29,2249.76,306.25,20.58,265664.33,194819.98
11349.83,11679.08,98289.61,1439.89,333.83,22.73,89849.57,100564.98
29504.64,13421.96,30412.46,638.89,72.31,20.63,176670.67,122454.24
26991.62,17834.56,69250.44,2135.16,394.73,26.93,147396.88,155137.58
38068.65,20977.73,87648.24,1678.81,53.92,32.82,33084.42,104618.29
17203.17,22602.92,80780.94,1261.23,111.9,43.49,383186.49,201489.1
23943.34,9307.5,71188.15,1893.15,296.98,5.63,435286.3,204274.36
14625.63,20198.44,139843.2,3583.33,423.82,4.52,351574.71,262508.77
29371.79,21345.61,23034.8,1605.48,70.83,38.15,35283.05,112114.13
25235.41,12088.08,31451.72,1769.41,487.79,28.86,89737.61,103013.79
16380.45,16425.9,157926.73,1011.61,286.43,28.4,477364.19,255162.73
18101.21,10524.59,35070.59,3119.87,80.71,18.77,189977.7,172250.48
14298.02,4960.9,49354.96,3144.37,343.58,33.76,435456.28,247235.97
16594.28,15916.19,68818.92,455.74,451.84,33.4,311938.5,126049.16
38162.69,25175.37,75167.25,854.97,399.6,26.19,285620.14,176017.08
38310.2,9474.47,122825.36,1340.72,466.93,1.6,393315.43,188211.1
26796.54,7171.54,101163.6,2204.22,457.95,7.73,256496.22,159987.46
16882.09,13099.51,33601.54,635.65,359.57,30.87,56033.68,68189.12
12507.17,20870.97,115368.21,882.37,204.06,34.31,380714.0,146008.27
17868.63,22170.85,165953.18,1408.71,451.09,0.54,132857.56,127643.98
20681.42,19248.26,68728.37,482.42,498.41,5.2,87575.58,90899.1
21722.89,14004.47,136891.25,3547.45,208.89,14.99,283786.02,196210.01
1807.63,1749.6,74738.93,1172.73,17.46,4.16,127585.28,79253.75
37299.95,15626.93,35610.21,2289.17,270.58,24.4,198143.1,172612.12
43880.27,27188.47,166547.56,1050.08,446.39,43.07,491179.25,224230.52
26584.13,13327.68,19357.17,2794.53,40.38,11.54,448520.46,199136.35
22376.08,13570.17,99504.13,957.23,133.62,12.22,248928.46,140732.19
32024.31,8594.33,23054.91,1580.79,67.04,35.2,172153.64,95361.03
44441.34,17056.19,40330.57,2995.73,195.75,19.15,106002.57,155611.44
24644.34,5822.46,137236.08,3404.23,355.83,41.91,172274.73,151918.0
1027.84,1795.92,82583.15,1984.5,289.26,18.3,169525.24,103727.88
24337.94,5932.33,128593.98,2788.59,143.43,0.51,244769.88,185830.35
23032.0,23607.46,123386.84,3604.53,152.48,9.86,99464.06,136491.98
26005.97,17153.68,101352.72,2146.96,30.3,35.74,266516.63,181922.91
19279.97,20863.52,122034.99,2402.2,307.23,4.37,366183.44,212351.98
15930.53,6187.79,19636.78,1742.4,374.61,8.06,301763.55,157045.02
24447.11,20148.1,137301.78,1008.84,126.37,46.64,392383.66,158432.86
14432.59,22676.6,99613.7,2873.67,251.79,15.72,419609.57,263336.61
17643.46,23001.71,59382.4,2298.4,160.95,28.12,444532.2,216169.23
33267.85,19260.64,49433.57,3150.28,457.48,33.43,475720.55,235321.63
44445.63,24372.0,123645.1,820.38,323.42,17.65,310338.66,156587.17
8007.36,11464.25,108927.52,2801.01,323.51,6.26,142154.34,159291.92
10536.78,18025.02,128317.29,1713.85,411.39,6.65,386802.98,177362.24
40639.51,22352.35,162093.78,2794.53,97.25,45.27,124795.4,138679.34
21413.87,12207.46,69634.6,1880.69,160.37,0.5,185556.35,148976.25
16708.62,7313.48,12138.94,1684.45,303.78,43.36,295244.67,125716.76
49885.7,27638.23,149296.94,1005.47,30.91,29.37,453503.35,230807.88
40106.77,22474.46,30458.05,396.5,16.84,44.44,250660.92,155577.08
18313.55,7854.18,58681.0,1990.99,226.81,9.37,27452.6,83580.33
1113.13,16633.28,129064.98,1735.04,392.64,3.16,245742.18,134524.24
30119.36,13094.35,84804.14,3110.64,253.99,25.29,43990.63,134146.22
28242.5,16866.27,87141.39,2010.72,191.86,39.56,241401.02,178209.38
9217.28,5065.71,71775.15,3278.32,331.25,3.63,339668.25,207884.1
5664.76,15772.71,43978.63,1299.94,167.27,40.43,254178.45,128414.76
6820.08,5668.08,72890.5,1555.31,354.86,20.75,102564.02,103535.33
12093.48,3801.76,45508.86,2282.51,291.54,35.27,252728.04,127870.13
3877.22,15154.31,62369.74,1405.13,30.15,36.58,299486.06,142780.32
10636.97,21282.64,49748.02,440.75,132.36,47.67,468728.55,194974.23
6611.97,2904.37,148224.02,1171.09,492.29,7.35,166900.17,97694.8
17124.67,17740.3,144849.83,832.34,126.11,7.77,216738.43,105315.11
13032.74,4429.6,60628.0,2871.17,16.05,28.6,483597.29,246687.65
35139.52,25131.07,86345.59,2990.11,224.33,19.4,94260.87,158095.75
18826.05,9814.06,88577.84,1807.45,355.91,26.31,492276.24,227598.95
31977.92,8234.81,44628.35,618.83,381.56,21.15,351920.32,153980.54
24156.1,6351.11,30223.99,1083.96,422.21,3.03,479694.88,175945.8
7314.99,15584.03,110002.71,1402.47,213.36,20.1,181002.3,123080.91
6430.22,4920.26,136620.67,2412.15,366.42,7.63,116313.58,119802.21
13962.45,16800.95,114093.3,1843.82,404.63,31.55,302287.48,191335.15
12966.05,6835.15,105777.43,1232.98,211.27,11.88,373587.07,198871.26
5628.87,11970.04,65067.62,2801.67,244.41,32.32,198824.94,115285.81
26527.81,8073.94,25571.37,3126.58,275.98,15.91,22324.9,103734.3
13910.3,18038.68,130628.18,1840.96,236.75,32.37,207727.27,135718.96
17923.79,15803.31,78206.4,2849.99,349.95,34.36,389624.15,199540.09
12026.16,14112.63,160753.41,2483.68,97.39,36.81,73311.14,108062.6
13166.42,12546.0,18127.32,2507.26,478.79,41.42,402475.0,174320.88
15875.55,8687.98,142664.35,1505.14,367.36,10.28,35929.62,96839.55
18969.48,23643.16,86289.85,1484.4,165.58,40.52,96801.16,123603.01
8016.64,6439.41,11805.98,2443.67,213.96,25.9,443493.63,229350.32
2218.12,3627.5,114913.23,1583.2,391.81,17.78,226533.31,115440.28
33139.86,14729.45,80654.87,2344.39,43.93,15.94,281564.15,177439.05
22519.75,24011.76,145047.5,1269.8,344.46,48.72,494610.02,248471.65
25281.21,17034.97,53927.46,908.1,297.1,5.75,82964.43,87985.25
27147.38,23570.64,37386.07,2914.02,51.14,4.79,173294.8,164959.18
10278.81,6352.06,99159.66,2018.22,18.45,42.66,437054.33,205548.57
48518.81,16543.08,73432.16,554.14,296.85,20.24,482839.91,218924.56
29946.49,24052.59,111945.64,708.58,211.54,36.71,407908.04,182017.83
21751.27,6143.35,148312.4,2630.5,470.68,36.31,315498.36,212614.09
17964.51,21662.57,25786.86,1984.75,478.9,20.09,248237.86,150209.95
1998.06,14460.72,86323.13,2829.63,218.62,13.76,288037.94,172901.83
17957.13,11012.21,66250.87,1929.67,375.55,13.55,398414.2,201843.63
37641.7,24439.32,138440.33,1033.85,380.67,3.2,30554.06,105564.67
20999.68,10248.92,79277.65,1378.12,377.89,16.24,92675.5,121902.7
8299.91,6149.11,48144.36,1443.29,413.33,25.62,204621.77,131353.53
45580.08,18357.92,121765.92,2139.92,315.76,21.62,145164.6,166408.09
19008.08,16746.65,163260.16,3052.07,197.16,0.71,334020.74,203971.1
10217.11,4217.9,146220.06,3532.66,454.29,34.84,391284.34,246026.81
27738.11,14818.22,128325.24,2131.68,331.78,23.53,496674.32,256100.06
17775.76,21845.74,97654.56,1264.68,306.69,16.01,37478.31,71953.01
3080.44,4342.55,150673.99,2545.92,340.72,21.57,105493.52,120347.5
20421.63,15861.34,119434.26,1005.98,166.73,25.59,253614.5,165913.31
18128.62,12673.29,112114.31,2413.36,332.14,5.28,111327.99,130553.0
35846.98,26127.22,33518.33,2239.24,351.96,1.44,330711.79,211809.17
2957.38,5979.79,48290.77,1585.01,333.67,23.4,74382.97,82673.24
20271.79,6726.37,122403.65,2805.27,102.31,43.66,382916.54,213274.25
4065.98,7846.61,140610.05,3470.92,421.05,48.42,54163.04,104916.26
9962.26,17637.99,19943.02,862.45,400.99,18.13,354609.64,138923.77
28322.33,6654.96,73504.1,2149.72,45.27,27.88,163187.5,156129.22
37092.08,26302.84,96652.72,1402.7,183.11,34.66,213019.7,141213.34
18623.65,14144.77,125278.22,2863.53,462.18,42.27,175732.54,182009.17
3670.52,11713.38,21181.69,2884.44,424.72,13.94,197728.62,136967.43
40123.18,14019.81,146965.56,1596.9,118.39,43.72,201103.59,131055.99
41625.29,16292.37,113142.29,1886.87,39.63,1.15,46541.07,128289.78
31440.43,17185.37,158163.51,1532.7,142.82,19.89,114064.77,119030.91
19885.3,9138.33,51382.34,704.82,305.06,25.72,440461.36,154951.46
6866.95,3380.08,86108.83,1914.96,167.69,22.59,26634.53,76817.74
7963.09,9050.76,103749.94,838.33,101.99,45.1,189288.89,90023.68
48856.54,16690.58,131602.51,1944.68,379.53,22.67,275031.21,186367.21
36156.4,21808.41,123158.14,1698.88,185.37,18.24,270633.35,164406.34
42986.16,23610.57,38956.3,1770.37,124.55,43.6,313724.37,197381.23
23947.71,14921.0,35318.95,1073.4,32.34,31.54,328830.21,187761.16
7794.07,6451.04,70888.21,2513.64,311.95,4.04,150103.83,140996.22
48564.2,27355.55,72098.64,2654.12,128.2,39.6,106228.81,165365.23
25618.24,19657.51,45135.56,1184.54,444.05,38.65,402973.08,214300.74
7616.87,12262.72,96444.71,2005.44,425.78,9.19,53265.02,94615.02
9133.65,21781.71,90613.63,755.99,277.06,22.98,179984.29,127531.25
18233.42,12505.06,120381.7,1162.43,210.12,14.5,44050.96,81141.28
49868.23,15248.62,107979.86,3142.07,178.9,30.16,486429.81,302250.61
16352.95,21333.17,154305.95,1603.1,25.11,43.69,286909.16,160947.78
49315.46,17173.85,44929.31,1910.98,499.48,25.24,477033.31,240927.37
29048.24,19673.3,161856.36,2863.3,390.57,13.44,382735.82,238979.04
34585.96,11828.01,77042.57,2892.14,89.48,40.59,459385.99,214851.6
23631.98,13344.51,135949.29,3010.98,90.44,48.59,322340.65,217976.25
46603.54,17838.19,38440.91,2484.3,368.48,31.33,157242.2,168574.7
40138.74,16035.26,64919.07,1388.87,139.47,25.91,487405.58,263598.66
12600.5,22250.25,86337.55,3278.36,349.41,10.48,441476.53,270005.16
47355.2,12042.28,16982.12,2435.66,360.0,8.11,38990.4,108809.2
10789.01,21430.33,22545.69,2014.09,22.86,19.75,317004.54,181416.15
25431.4,6055.26,41463.27,1012.73,175.32,22.12,428267.62,203041.49
10235.24,13338.31,107240.58,1814.57,218.46,1.23,232670.95,155224.83
46718.14,23737.01,137299.61,899.57,130.58,12.15,477564.9,220862.86
8927.34,3303.66,87412.38,3170.39,153.62,25.91,216639.82,161627.26
32054.72,14978.52,85495.42,1540.64,246.76,44.02,93350.98,101257.64
15942.82,4763.46,142578.7,3324.87,448.0,9.1,266236.17,184238.65
27161.38,16361.1,30474.63,2091.78,291.96,26.95,40884.51,88718.78
18397.94,22073.05,122780.28,2915.59,184.53,20.24,54049.69,119402.24
35485.11,10185.2,53188.44,382.3,320.92,9.85,204505.09,138228.14
10192.09,12841.58,159159.32,3518.31,232.81,33.07,466570.32,274556.11
12941.14,22129.76,164324.2,3693.43,259.7,3.19,108075.88,142622.22
5585.56,19431.19,49822.67,853.6,221.7,26.37,46181.91,51210.1
17893.54,9238.73,89407.39,2947.99,411.33,6.38,459958.77,228744.33
35296.19,25588.79,76865.8,1621.58,246.12,16.07,54842.08,124120.46
41628.37,17479.59,147438.49,2484.31,369.18,40.02,388629.79,236780.85
46307.86,21604.56,147399.75,2136.12,101.75,19.52,256296.3,159403.97
42919.09,10792.46,83926.85,1665.12,394.75,45.79,30150.43,80062.33
36342.24,23684.22,142930.99,1460.43,138.59,15.56,212889.45,162482.5
5231.62,16952.07,159695.77,3616.01,70.4,30.69,105574.75,150297.87
28122.2,22578.64,61778.21,1016.96,129.13,31.64,67911.78,68936.65
28195.5,18321.57,145899.46,947.59,162.94,12.72,274277.1,160766.06
41500.85,8969.5,69744.72,2650.59,337.51,20.31,286224.03,241311.87
17821.33,4360.47,85418.97,1341.38,174.33,19.21,139432.1,119683.45
30602.58,14281.27,49500.86,2647.91,375.99,3.8,454845.16,217908.85
27294.14,20559.09,79149.17,3196.39,392.15,24.69,253363.68,205727.06
4721.47,16324.21,138253.37,3281.29,351.22,5.24,150153.13,165325.77
13611.24,13856.31,138192.39,2873.1,310.04,3.79,202003.16,138433.8
19689.1,20529.48,67175.7,573.9,298.71,34.81,403972.08,165874.31
12303.28,22374.81,41196.86,2556.03,453.63,21.49,72574.02,129734.27
12054.05,5702.8,19626.18,1961.49,111.2,0.74,490496.64,248543.86
29549.57,17290.0,105259.13,2105.32,470.71,15.0,363179.09,228580.02
17611.78,9930.78,85474.72,1064.69,381.17,3.43,82821.84,98334.64
17596.09,17004.61,47368.08,1638.7,113.05,2.55,83540.19,113224.07
2597.03,1945.31,73679.33,525.19,410.08,41.7,131369.74,73538.24
23268.41,14221.18,53984.8,1805.11,496.23,4.36,274964.22,199424.85
19240.82,9214.53,121039.03,2512.01,89.3,37.69,408502.81,227660.79
8527.03,10579.16,16241.13,1415.73,235.57,26.4,333716.89,175345.49
14253.03,17366.44,60699.44,1728.61,84.04,34.61,240031.97,127988.08
18939.18,6015.77,122711.82,2380.03,370.79,15.99,42605.93,111252.17
7072.37,21411.76,35723.6,2604.21,292.01,28.82,449949.11,256042.27
22690.14,5828.31,57133.35,625.47,350.95,20.55,117675.84,91524.63
45543.5,18369.91,113521.08,2314.58,108.66,5.42,100384.17,143116.9
17857.82,19655.27,29528.59,716.53,79.55,37.65,399226.76,163328.07
31234.12,22736.24,35417.81,1855.14,386.29,3.48,456845.18,246038.59
3648.66,7422.05,20363.11,1378.5,230.61,42.9,276212.42,121629.52
10730.6,5540.76,154075.5,1352.46,269.39,24.56,147395.56,92833.06
21007.83,12458.17,100845.24,2396.29,372.5,38.29,330478.47,169721.03
44886.11,18152.79,83964.21,2716.85,191.16,39.82,371143.98,199287.56
38128.11,9592.01,56007.16,3267.01,494.24,28.89,210903.47,175101.56
46035.27,11696.89,134424.32,1848.48,124.8,12.69,312218.28,207686.09
45019.96,15660.08,160700.62,1768.12,208.35,48.48,327151.63,226884.14
24086.31,8541.53,28257.11,2697.97,281.88,30.03,239872.88,187823.41
22172.56,5983.12,75101.13,1755.99,214.15,13.52,49188.46,93474.7
1610.82,1534.74,34722.87,2838.91,257.03,33.81,474055.34,241366.05
49282.86,10377.87,13955.68,1402.8,276.58,5.8,59770.03,120598.81
6586.94,15289.68,79352.28,1420.56,391.84,35.43,393612.77,206686.29
44408.55,15507.34,41309.38,2460.84,396.1,47.15,89615.44,135294.38
19537.58,6584.03,123012.28,2630.29,101.68,7.94,214114.73,149044.87
30327.9,16716.52,130998.5,1167.96,473.76,20.69,386843.69,179603.06
7455.99,11693.61,154016.32,2676.09,266.91,45.53,326161.39,146576.85
23667.4,16995.62,19241.25,2568.81,220.37,45.61,402073.88,237108.19
31425.17,17619.66,25241.73,2521.92,218.52,42.1,181089.08,141103.7
47837.17,15002.18,110179.69,3112.22,481.78,48.75,245763.02,234212.72
12480.48,6900.62,66535.69,2943.07,488.84,13.67,363679.49,196855.85
13440.66,14198.44,33638.59,933.24,72.13,28.9,391308.89,175203.92
6257.07,18044.99,159499.62,2168.49,376.74,44.01,288034.55,179228.76
21419.88,21492.3,34064.89,1738.17,428.71,46.43,269351.98,160197.99
19831.03,11499.0,151215.59,2825.42,297.81,8.84,370773.92,209655.55
9328.95,10220.29,69726.76,2039.79,37.38,42.86,452345.38,200423.62
29215.26,23683.47,127064.79,2334.02,157.18,20.22,340709.13,210228.74
2091.17,15319.6,94371.99,998.7,448.11,18.13,138273.04,86458.92
33313.9,19459.98,160899.82,2673.83,395.57,19.35,417174.79,274312.6
29919.57,11218.53,75288.22,2434.06,402.61,10.82,57451.43,102312.64
46411.7,26135.62,151006.45,2962.1,392.23,4.42,455386.91,267008.92
32933.24,14731.31,151104.73,2485.16,241.53,29.27,70474.31,107625.31
16475.74,7531.08,71116.24,2916.54,484.6,23.94,144573.88,161829.76
7219.83,12362.54,152225.48,2396.43,449.98,20.1,284398.91,165547.13
11490.52,9663.72,120069.97,3553.72,239.54,13.37,259564.45,176002.33
43665.94,20497.26,99685.63,1982.01,456.39,41.86,163409.03,122431.19
10887.32,4468.5,153032.61,1971.65,257.32,47.94,225672.73,151071.85
39261.08,21671.73,23100.11,1714.14,167.05,39.45,191200.81,146881.7
21511.81,23363.09,55438.95,2979.44,414.99,32.04,218671.2,161273.33
42470.81,22649.16,85054.19,2840.04,87.94,27.87,189682.08,196387.35
21536.6,22658.37,133706.46,3333.51,416.99,24.96,290652.64,230075.24
40959.64,25323.3,147737.74,2109.56,299.65,49.59,344668.58,226076.61
37921.53,10800.86,133715.16,1648.88,185.43,34.99,451794.16,192001.32
39136.83,21352.43,125633.58,1960.96,364.64,11.48,290465.92,177837.8
42007.93,12088.21,112089.1,1154.12,357.02,46.38,424157.12,234045.62
18703.65,13597.7,88418.13,810.83,329.61,34.98,467923.68,174256.67
36395.61,23065.69,124513.28,1148.09,485.08,7.75,100995.56,117867.4
5609.53,10636.27,44603.18,3016.66,208.83,42.89,481808.09,207788.25
36269.34,16645.57,56476.63,2792.16,407.32,14.64,414532.77,222478.05
47037.7,25352.82,116723.44,1529.74,198.64,24.98,450202.3,266486.58
26410.45,13221.93,116666.92,1278.25,36.18,12.05,90807.2,116573.63
9836.76,13485.49,111077.53,1872.85,134.9,47.53,371437.52,203644.0
26635.23,10599.25,82936.84,847.18,220.94,10.25,464220.11,225238.07
6191.18,4514.8,146111.86,1606.41,264.85,42.75,349608.56,171711.27
24020.24,21309.25,61624.4,3021.65,256.57,0.81,388387.54,216757.27
28294.58,12983.9,119509.77,2513.27,30.6,43.63,340715.76,188307.44
31720.66,10684.75,114711.95,1078.69,172.04,20.86,24222.58,73265.73
15868.7,6021.77,151861.59,3718.29,317.18,23.57,283070.67,206074.76
8767.97,5895.99,148038.81,3227.53,360.26,44.02,123924.01,155607.28
27353.69,12798.17,79927.14,2863.29,37.04,36.37,153470.6,147982.99
23291.34,13136.5,130503.77,3444.21,164.96,16.37,92992.36,123502.25
32771.49,21479.91,117395.41,768.97,491.09,32.09,418215.74,189078.47
47182.73,17823.28,113259.51,1077.52,282.6,20.31,123641.61,116620.79
11161.27,10678.85,150871.44,2300.98,391.75,46.19,213239.4,148487.25
19160.78,15046.51,69074.78,1606.18,265.97,41.67,91249.89,107297.19
46290.2,28557.79,53655.78,1874.54,227.68,37.01,315344.79,225246.93
21257.0,7003.38,74316.51,2231.94,404.15,2.92,492270.31,214955.87
30690.33,24821.27,114260.69,2146.97,408.16,7.36,54306.37,110576.84
29824.64,25543.15,108995.74,3121.35,79.14,6.73,81124.07,172830.94
40409.56,13266.83,92765.21,2475.7,104.03,5.98,208408.58,200865.63
27584.66,6705.82,42140.3,1678.34,77.91,5.12,339901.08,177611.18
39158.79,24428.4,119044.22,1935.59,344.54,18.02,441126.13,217431.15
12648.0,11379.4,69396.81,1644.04,464.89,6.09,106504.57,115217.29
37381.98,12787.48,28851.03,1507.76,386.71,32.87,408864.99,181710.13
1875.19,14823.59,92742.19,1224.35,193.43,14.76,327861.77,127829.17
19537.18,18308.43,20414.82,1181.96,55.26,38.68,274037.37,149281.64
16128.68,8590.99,112898.5,2200.07,436.61,8.69,48341.57,108557.0
30197.04,15965.69,39050.47,2435.98,460.73,24.1,325529.14,187649.5
44731.73,12974.92,49629.36,1926.91,285.41,35.75,92360.14,119022.46
34543.02,25015.99,105917.99,2019.14,381.5,20.84,296212.19,184860.56
28293.09,25010.0,56483.29,3279.79,45.98,7.01,179709.93,155276.82
3807.25,9561.66,30209.83,1773.15,296.66,38.59,222208.88,133728.54
3493.16,11781.05,69113.39,1987.44,417.68,35.03,460300.96,227351.9
22481.95,13822.87,45718.87,1560.2,186.84,31.56,178538.79,132439.85
11702.16,3796.89,69421.94,1332.71,339.96,27.91,470806.83,188303.02
9379.17,14236.16,37982.39,2231.69,17.63,24.7,43312.34,87628.07
16075.61,10092.36,103770.71,2240.38,251.57,39.84,200878.86,144281.31
39980.75,15990.47,79906.12,3396.41,163.88,25.07,444830.73,260399.16
11955.93,16701.46,96655.17,3074.28,304.04,7.75,175426.25,157792.06
8616.64,3457.36,28392.03,1120.74,278.03,37.68,69736.04,50590.92
10917.86,16605.49,80909.36,2306.82,328.48,7.94,92378.91,99382.04
9315.15,6600.7,73185.55,1869.52,105.31,15.98,269036.0,139820.09
22139.49,23732.22,73888.44,2551.57,449.46,4.88,178549.56,159374.3
29322.84,7441.01,47328.21,2711.86,44.69,0.02,257202.87,160277.73
32708.82,13314.68,115737.89,3412.57,217.05,40.9,264853.58,183171.55
24228.75,17296.35,23773.99,1402.93,103.14,36.84,235966.96,150637.16
13542.29,19534.06,149298.21,1953.51,333.33,24.71,350228.93,226458.71
49207.2,21515.83,48069.06,1317.87,11.99,10.57,367478.01,180020.62
10189.04,2881.98,77374.7,2520.59,122.38,35.44,291135.54,172550.94
25852.32,24128.12,71105.15,3201.91,134.23,41.12,371012.05,227668.96
4517.08,17539.85,51724.23,2115.79,219.02,8.3,123746.1,123808.72
47261.64,21131.9,147220.18,1306.2,303.19,9.27,89685.09,148336.24
35217.6,24781.37,85377.21,2327.21,261.1,37.78,264976.85,150209.96
9717.71,15686.25,124026.41,910.15,29.67,14.75,66054.64,68647.64
23952.42,21538.76,45701.45,727.35,271.3,27.6,224327.95,121502.82
45709.99,23098.88,137798.21,2097.08,87.28,48.24,320823.07,180530.5
22840.9,12872.21,113995.92,2640.9,338.69,44.4,301875.62,178033.56
6491.45,14284.93,130928.42,2310.53,495.17,4.98,64202.1,100015.87
16073.8,6531.56,101434.91,1198.43,189.44,22.09,126878.69,120176.37
32435.81,15145.76,117311.18,3436.67,11.49,20.99,27264.68,131869.73
12188.48,5014.25,120474.48,3065.63,77.15,35.13,221906.93,162931.8
8655.82,2826.01,69397.61,658.27,246.83,12.09,129158.37,84428.68
30476.36,14312.73,90168.68,3309.6,115.19,21.38,70508.35,143375.91
6676.98,13369.41,129106.08,1692.5,171.15,20.1,353344.54,175524.95
43996.37,15537.04,122143.87,915.73,292.73,19.09,226013.27,168720.49
4003.9,8206.99,26505.33,1468.33,181.72,23.13,186003.61,111058.02
31215.31,12755.01,128017.23,1342.11,294.95,38.01,177087.98,119805.56
14367.41,8833.05,106714.19,2020.46,271.03,41.06,216737.56,149519.11
40862.8,20867.04,135179.43,2135.99,421.61,13.22,44595.45,144742.41
44841.7,9578.31,103753.57,2515.66,88.04,15.97,110882.14,149584.28
3021.4,1818.66,67447.29,1160.7,220.25,32.14,332402.34,154987.15
26277.11,20419.17,149907.33,3141.78,239.61,2.08,382288.16,266218.41
49069.24,29072.01,45838.82,2353.2,426.08,34.4,417362.2,228378.29
2532.89,13024.57,77708.41,2967.71,66.95,15.62,468041.32,194726.65
35098.06,20324.05,147271.14,3109.98,372.43,25.3,271453.65,193001.58
39993.96,23805.53,161147.63,1838.78,42.71,42.66,393676.17,208602.89
2771.97,10598.28,40711.42,883.74,259.12,36.98,426555.76,164446.05
21374.56,15583.73,35838.4,2596.16,345.42,45.24,418718.82,207766.92
43140.32,22361.65,145806.66,1648.55,40.19,35.43,206122.48,177050.91
15139.1,4482.03,49437.33,3125.76,224.17,29.36,409192.56,230188.67
14386.17,11373.22,65580.35,2538.52,439.91,28.01,434196.31,227540.82
16222.06,13974.78,41218.52,1924.29,257.7,22.73,100264.37,104064.92
27195.44,18781.23,86561.05,3026.15,135.98,18.11,120125.92,136918.72
38734.45,22448.72,51528.1,1044.66,272.26,49.5,266342.48,175743.73
12033.71,15089.64,26932.68,1169.25,147.19,40.55,434967.04,176248.43
13047.9,18590.29,152118.22,1286.24,444.07,32.48,265824.82,167940.81
15455.94,14423.88,123400.98,2376.51,90.9,47.87,455856.04,253971.6
1779.9,4258.36,73860.89,1032.31,15.12,41.47,73410.27,47994.08
22673.39,5830.97,126382.06,1508.35,273.11,27.88,302088.35,165203.64
49755.46,17994.14,151948.55,2908.1,344.12,28.51,369928.69,217144.59
46833.69,25178.26,136406.46,1618.0,401.16,2.2,78092.53,131726.64
43767.47,15819.16,139646.74,2995.14,197.58,40.38,290691.38,207086.23
10996.64,4143.16,93097.0,998.27,63.6,10.05,188772.01,91545.76
14935.46,18369.8,25553.58,1028.97,309.43,5.13,164631.87,117612.32
9573.91,18331.5,49482.8,830.59,461.72,4.92,126958.05,101854.67
4453.99,19314.92,63084.11,2562.69,31.88,42.57,470602.21,236273.8
10903.6,11466.26,88991.97,3259.91,457.11,41.98,94337.78,122005.87
37339.12,24101.98,46180.3,2384.99,433.82,44.03,329288.54,218855.56
49021.33,13780.06,92452.46,2816.42,456.58,40.81,441457.6,254783.15
24693.95,22037.61,62247.23,1266.49,412.63,44.99,210380.75,148769.51
17371.45,20669.37,130719.02,936.05,256.99,3.51,188743.12,135684.75
47644.51,21639.06,146276.03,3365.28,104.61,47.05,102890.78,155768.76
1149.99,4078.58,146719.7,2096.87,329.06,49.04,123559.16,104578.11
27501.98,23395.17,166637.11,3755.96,264.74,49.0,469543.7,300864.14
38110.12,26236.36,91029.84,1471.35,420.17,35.36,484255.78,211721.93
40242.71,24089.48,145110.87,2016.14,499.65,30.32,43178.7,146412.51
18601.02,8433.97,122495.07,2350.88,280.78,2.24,424041.88,208330.29
48539.88,22531.18,166893.87,3394.4,101.28,2.11,115991.93,178155.71
25354.27,11183.54,72849.69,2032.71,192.35,8.67,425058.98,217370.83
41167.19,19874.89,90890.7,2377.03,265.99,11.9,114334.74,127585.59
28535.11,21495.33,94483.43,2344.51,74.15,27.32,299294.73,201572.74
26708.71,21988.58,38984.47,1180.97,414.72,19.22,476428.77,255515.49
33282.02,12032.99,25674.93,1307.8,194.97,20.73,214476.72,137619.77
44742.6,17676.22,23105.7,2161.13,62.86,35.67,279220.94,176382.57
17343.95,22246.36,68382.86,1987.51,180.09,12.4,488816.92,254563.67
42676.15,27173.78,54761.62,733.02,267.85,43.09,70499.0,99731.0
44299.65,26889.37,119788.67,2176.72,494.21,29.38,242945.94,177176.61
1979.02,4249.74,121590.76,2115.81,313.99,41.9,77790.7,82549.83
40410.3,25783.11,158015.55,2504.17,240.5,20.42,189910.08,188359.06
44593.16,26757.99,157750.43,1843.39,345.65,15.14,50483.63,142873.06
42114.42,20592.32,44713.64,983.49,443.62,13.2,400561.15,215558.3
35119.7,22321.79,37848.97,2137.51,376.31,0.26,350121.73,232537.55
13483.85,3899.95,30412.76,2525.48,85.04,19.15,29807.75,94978.45
11546.94,16560.06,146724.72,3587.99,121.07,30.93,130071.9,130762.44
34981.77,21173.79,27101.58,1615.09,322.27,27.09,124362.58,117951.8
36734.29,10136.49,62405.37,2532.34,277.74,1.17,86121.33,105129.9
8312.16,20593.16,135425.97,3585.41,90.76,29.07,314715.83,198764.64
31933.01,10247.71,36864.73,1345.15,109.59,47.88,152931.55,113331.51
36690.37,16334.02,61050.67,2773.29,404.56,6.61,38687.64,126088.25
43170.89,14324.33,70074.04,3062.35,85.25,29.73,436894.5,218928.9
31122.1,13681.87,86847.04,3189.24,128.72,30.88,495414.36,239060.19
31387.19,8940.15,38299.17,2253.72,386.68,34.98,302700.84,165789.22
4953.34,4246.76,89279.72,2294.62,416.68,22.72,309812.1,159001.68
39453.41,10490.62,39076.86,2101.72,497.68,4.79,494067.37,286607.77
20123.53,14840.15,42234.06,1870.01,150.86,16.55,344038.23,193778.07
11223.62,18329.8,95445.61,2209.63,294.2,33.01,95413.55,133333.92
36664.32,12970.25,156734.56,1461.58,307.25,36.98,406256.03,232331.35
34446.82,22459.47,120630.64,3338.41,374.62,1.11,29968.32,130252.71
39605.14,14990.93,121390.45,1168.54,41.57,23.9,74285.71,112000.27
2833.22,9161.24,90514.56,1615.71,380.82,4.33,243554.72,113893.39
42942.16,16970.37,137963.34,823.33,86.56,3.39,147881.95,126429.18
17973.93,16040.79,117849.06,3115.72,52.95,42.94,442198.46,250029.05
14373.75,18760.73,50805.26,2468.66,355.41,12.21,368104.47,197023.56
2719.45,20038.79,98548.96,3037.61,397.5,11.99,89944.47,143518.34
46657.94,13784.3,75369.43,774.33,125.44,25.38,146279.97,119425.86
29862.02,8574.77,120853.54,3259.38,140.33,38.53,456593.66,250477.08
5567.69,19818.91,150335.91,3740.64,183.51,33.31,486964.29,285958.71
22607.17,10594.39,81115.7,3220.2,37.15,27.96,377105.86,206266.78
43099.75,21694.79,88780.95,1091.96,139.14,10.86,362189.32,225643.07
36158.46,15394.94,24161.32,1878.64,132.84,32.88,25875.18,103829.55
39213.62,17443.5,29706.35,614.0,479.95,19.37,436981.6,232771.73
44622.64,10785.75,114526.96,3249.19,424.52,15.34,472326.45,269291.82
45154.16,27135.98,142576.15,835.48,378.41,7.25,441332.8,205316.87
4664.3,12105.75,34723.19,1659.87,224.5,6.13,437276.22,211172.02
21624.67,21931.1,119128.62,970.9,336.03,41.29,332644.22,162222.23
23721.52,14169.17,110762.76,664.1,489.57,38.02,159923.38,127419.75
15102.64,16160.74,45807.18,2258.47,163.5,31.69,303561.06,186821.9
43342.7,18739.76,73249.09,1061.09,306.89,11.94,310895.49,157543.54
30325.38,6749.07,72514.19,1862.7,496.81,24.99,64045.8,99223.02
41801.23,11799.76,86862.88,2919.12,60.06,13.48,321463.86,222637.34
5121.65,19648.36,69476.01,623.51,494.6,18.82,132530.19,93455.19
35786.39,21816.96,54573.15,1483.5,381.79,36.18,23633.76,103319.19
6626.9,20230.8,64472.45,940.65,141.62,19.31,284519.33,124861.64
27007.71,10996.86,62757.25,3194.36,319.02,17.36,395874.46,211727.94
19348.73,18289.03,51179.65,647.38,148.8,26.03,341222.26,158340.49
6730.41,16730.91,32916.63,879.47,101.83,8.63,322742.39,136649.6
43339.65,17225.97,32510.16,1873.29,392.58,10.28,476171.07,222316.28
14401.05,11352.73,101942.61,1684.29,154.42,48.53,441437.19,174707.14
8526.49,18545.9,58666.52,1049.25,22.41,40.48,68613.77,76422.52
41408.55,20190.55,161282.41,3635.93,66.04,5.61,249810.38,224866.67
4550.29,13789.2,82421.76,905.32,184.66,36.17,180352.76,87128.55
20359.99,13844.02,111215.14,2756.93,240.45,35.3,365854.18,186734.93
3705.29,8835.23,19623.34,1450.22,15.45,17.99,278150.51,127206.74
14437.26,4072.98,137030.17,3499.59,487.54,24.58,473529.17,242830.01
36562.71,18527.16,67620.27,518.08,49.13,33.33,394303.19,195548.1
46713.74,19936.09,71912.37,1597.34,421.55,35.09,141178.88,125538.35
28060.4,12590.85,81129.52,3177.33,220.8,10.5,388581.24,213162.99
3321.25,2599.68,145616.09,996.0,227.53,29.78,287628.03,115782.08
7732.99,8670.43,123879.99,1326.04,197.69,39.67,452551.86,221258.41
8856.57,15260.88,108222.22,2629.99,203.94,40.91,416846.45,236116.04
7862.71,4303.26,26938.81,923.93,204.98,34.37,48140.93,65475.75
21203.23,10674.3,53670.35,1944.74,434.75,26.43,380486.04,175121.89
20597.61,15338.85,130243.4,2984.37,327.04,1.6,232295.45,183563.01
21030.37,5211.64,150420.81,1133.35,211.79,19.84,145811.19,129103.4
37214.66,11976.55,136163.98,3379.35,361.57,3.71,375784.24,255611.36
46097.76,21442.32,50389.54,3241.37,297.14,8.94,400432.86,290913.92
44550.98,12971.56,31137.97,2341.3,479.48,5.17,475992.39,278356.24
9616.64,14326.97,62459.77,1488.73,434.11,17.33,481337.89,197871.59
23588.06,19164.65,110841.14,936.91,107.0,44.92,28205.29,74864.17
49001.46,27500.26,132216.25,2345.46,354.55,23.95,294243.67,194873.63
49501.33,26625.6,111871.59,1027.72,184.33,33.31,306154.41,170511.35
2984.45,2703.98,11828.1,375.92,283.8,41.44,282077.26,109712.32
39721.91,20206.37,123637.93,893.91,244.75,8.63,326661.25,177809.25
20664.01,19788.7,46921.65,3023.33,87.79,44.63,386152.78,218261.92
20122.67,10632.69,153695.91,3504.67,24.59,28.48,349299.93,244115.61
13279.83,15843.35,72449.77,2254.32,406.1,32.81,486638.08,224729.62
7486.88,15658.02,121984.36,2411.72,363.54,32.44,234933.79,174802.06
3613.4,14750.25,26137.59,2088.67,112.01,14.96,304730.79,157492.72
19655.89,8746.36,58364.19,3270.17,475.16,22.51,280766.92,204968.39
30936.98,11416.68,127479.72,2147.51,479.23,4.47,439502.97,211411.99
23296.07,17571.51,153653.45,1079.29,263.67,32.91,471611.12,196958.0
23809.5,6131.66,66474.52,1616.69,74.31,18.59,25530.63,90728.51
7097.99,15051.31,105729.48,3263.35,239.81,11.52,133227.14,146478.06
13415.78,17783.54,101101.01,1839.01,491.27,47.52,491841.35,243804.98
45815.36,27941.27,55657.13,2181.42,66.98,35.95,343934.1,223690.74
45080.43,24008.02,132742.72,1057.29,307.86,36.92,246684.11,170064.53
37589.85,10364.07,121481.81,3258.14,220.29,30.63,438617.62,239287.8
12537.15,17133.05,153067.48,975.79,253.98,40.44,265114.71,140231.18
19930.73,19751.87,38264.31,1687.44,389.7,13.32,328780.17,198923.8
42813.89,26844.27,127666.3,1393.06,392.19,0.54,421283.94,208408.36
40540.27,19760.15,81231.93,3000.88,465.12,41.09,276601.15,219896.64
2811.57,9266.62,155953.66,1268.27,167.76,19.53,296790.11,114629.37
31265.35,8764.28,52275.99,3154.25,257.74,25.14,58495.12,109119.47
46241.83,11856.87,133570.81,978.43,306.27,21.42,84003.55,125126.75
40485.03,17389.04,83402.0,1164.17,436.56,48.03,407320.65,165131.5
27864.93,22541.54,83319.21,1948.06,495.68,19.4,105099.77,107963.87
44610.72,28768.64,163144.67,2477.83,345.12,28.83,319244.67,175116.16
2249.58,13963.12,41525.26,1096.75,295.14,31.92,318475.28,138308.01
5094.54,3029.23,15806.72,844.74,421.74,26.4,189843.52,98285.21
22094.61,19492.58,158785.33,2152.46,253.1,27.69,274664.7,177897.33
2660.01,10812.05,120385.58,2022.07,271.43,24.33,400879.75,183764.26
33969.82,23972.54,130658.17,2958.16,107.41,42.74,412346.67,213998.62
41494.12,22315.78,45583.36,730.36,254.85,35.72,339336.02,139618.54
42974.1,27159.46,89955.2,2087.74,194.25,13.98,21269.56,143382.11
25098.82,23780.56,71168.97,3349.5,281.07,32.95,32179.04,129665.36
21980.32,21429.71,122911.29,1032.16,92.27,47.5,278475.93,153662.19
39821.27,13432.3,130562.71,2967.09,268.73,3.35,271354.53,233404.18
10578.84,18576.5,27752.1,770.4,170.0,27.4,285781.92,152438.64
20431.08,23920.2,71300.86,1038.04,279.21,15.87,125091.07,124794.35
15456.97,9718.17,26179.45,378.03,163.54,36.21,128789.27,92651.8
18845.54,18272.12,52897.82,2088.82,228.33,22.68,207559.95,115277.76
8522.75,7723.68,120061.0,2110.27,123.91,39.26,29037.39,74518.71
12577.11,18563.19,146990.44,3600.33,224.32,42.98,88452.41,150518.44
28868.32,16991.52,74865.16,2848.18,488.05,40.6,328950.13,190534.16
45463.34,23833.33,149203.97,1033.21,383.12,45.21,254898.24,183018.84
49719.66,18331.8,68874.38,1243.05,446.18,12.06,323998.09,230278.94
40232.92,9237.94,76404.89,2375.9,50.47,39.48,368182.45,176729.2
37557.33,27063.09,158359.5,3628.94,312.5,35.61,318952.38,235825.58
4308.84,3909.84,29316.42,1898.19,314.62,23.58,306346.14,123436.18
26442.08,19637.15,161036.97,2920.56,216.88,35.17,68610.07,142171.39
3468.61,11360.64,113990.54,2570.5,252.58,36.71,420336.29,180760.14
30593.29,12386.07,65713.47,2206.72,311.45,20.35,469454.17,225682.46
45885.29,14380.13,145101.46,3644.09,137.12,21.27,106845.64,196994.76
7076.97,10932.86,98296.79,3453.7,259.51,30.35,195298.14,166505.66
5063.87,5568.23,36348.14,2049.44,42.5,0.79,95767.67,89999.4
39407.38,24747.9,104593.23,3453.53,66.18,1.58,368968.18,219578.1
1360.06,19292.04,85775.79,1856.82,112.36,7.43,456573.62,223771.97
13632.61,15062.47,71373.42,550.93,367.7,15.92,385123.58,179511.61
8644.41,21048.66,28985.37,1184.01,130.94,7.81,484771.39,198681.01
32931.8,12860.08,145520.71,1306.52,494.13,22.49,473546.12,241618.29
47117.51,14851.04,75297.08,2851.19,304.76,8.3,398677.21,283276.97
42816.75,17891.99,64449.08,926.57,179.47,6.93,90089.12,117684.2
24384.41,13569.31,122008.34,3082.0,407.38,15.01,479570.31,251209.87
49244.67,20872.03,89862.1,3200.23,260.31,19.71,446093.69,298924.22
6885.42,8063.43,147080.11,3518.87,388.24,8.6,455720.31,249826.86
1060.42,18202.47,138251.56,2559.12,82.41,22.67,82849.58,105936.0
42828.08,24210.54,114439.99,2426.64,359.35,40.82,219497.03,178943.22
20253.44,14274.71,33807.23,3051.38,123.5,9.75,389774.05,241376.12
29166.22,18667.16,80343.06,1991.48,202.12,31.16,30868.95,103536.13
22987.75,21473.41,81358.96,1305.83,459.15,22.65,300014.38,153414.36
22912.75,23972.09,30809.49,3090.43,426.45,18.98,127767.1,155045.38
33702.45,26438.72,158389.99,1579.5,317.03,36.2,139841.72,112577.45
28057.06,12309.29,60552.69,2702.48,423.39,9.76,258866.39,169250.63
16699.46,7296.6,22228.05,2765.0,297.12,46.45,102551.07,115047.22
43000.77,18982.73,53466.6,3129.5,395.73,14.05,196985.41,188026.75
36825.83,9691.2,138185.21,1983.41,445.21,27.56,23441.17,114191.34
2981.16,7365.35,68647.88,733.51,490.89,42.05,306989.4,141621.67
49675.06,27229.14,105524.15,2799.04,414.71,24.06,304413.45,256484.99
27899.93,25060.39,61025.26,3163.32,343.21,5.19,171582.83,161660.49
14980.29,3960.25,25469.89,1981.58,265.54,14.58,110901.68,106878.11
42544.01,23782.28,55787.05,620.28,372.2,36.84,22514.62,81014.65
25063.01,10130.18,123870.87,1110.44,395.67,19.3,163323.64,100639.69
26268.68,6045.76,77993.48,2556.31,39.88,40.42,56212.26,123062.35
29372.3,15327.37,112228.67,3290.96,398.61,33.28,235248.0,175945.75
6051.87,8240.21,134557.03,2035.36,31.52,38.43,497769.2,225394.86
12186.54,5109.28,117500.48,1575.23,22.03,9.11,252368.92,119751.51
42705.42,11559.79,58328.28,1299.16,441.37,0.82,291802.72,196834.51
37349.22,27359.55,129188.89,2411.16,416.74,3.19,422892.25,277316.29
1367.84,11554.38,138811.79,2806.72,61.54,0.47,495665.47,249939.96
13925.52,12035.56,144297.85,1091.42,486.99,39.87,74978.24,82771.69
11562.96,16650.33,76499.99,2992.08,72.57,34.33,20803.67,98782.17
2450.76,4553.34,42196.87,802.1,21.26,19.75,179615.19,100601.56
12805.43,3753.92,93443.79,1456.7,473.61,15.3,132235.68,99907.08
21340.91,19384.73,60485.51,753.24,441.34,12.82,172475.96,92191.6
35842.4,13610.36,19145.12,1387.2,153.47,24.36,365931.75,211172.82
49357.72,11303.24,157728.17,2568.57,309.58,20.75,433899.29,263643.15
10259.06,15422.81,104094.5,703.39,424.47,1.54,51719.04,67652.11
46310.38,17976.91,43288.71,2162.05,176.37,7.92,397364.81,254720.84
49881.42,17529.14,61483.97,2243.7,497.01,2.84,384823.23,227546.03
46553.66,17194.16,95420.51,2939.55,397.87,6.62,237493.52,222380.25
29827.01,13297.56,131021.27,2456.24,50.3,7.26,150314.25,148246.26
30708.67,15982.59,143303.0,3662.01,52.1,9.35,169486.22,182240.86
43585.5,28418.63,30120.4,1563.03,89.87,26.52,485658.56,259065.67
17215.12,10980.38,93771.84,3278.9,230.18,4.97,362707.19,225069.6
10031.19,4134.51,22256.9,2732.44,42.43,44.78,186732.35,106126.41
9957.63,16436.44,112797.13,1087.41,186.74,9.04,290820.3,127767.54
45586.92,16454.08,103406.66,1679.62,228.3,3.7,91569.43,137105.01
14598.04,15140.09,97231.97,2950.82,87.13,13.87,369600.97,223049.62
6992.19,2252.02,47197.32,2124.55,12.03,30.41,91774.81,86338.95
11124.86,8187.03,123421.85,889.62,21.42,10.79,128911.52,100543.95
7847.87,21184.34,124236.58,3562.98,317.91,32.63,433870.57,232263.55
30632.69,8177.39,65533.8,823.76,77.94,25.11,433936.18,219243.32
25646.77,21853.01,45263.69,2453.83,16.42,4.79,396162.54,265590.27
19573.58,15226.49,115026.78,2711.3,78.75,14.07,204857.99,147904.8
22753.2,5301.14,135662.85,2096.25,427.7,1.53,53461.95,128276.62
47812.12,12018.85,96382.83,2532.09,15.7,37.91,401464.59,200448.89
40288.29,9652.02,49357.61,803.18,449.76,32.03,449257.15,205700.76
25331.68,19254.61,126066.75,3125.05,408.91,18.53,302861.55,230132.35
29639.08,11297.66,97620.46,1284.45,234.0,11.83,208350.95,116029.91
8935.14,8769.7,123962.04,973.77,236.06,20.68,28137.44,49887.37
12009.78,14597.66,65198.55,1607.68,70.89,44.03,33809.9,79842.3
36559.35,11453.02,18384.96,2886.62,429.35,21.23,88093.59,119563.66
25792.26,8314.11,49592.91,1930.51,490.12,12.31,66685.62,125254.97
13533.25,10817.77,65868.66,731.89,356.48,35.53,375956.28,159402.07
29526.19,18932.34,33027.29,743.36,204.07,4.51,282606.97,159208.95
4506.66,20322.89,67305.86,1150.55,257.37,41.66,486972.4,192318.96
27279.67,16627.25,83614.99,2536.98,285.96,15.94,401559.59,235824.86
3320.82,3493.11,37630.29,2432.49,389.15,29.52,309501.14,159171.11
26960.23,23281.02,63398.87,2559.33,47.8,3.35,426369.9,196206.41
26419.76,10799.3,61808.57,809.71,111.0,24.91,372480.37,159223.92
31095.74,21902.0,114018.03,3111.95,110.74,11.54,181026.64,168555.0
2979.56,18205.37,56060.88,1399.55,135.0,43.21,358779.94,175333.5
22552.81,6601.95,124673.82,2824.19,237.42,15.05,239378.89,175793.3
20464.43,20459.61,163167.15,2562.97,37.7,21.42,206678.3,141621.04
10422.73,10688.63,102115.68,2279.72,234.62,17.67,396539.34,204123.95
43497.85,21856.96,96848.12,2798.42,209.91,34.29,402901.98,262099.97
36423.77,24939.63,38763.98,856.96,457.38,46.35,295407.03,154801.74
28159.99,16968.39,42725.16,1560.73,81.09,6.29,358752.0,190070.05
25901.45,6566.19,13793.2,2440.09,80.32,25.13,97979.57,94489.26
1452.71,986.96,111588.02,2534.27,366.16,35.74,250494.96,128345.67
10284.1,6421.16,146710.94,858.85,236.37,34.43,499533.94,188228.79
27660.81,6177.71,151706.21,2911.21,153.32,6.19,132498.2,162991.76
4253.52,11818.86,75317.18,1278.18,428.08,40.65,167366.73,104621.27
4800.03,9337.94,30976.27,2058.53,89.43,35.03,24727.55,72222.14
8356.35,14961.36,161129.49,3456.69,310.8,6.64,205501.99,181314.7
36185.05,18340.5,79357.38,3092.84,212.12,7.87,113227.86,175684.75
17512.34,23200.44,78266.68,3054.07,144.25,7.92,313240.68,229554.21
20183.11,14377.59,155902.29,2222.45,369.09,22.62,143497.95,124278.66
5657.41,5605.21,129612.69,1560.36,43.8,41.16,183555.81,102625.28
38923.03,12822.87,124114.83,1270.08,72.52,7.46,288542.27,195847.36
19684.07,12700.71,98560.27,649.24,343.95,44.99,421476.73,201118.87
49517.14,23566.29,98788.15,759.2,273.95,20.88,401631.21,211986.53
8750.23,8477.68,112789.8,2250.81,287.69,33.07,174986.81,146837.59
41204.79,26051.32,91355.29,2325.47,413.48,14.15,123476.21,165584.45
17278.43,20521.96,151131.91,3190.47,56.13,42.03,441934.88,267920.01
4103.1,17170.26,26072.54,2630.74,392.63,4.33,129185.78,139005.68
15696.32,10747.93,36401.09,1627.83,365.53,30.07,217989.8,127058.84
31326.9,13018.65,107939.14,3281.3,224.99,26.56,178567.08,176741.36
34594.02,20057.08,138089.61,990.32,216.47,34.82,39951.98,82711.54
11210.59,11142.66,100878.61,3311.66,409.39,33.89,81118.08,117646.99
34294.78,14760.2,97798.32,707.16,115.93,29.42,354956.19,171460.43
13089.53,20519.26,50410.12,2042.67,409.46,31.59,278985.04,165541.63
49464.82,23519.69,56768.28,1616.75,211.55,43.01,203392.85,153764.87
18845.41,4858.36,25035.71,2955.35,117.89,5.83,221816.14,176295.31
33146.33,10142.31,146510.13,2526.87,465.03,3.87,374700.24,248858.6
33339.33,13979.64,131430.84,1533.24,252.96,7.74,171038.37,138582.13
23720.11,23627.93,157698.44,1877.99,350.8,15.07,145199.65,139062.37
4520.67,12291.55,56265.67,1983.11,104.97,12.7,200131.25,143900.63
40844.81,25813.87,132625.55,3661.61,137.65,45.07,113064.99,175785.38
25909.28,7566.05,48056.55,862.82,35.73,39.57,73725.5,74907.64
24846.26,17588.12,20210.88,1826.55,142.51,19.62,239823.3,155016.08
40161.46,24361.89,28872.09,1637.0,489.61,37.87,454063.77,239097.96
27236.3,6749.75,94560.5,794.02,229.24,3.07,56620.56,64475.64
10795.5,7056.81,10830.14,2614.15,153.45,15.99,295822.48,142286.18
39591.9,10449.17,102487.92,2365.16,390.44,32.28,55977.71,101733.71
49986.03,28342.25,94013.08,984.97,31.25,43.15,340753.25,174202.76
39560.12,25498.45,107561.95,854.5,127.23,39.95,366228.26,208078.0
3404.63,13704.96,112680.8,1668.95,152.24,24.58,49287.91,79040.78
47089.94,10999.86,15555.74,433.58,139.51,32.28,167405.77,99869.12
26022.37,24733.57,55034.47,2859.51,405.95,40.72,332072.37,231923.3
22295.91,8495.74,40559.94,1627.55,334.25,42.29,375573.81,209346.86
35738.28,12346.04,40525.48,2038.57,249.93,42.71,422352.48,242371.87
44863.04,24518.96,34450.15,1259.65,268.03,32.75,365639.29,164451.48
14911.51,10398.09,126713.24,1432.1,295.98,40.38,47159.06,88332.14
41166.61,18615.22,142872.84,1091.7,479.48,5.68,286073.44,172018.02
31981.86,8085.06,119080.7,990.48,372.65,31.87,361007.48,177384.28
7266.24,14808.9,51085.75,372.1,483.29,25.15,20265.2,53533.56
17634.41,22873.17,65585.52,1434.28,301.79,46.1,392248.01,198540.61
48754.93,24627.64,137965.21,3562.04,410.23,11.15,53100.08,149980.92
19388.63,10331.97,123165.96,1111.44,368.5,49.87,419647.24,209833.91
37267.16,21813.44,56176.82,1261.24,114.5,16.61,76759.26,115648.15
30014.51,11588.71,65932.93,2011.33,145.22,39.67,200739.42,149391.43
4579.02,4113.15,119806.23,1817.0,296.89,20.04,176487.97,135752.18
35312.99,13729.14,106429.9,923.02,479.57,32.61,55874.5,119863.83
11875.75,21734.7,76576.44,2467.91,397.02,44.77,303555.68,173846.93
5427.58,4850.02,147832.89,3653.29,349.29,44.81,429218.69,229793.38
26196.92,12280.58,94445.01,1287.81,477.8,1.95,275527.07,147841.16
6978.73,17639.83,110938.46,3126.01,382.97,36.67,474549.27,232423.13
43943.34,25992.24,89921.16,1555.0,50.43,21.38,184005.8,130022.01
17754.42,8144.6,43866.97,846.39,461.63,49.51,212296.46,96451.46
19027.31,11309.56,115734.36,2658.51,407.93,19.48,467313.72,275562.64
24135.08,10501.66,27022.22,2698.9,183.55,41.97,260918.25,186965.43
46549.07,23738.65,86541.96,1640.92,274.91,30.1,248094.56,155779.54
34467.73,21675.26,33992.28,3062.4,110.15,2.53,469909.4,276991.89
25384.74,16661.48,30176.73,2999.35,127.12,18.37,425069.7,248978.34
28586.13,16954.93,40047.79,2278.51,148.05,8.57,475102.3,213924.06
26522.0,17845.63,107709.88,1791.74,301.98,49.66,150987.06,141053.79
49549.68,12954.05,62838.64,3153.8,216.94,36.97,63379.56,132599.41
47429.24,12943.72,18316.13,2516.29,377.43,26.02,446359.37,235793.7
22293.59,7992.83,38586.15,1939.81,152.28,42.1,100787.09,89074.99
7216.08,14795.61,82513.8,1603.83,171.01,19.81,497357.72,233320.59
36347.07,12808.38,32114.26,3061.92,265.72,44.69,338517.1,189316.67
34689.16,17739.54,85504.45,1390.28,442.07,36.67,403784.81,221291.0
5570.27,13331.43,94238.78,922.17,365.65,31.59,439747.68,183706.43
40266.1,26856.04,169124.57,2207.19,296.72,38.46,253734.51,179075.94
28819.53,8840.69,117374.14,2500.39,120.12,25.54,411826.45,211134.14
46517.57,24953.49,125863.43,2719.5,360.27,31.49,333666.22,243940.32
43021.04,9343.21,138498.36,1437.14,359.71,6.82,193985.71,131445.4
12581.66,12666.8,61713.93,1262.81,29.24,9.86,278061.6,162909.53
42955.22,17709.6,21479.33,2298.83,304.91,42.58,124244.79,154405.84
40881.87,18976.88,35184.28,531.79,341.14,33.0,207222.94,144735.72
11622.91,5236.77,66704.91,707.47,408.7,32.73,143997.13,84767.31
4519.28,16963.57,80444.05,2868.58,421.98,27.75,180784.0,135890.78
35271.76,15372.42,100129.97,1190.84,148.82,1.7,491739.89,253091.88
26232.05,15359.17,51711.06,2659.38,480.41,6.18,198228.22,141022.35
44483.72,11116.02,114727.76,2563.19,134.0,11.61,352229.16,243475.26
20366.5,4817.74,128081.4,759.85,461.61,11.5,352932.01,154533.15
2957.15,15349.79,71211.1,1957.02,394.27,5.89,97234.17,89192.01
30133.81,23014.4,38539.41,1217.67,70.84,20.79,498824.01,238491.42
17898.42,11268.46,135904.69,2183.41,300.47,35.02,269623.84,160946.07
43842.38,14603.8,83749.38,2582.11,28.21,18.1,494889.94,218604.57
25201.58,7646.18,46468.89,2755.89,104.92,17.82,31289.4,91306.46
9743.65,21848.53,88112.91,1553.92,195.15,5.55,369073.62,190224.59
4041.09,10190.01,129561.54,2664.02,187.22,12.1,429519.67,223418.39
45854.45,25980.78,133468.17,2089.72,179.5,12.37,286447.56,209613.37
41553.93,20527.35,59910.54,491.09,360.18,10.34,276895.5,165925.36
46244.0,23446.57,126683.1,3078.63,373.28,48.51,480482.78,324201.83
12155.4,12232.51,143690.89,2698.49,363.23,38.55,446178.43,221139.26
16494.49,10105.57,76699.59,1683.8,471.78,13.78,495584.87,242359.65
19129.23,18503.33,28103.65,2632.37,464.13,9.51,388674.25,240911.33
13197.11,10144.11,110351.48,1303.74,41.17,16.27,182824.8,120362.53
20706.29,5546.41,120426.94,2392.33,218.93,0.39,367855.38,208161.03
30525.28,8848.39,138433.35,2395.31,432.59,47.18,333877.37,214875.96
35556.76,11009.24,37457.59,1357.24,442.24,38.69,491665.11,243543.78
48001.25,13908.16,142752.47,1689.16,168.49,42.42,380770.39,206213.47
45438.22,19942.25,82048.83,830.48,111.15,22.59,382041.29,170174.92
22067.9,7031.1,23941.01,294.54,240.62,25.17,254754.67,143095.06
27466.96,6472.34,112682.14,3101.36,179.04,7.38,52915.63,92984.54
26647.77,17300.64,71170.3,751.27,18.48,38.45,135114.99,69001.52
23593.87,21934.96,150732.4,2924.94,379.68,39.53,246970.31,184379.59
17159.48,15420.48,111437.76,3356.62,143.36,15.58,216625.45,170585.94
15176.69,15552.45,115768.2,1184.14,272.54,43.87,344061.17,173204.91
28688.82,17529.12,25436.85,2070.67,393.79,23.65,465085.58,198017.88
22619.91,22412.17,160011.94,2020.86,59.81,37.17,362231.37,182188.11
26483.52,20266.67,110705.15,2293.96,215.81,45.92,277514.5,156358.78
20231.75,7603.44,69623.96,2491.96,455.66,18.3,324468.38,200181.86
28700.51,21050.13,28612.31,1135.24,437.62,12.76,177388.86,130107.29
34953.4,8554.28,39197.32,1643.99,77.73,38.85,159429.4,119673.76
13106.31,12096.51,28854.33,656.2,95.55,21.3,393730.86,153910.71
39348.58,14183.1,73127.06,1965.64,431.16,24.2,410285.56,200492.74
39730.25,27927.71,151001.87,3739.84,143.44,39.31,298921.31,252587.48
17727.97,4878.71,26009.64,2328.41,377.22,25.11,268475.18,153328.02
18420.43,15840.7,27072.58,723.0,287.72,49.61,188156.59,109402.5
31849.69,22246.16,67491.76,476.36,197.18,37.63,285055.45,169008.11
42677.54,19000.0,136355.14,2185.86,461.77,16.02,439269.3,255512.48
42741.52,18583.1,118052.6,3424.07,101.93,17.09,133916.75,160532.71
45886.86,10946.78,113858.42,2497.24,209.1,30.89,37831.73,116128.8
7356.68,9288.39,42196.16,766.6,252.7,21.37,139834.95,79799.6
41773.88,10724.43,117563.95,1265.85,458.18,6.28,101681.37,135587.88
49465.51,15777.63,151251.72,2661.89,342.31,10.18,114081.88,143360.09
15165.1,12502.02,39009.56,832.68,308.86,41.11,218872.88,110452.75
5412.35,9647.73,130058.2,3153.48,283.6,39.39,46080.48,109330.94
8566.73,6320.13,43425.53,1721.45,149.82,49.04,272441.85,103252.32
16380.78,7209.0,19688.6,1853.77,84.27,43.76,402296.34,172378.12
2759.05,18055.61,47352.55,1291.77,310.75,12.48,450578.74,172189.01
25655.75,16159.57,93578.04,1988.23,329.33,46.92,452725.27,212529.16
38286.7,10612.79,83976.55,3301.29,45.84,46.77,147916.05,157028.58
17792.97,6407.99,151504.1,2383.92,443.51,23.7,287967.63,163083.33
6066.75,19588.9,38624.89,801.16,29.96,26.07,250142.59,102748.31
23624.63,22174.48,113731.72,1590.54,323.99,29.04,437412.26,235458.04
41940.14,22139.13,166619.88,2636.31,260.57,2.25,63956.37,160065.69
31706.1,20935.27,129303.69,3360.34,247.42,25.97,484303.61,309120.73
47790.02,21534.02,57305.66,2214.32,129.6,15.41,201760.2,180116.88
49433.92,18429.17,20124.58,606.29,240.19,27.76,207640.46,149666.3
27313.0,21323.63,114138.67,1854.42,339.27,19.73,323376.62,171491.69
9006.19,11506.34,29747.11,2924.81,46.57,41.12,91583.01,115365.9
32338.6,12711.43,33006.32,2687.92,129.78,35.11,401569.92,214436.69
32323.27,24193.52,84856.27,3376.94,485.65,13.56,442533.8,302350.78
36199.18,20373.67,144998.96,1314.96,427.71,28.87,46285.42,101382.11
25357.44,21357.32,132665.9,3006.89,205.84,45.66,262101.58,173634.22
2300.09,14736.57,18827.04,1913.1,250.15,11.6,180203.0,110003.6
18164.59,15247.63,57531.1,3059.63,23.57,7.48,204607.57,156996.61
19043.39,11861.16,101033.58,1970.42,355.03,21.91,395221.6,200310.52
17646.14,16673.15,30372.23,1134.42,306.43,30.91,124758.3,88968.95
30913.77,24965.22,59316.6,1947.69,489.09,15.7,288117.56,220099.84
13749.05,3861.95,125818.66,2571.38,353.48,23.91,69718.41,103134.04
7421.83,9299.08,112999.66,1928.75,493.87,30.18,258450.44,164316.37
4671.16,15150.65,103898.65,2340.31,118.53,44.72,320643.44,168319.72
12979.32,13705.99,101710.14,3119.1,429.97,2.49,178053.36,148332.97
7599.91,13055.32,35335.12,3038.9,482.58,29.57,235496.54,160759.35
15323.27,7215.65,59958.97,1933.86,438.71,2.29,452564.99,237689.45
5562.36,11512.38,142207.63,1331.8,268.16,20.84,59472.05,77319.48
20287.89,19308.72,39927.18,2857.41,71.81,36.97,269953.55,168784.49
28722.82,20789.33,113905.09,3268.99,292.12,28.24,201140.17,179976.64
32706.52,24136.12,156412.18,3362.32,54.0,1.09,97950.82,160603.32
3914.85,9741.08,121119.48,3345.45,167.93,42.18,427625.67,193951.81
38684.03,24892.26,69444.62,2186.67,497.93,18.29,324675.51,221602.92
36582.83,23081.86,72595.3,1997.5,281.39,25.78,453158.78,215755.33
36701.09,10808.92,140127.91,2089.32,360.99,39.02,328785.48,215718.98
32946.15,21927.38,98178.16,861.53,179.07,44.51,152716.28,119368.69
25084.15,15453.4,41142.68,1774.86,171.96,14.38,90736.97,118760.47
34834.28,15096.8,71512.12,996.56,379.4,35.28,171556.55,106638.86
23517.81,11114.33,126636.1,2205.9,270.0,49.15,304845.37,164242.27
27561.87,21771.98,158124.34,3114.91,362.66,45.17,127044.02,155714.33
44793.41,23458.37,91379.0,895.33,323.79,18.28,187250.08,148423.08
24972.22,7833.58,26300.06,405.06,156.0,0.95,156260.84,101425.02
9893.42,8380.62,134110.97,1129.48,272.66,46.93,281067.84,125656.83
40797.34,15833.96,124848.51,2466.9,18.85,21.99,408629.34,239962.81
28570.73,16578.38,68825.48,2482.89,173.81,39.24,415889.37,244488.1
40782.19,10709.5,143047.35,2874.33,316.75,3.85,175656.05,191257.45
28166.41,18240.12,107011.34,788.43,154.18,12.94,207691.89,135859.73
27545.19,14186.85,106268.45,1505.1,167.52,38.08,499893.34,259906.78
11674.03,10835.25,123211.49,3408.97,64.09,3.25,49329.43,103034.62
5713.36,15061.12,43764.1,3126.5,186.7,22.83,149880.24,138021.86
38503.45,10261.31,96433.51,1490.14,302.8,9.47,323832.72,192750.85
3006.4,2441.68,119710.23,1582.56,252.6,11.9,108202.98,71898.75
39980.73,20722.55,141671.87,2709.89,74.78,7.23,259393.59,188780.16
2331.92,2148.38,150719.9,3425.5,10.84,0.0,143205.31,138905.47
46857.83,12536.28,63880.79,2867.97,161.88,44.29,307034.55,183240.94
47530.55,11745.42,58403.35,1618.5,137.22,11.63,465880.03,257086.2
32436.5,15129.34,91509.0,859.46,72.46,48.78,382415.51,143695.83
43772.69,27971.91,107895.9,755.43,51.99,39.45,96448.71,95344.64
20700.34,11989.95,101512.7,2887.49,145.64,26.53,46762.52,109074.5
12500.47,21582.55,89217.56,2096.27,176.52,7.62,456341.1,235806.97
43754.06,22096.29,120506.4,2173.51,101.07,22.27,280801.08,199226.15
32915.41,26323.97,66191.94,2231.48,23.04,20.69,399808.7,201313.44
16535.04,23003.24,86076.49,3155.73,454.25,9.32,251772.41,178888.62
27965.85,11713.23,124037.51,1198.25,297.83,38.8,122565.36,85628.78
33778.44,23803.69,150981.61,2213.82,152.83,36.19,83719.23,150222.83
32888.93,17384.99,162598.93,3687.44,23.38,14.65,466151.91,214158.81
17379.4,6657.42,41782.45,2900.68,424.31,13.4,77536.61,117779.99
25734.78,8146.12,109754.52,1543.46,23.28,9.2,370422.45,158785.71
9728.57,10723.42,40910.59,1577.86,80.07,48.09,132865.54,99838.78
20450.78,6452.49,86994.24,1433.87,133.45,10.71,220427.83,127990.98
41608.14,14270.37,37751.91,2151.97,250.8,22.8,59688.6,98312.54
5596.58,4871.86,84350.53,1499.19,349.43,22.99,265494.72,116536.58
42968.3,12411.82,106260.1,1924.76,242.93,4.67,151429.87,168650.11
22521.4,13742.59,110368.1,1933.42,132.5,13.94,216263.16,155498.23
18574.97,19225.2,33680.54,3122.67,286.66,42.65,386815.7,196347.87
36825.66,8463.14,122315.44,3268.13,395.99,35.62,255764.37,189565.66
13505.24,17203.99,140190.95,3349.26,351.35,32.1,270481.84,171323.72
31553.77,19758.63,80170.01,1774.02,368.42,16.01,332846.36,165121.25
10579.3,6546.85,56658.88,706.16,269.96,4.08,48488.46,63159.98
4490.98,11511.53,66738.78,2417.94,19.49,41.56,273231.05,166654.82
10720.77,9916.47,83944.34,3046.64,410.93,48.82,448246.8,254102.39
2036.25,10470.02,45746.42,627.37,174.96,30.8,313761.82,121910.92
40300.93,14481.53,104638.17,1565.66,474.64,31.2,345891.85,221909.59
6581.46,13813.94,78045.99,2230.97,192.33,31.64,87964.57,110828.07
21991.24,12484.67,27658.95,316.25,276.43,41.88,395018.17,150891.21
16702.29,13791.06,100652.91,3258.83,257.52,10.97,221047.49,190674.1
39170.82,19137.54,55834.83,735.46,471.96,31.98,481568.52,217803.49
32184.01,8175.7,102301.25,1973.15,432.31,49.2,134780.82,130552.82
27323.73,15103.27,54192.01,674.33,305.27,34.12,116226.52,106073.72
6258.31,21091.18,27511.7,859.03,460.21,12.46,36574.0,79292.49
22801.95,12507.81,102654.97,888.19,173.82,21.25,53721.96,96351.88
28276.31,21397.95,134483.38,2941.63,52.66,42.02,288185.0,196587.66
3862.3,9044.09,107295.48,1874.29,128.1,11.48,406446.61,169900.37
31042.36,17069.77,42887.78,2592.15,165.87,35.83,153047.08,126325.31
3146.38,7410.34,34408.23,1624.13,87.61,38.8,322074.67,181322.8
14866.0,17014.72,92337.19,2094.1,10.69,37.37,103847.03,119298.49
38895.59,8898.9,40168.01,379.48,419.61,44.14,94652.24,86391.65
49187.44,20333.45,124433.5,3266.24,279.24,26.34,59333.13,145235.99
14266.31,17419.38,68546.71,2147.94,319.45,30.89,350914.98,193593.3
8481.82,2221.52,117512.03,2538.96,241.81,33.34,84644.21,119428.29
6962.82,17252.59,33740.51,874.54,275.22,11.97,403767.29,161284.82
25678.01,17843.56,108675.13,3532.37,489.5,43.79,141019.3,175704.55
1177.2,8491.79,68597.83,2865.52,246.37,44.7,198654.21,114819.72
1598.56,1080.47,140874.85,3646.41,54.19,0.71,376585.1,188185.45
28096.66,10392.11,112174.82,1455.64,313.58,48.54,125754.9,101873.7
45383.8,16810.01,54906.97,1945.23,364.08,4.02,126932.76,141753.4
9583.85,21906.81,137344.96,2269.97,330.06,13.67,287541.77,159443.34
34575.52,9198.77,142406.75,944.17,147.82,29.03,103138.81,93910.78
34830.0,16270.58,150512.87,3324.68,277.79,1.81,446757.43,282143.93
32773.96,24777.84,45863.67,3201.0,387.72,5.07,163573.45,181062.8
27871.49,7240.42,144052.51,1922.7,48.13,35.71,271443.49,177816.83
9345.64,13032.06,80424.45,2150.24,67.7,35.63,265104.72,158461.45
8722.97,14923.73,122197.39,2853.71,340.83,4.18,97145.63,101334.21
4886.53,8628.2,64276.18,2428.39,406.89,9.46,428040.88,194441.61
12639.25,10417.07,74547.52,1883.05,135.45,42.97,190099.58,122311.8
31744.86,19376.49,74368.54,2446.65,293.16,7.88,99534.47,139752.58
5919.39,17986.39,152613.37,1305.8,138.21,17.46,77388.29,76413.0
9575.24,8140.41,147278.68,2984.95,14.36,29.29,309630.8,191409.22
13195.11,10885.8,66923.12,1863.14,86.34,8.39,190070.65,142233.02
38749.37,13537.04,108162.01,2849.62,207.19,34.83,264444.12,216452.63
49719.19,25337.99,137251.3,1864.27,17.47,27.83,147783.85,160942.15
14711.47,18895.51,141669.49,1088.44,137.68,33.99,277442.41,108750.02
3384.71,20404.92,136118.07,880.68,141.46,39.09,27158.63,76824.97
34270.3,26491.27,153455.56,3530.65,195.59,43.01,447867.24,287345.89
13682.95,11563.39,26731.93,281.89,86.37,24.42,120210.9,78809.62
16237.11,19553.35,94487.13,1401.12,497.09,10.37,116959.74,116207.41
35296.2,11122.93,142642.19,1010.42,68.26,16.7,86087.61,106085.68
34089.98,12438.16,155454.33,2966.44,95.78,25.84,236257.92,157289.81
25189.93,6085.35,36773.01,2725.41,148.58,7.45,235762.28,187031.62
33421.4,24074.6,37137.41,1630.57,416.64,40.39,177633.71,151710.07
41783.65,9300.19,137502.1,3138.55,173.67,9.28,179650.22,173623.15
25854.47,13313.22,154696.75,3331.56,420.34,43.31,119150.46,124572.86
49552.43,14268.67,45995.18,2957.22,116.4,6.51,104359.33,124957.33
15201.87,7246.17,60149.96,1665.38,358.11,2.12,100567.01,119489.5
43879.89,17934.33,136149.26,1083.1,20.81,46.35,84055.56,92473.98
3406.76,18943.62,59858.68,3019.8,319.19,33.81,475140.67,217761.33
44045.14,13871.87,86173.57,3249.35,21.32,45.29,400027.98,258619.61
26446.38,9736.46,73409.36,762.5,494.02,45.6,278852.89,131517.42
24575.03,8761.94,47076.94,812.34,176.08,0.59,145462.62,91838.44
18853.72,12319.46,135922.35,2409.43,143.6,45.43,342848.98,167278.18
29652.88,6934.01,40093.94,2208.56,165.31,45.92,175677.46,119380.27
30079.36,10029.66,29896.24,1301.97,27.7,3.4,56084.02,90763.47
6591.1,13478.25,151224.89,2364.99,137.85,49.33,342278.0,174931.58
48591.8,28938.81,102139.59,1276.42,45.85,26.05,147192.2,130676.01
49018.95,16375.84,31924.93,1595.4,295.05,25.79,414665.04,188462.23
33483.3,20701.45,131485.03,3386.81,410.62,10.35,250022.46,228657.87
44511.45,21903.05,163229.3,3491.95,451.76,49.37,165591.46,232006.01
46382.93,16932.49,86541.59,1720.82,415.03,36.41,324634.81,161762.75
20603.26,10525.05,63382.44,3024.16,451.15,0.12,466476.48,284443.03
19584.03,19654.56,84854.52,804.71,328.2,0.86,324815.66,169958.52
15050.45,13195.59,53198.28,768.98,327.75,30.73,42283.55,67334.94
5633.21,4111.54,32727.0,937.31,118.04,3.98,350698.08,140694.78
6418.83,4641.28,93498.6,2559.84,126.78,36.55,362703.01,175763.59
22964.37,9325.28,35332.01,998.61,68.22,49.44,416608.52,183075.22
27699.69,14589.08,133010.6,2627.71,63.51,29.53,153618.25,168442.98
47185.85,13773.95,83986.28,2691.83,50.62,32.05,492145.03,230058.96
36622.74,16701.54,64454.21,2246.29,170.74,2.07,276125.3,181065.42
24330.56,14247.65,61348.08,2282.08,318.44,3.33,320451.72,211922.15
28822.76,13326.94,18879.53,2879.69,197.4,14.8,490558.86,212644.4
35551.17,22025.32,105594.6,1580.83,442.44,42.66,199864.74,172777.73
3213.48,3840.93,66505.89,2869.79,56.95,36.87,448290.08,195533.32
28682.58,19062.76,101475.51,3200.56,179.76,39.03,333928.86,229465.18
11543.74,20513.44,30365.24,651.93,72.52,10.11,443604.2,203495.64
8718.36,7681.84,77840.43,861.31,376.42,26.87,225149.0,110958.02
44879.72,17705.32,74906.32,3010.41,273.2,40.14,232208.9,166344.37
14267.18,22083.78,101660.16,3237.19,110.11,27.22,457515.69,235147.19
33124.11,19443.81,138365.33,1764.83,472.4,0.47,67001.68,121225.7
34479.66,9071.16,105748.93,1988.72,307.17,34.53,29761.39,114332.98
11580.31,14454.4,133845.49,3570.25,63.16,40.87,228538.06,143756.01
32889.8,10003.42,70279.68,2255.23,208.38,32.38,270846.04,158494.59
45786.23,12111.58,102417.1,1586.95,399.28,0.39,292772.5,210895.11
49970.11,23200.6,104265.79,1317.17,467.19,15.41,290360.52,188990.45
21427.58,9678.32,83579.67,3030.64,140.45,32.22,386306.91,219931.38
38011.18,21185.2,102623.75,2781.95,351.81,6.63,405265.77,261024.92
27811.15,23995.21,162072.38,2680.72,234.59,1.15,74816.52,131353.84
25684.06,6371.76,87707.15,2172.4,474.35,6.07,336798.76,174942.67
8379.32,3302.26,104328.19,2718.21,47.6,26.57,144046.48,129669.35
19869.39,23948.44,97802.8,1745.43,112.67,39.06,459259.41,191230.93
34798.33,25043.43,96005.26,2985.12,211.87,19.68,411300.83,217929.08
45544.18,24223.65,136956.71,3349.42,336.44,13.39,151141.72,178886.84
24956.02,19305.4,156524.56,2578.74,339.13,39.99,112430.76,133397.67
35859.06,25458.48,133826.76,1548.79,119.73,0.06,279734.99,176083.14
32092.47,15119.57,118287.23,1055.99,44.11,11.22,184485.1,139342.03
42218.98,27808.36,50368.72,1382.82,382.15,25.14,222752.34,167250.88
8917.35,15855.62,156842.67,939.14,148.49,29.81,167517.25,99231.68
9346.72,3824.62,89436.22,2474.99,401.11,43.07,209262.91,151698.14
32297.81,10229.21,107873.13,1978.31,95.28,18.03,223746.16,158480.64
24734.83,10608.91,100044.5,690.85,246.1,10.34,441725.43,160484.56
12193.39,6902.62,147120.46,3597.29,352.68,40.25,412207.37,257760.09
19231.84,15985.7,159477.97,3267.41,393.22,30.45,360778.6,190843.91
39265.03,19613.12,111336.84,2648.98,50.36,27.72,217803.7,196281.82
22653.15,9574.9,149171.74,867.35,295.09,28.1,420291.77,196201.08
7923.17,11583.25,24033.01,2917.89,153.43,31.39,192307.04,118286.53
13406.05,10699.55,93469.58,1430.43,474.05,13.83,388359.7,203701.87
41315.32,22924.52,46784.67,2613.9,256.86,8.97,68393.05,146243.71
19480.09,7417.91,48842.54,2272.17,122.39,45.83,200900.16,130104.45
25857.34,6891.23,43729.48,477.23,30.86,28.22,479096.28,187118.9
8560.88,10947.15,15201.39,2607.26,409.54,48.02,305324.08,185066.49
17372.37,6122.61,143177.63,1288.43,433.2,9.74,309360.88,184895.98
32747.1,7427.12,31477.42,1520.09,244.25,6.2,91321.09,126588.47
49956.13,26444.43,64868.72,848.06,202.22,47.43,103990.84,126363.84
25792.8,22821.58,40108.19,595.98,312.16,49.04,436349.57,219717.92
28858.8,22576.2,85778.96,1675.04,460.41,19.01,169358.82,163131.14
34205.28,25473.8,55185.01,2868.81,288.94,40.71,227972.04,171179.26
30413.39,12952.02,115169.3,1623.42,369.6,16.04,186836.44,114545.25
39419.97,12126.49,72129.19,1497.79,391.43,28.2,84585.95,113129.45
22909.15,20718.33,127256.71,2951.08,137.34,28.81,312961.71,213472.94
41581.69,25050.23,62760.65,943.01,214.42,20.11,344705.28,211705.24
21435.59,14361.23,86538.25,731.4,210.41,26.47,92039.62,78671.59
23333.04,8515.79,65936.41,1029.52,454.81,38.3,258538.74,143888.52
44294.02,12030.02,80001.64,1802.31,167.07,15.17,81239.36,133937.11
24547.43,11407.49,132283.77,1592.53,489.57,14.76,363792.24,196486.27
37709.53,23677.49,161600.77,1736.99,415.02,39.89,125233.72,113926.5
44292.96,21650.09,73266.73,2048.97,182.4,39.37,124929.3,144988.03
6194.12,1786.39,115451.6,2669.66,313.51,0.15,294941.88,161931.67
32750.21,22567.26,53779.07,1647.51,201.39,23.6,28711.06,96583.5
9865.41,9302.57,147025.03,2573.04,261.06,30.48,454281.74,249038.25
48882.44,21489.28,145337.66,1925.42,239.02,2.67,459836.91,223027.71
31818.45,23634.15,149960.89,879.99,91.04,16.47,462227.69,185161.35
41523.39,20598.76,80035.01,2792.76,415.5,2.8,432605.76,210412.41
34278.12,18627.39,60129.84,970.45,336.5,49.37,155431.37,107237.25
49884.78,20554.0,111671.63,2690.04,129.12,17.75,468337.01,263221.17
3252.2,4446.65,59169.78,3279.38,19.34,29.11,142167.51,118796.85
3386.23,3384.98,99944.25,2788.03,150.99,36.19,228128.17,159815.56
36754.42,24786.64,130999.56,2794.82,459.3,14.17,467282.78,253207.28
19593.74,5199.36,59385.75,2524.66,445.64,7.35,99529.19,129900.07
4487.27,20757.4,117601.21,2708.97,282.58,6.71,134189.04,156870.81
39010.56,12597.6,93937.22,2380.06,365.28,12.27,34958.85,115669.69
14246.75,11208.8,134313.94,1192.83,259.81,35.66,375511.14,189123.5
42621.03,24963.3,138758.07,2887.05,429.3,18.49,267606.8,215985.81
29936.33,17673.45,43614.74,1581.72,425.5,12.52,229660.86,138892.99
36127.62,16511.05,59469.02,2287.28,287.39,34.94,167687.96,138537.27
46289.74,17765.06,87106.06,3223.29,250.32,43.54,289619.01,180444.1
46953.5,16110.61,64514.3,556.76,288.33,40.17,252892.46,161653.78
25623.09,6049.81,98656.43,1027.45,185.06,24.31,210311.88,120232.25
2001.71,13686.99,100599.13,3006.9,90.16,45.38,32338.48,94964.96
25551.19,11274.41,86077.31,2061.63,174.49,13.34,277503.44,183715.35
2689.08,19168.26,61454.81,2128.82,57.89,29.61,386830.1,200323.08
14958.37,13632.64,112937.15,2524.39,364.46,49.41,305751.43,143650.15
3970.91,6947.07,42879.8,2070.9,311.97,8.66,181911.06,108996.0
34222.57,8816.97,30776.51,1353.64,327.1,0.66,171081.55,148865.61
26047.48,18130.53,126378.9,3587.28,361.16,5.29,290150.79,205141.19
21830.03,20427.84,125634.63,894.39,355.17,33.83,286634.86,173786.42
23755.68,14941.11,18333.72,759.75,175.52,10.26,431822.57,216945.13
46323.16,27126.61,90245.29,1081.65,397.97,23.79,478085.81,231973.85
7494.56,17984.01,21107.42,1438.46,490.42,13.29,249464.8,142661.21
5132.9,9428.77,140639.7,911.72,277.91,23.33,186787.12,116394.58
37973.94,8505.14,52167.65,1629.06,149.73,24.71,421645.52,185409.27
22505.04,17928.1,122471.95,1010.5,497.95,49.52,222087.86,97624.05
14506.12,11071.43,158466.82,3621.94,323.44,11.46,257315.91,207844.27
12906.31,5700.67,56085.68,995.67,182.62,35.12,106528.22,89739.74
1590.54,19676.02,85000.37,2922.23,167.18,13.46,191581.98,157787.79
11133.86,13503.67,33753.63,274.98,329.64,13.81,290168.63,136398.34
22796.95,7036.2,30415.85,1014.99,325.1,36.48,199646.52,116500.57
26102.16,9544.78,55422.16,2412.89,196.95,38.92,160051.46,120017.72
24978.6,15764.34,116959.59,1421.29,459.52,42.21,200217.85,148081.15
10436.95,14293.66,68893.66,3058.93,156.72,10.27,50328.53,125161.24
16461.3,8545.76,146663.74,1273.58,106.67,12.92,24181.47,63128.84
22962.16,20519.53,138563.79,801.03,188.9,26.84,188093.98,124272.05
26631.43,11275.37,136689.05,2020.88,368.83,47.13,263132.44,165121.69
34902.1,25847.52,85639.78,925.87,352.16,18.26,389925.62,191193.39
16757.62,8038.6,58329.63,724.02,177.78,8.34,115378.07,86925.58
37562.88,8581.91,139792.11,1926.91,22.28,39.69,94665.36,115519.16
7564.88,11766.14,48512.13,2154.14,262.53,26.0,156573.78,104249.26
39857.24,17121.06,67149.89,585.8,245.39,21.78,360414.21,182168.34
4378.01,10633.07,154735.78,2836.08,277.47,6.86,75520.2,109601.21
40402.1,26344.64,108002.95,2597.98,459.39,15.95,281716.4,172961.23
38873.93,22391.37,130813.86,2438.49,178.65,43.61,341970.53,216287.62
39993.64,11569.64,122931.23,2612.48,294.78,45.67,21657.49,121300.59
9088.85,6081.92,70813.31,1105.62,403.42,30.06,457202.6,185832.83
46528.97,14330.28,24189.42,336.53,20.36,23.27,483165.34,198098.07
38607.86,12414.0,21022.66,469.49,418.79,45.85,81815.35,93403.78
43418.66,13782.34,158798.77,1733.98,238.17,3.14,475639.35,243180.9
28788.36,11705.3,110588.93,2580.45,389.67,27.97,183437.54,178678.47
4018.16,20074.09,118133.04,961.47,188.56,7.75,25761.57,76650.54
1774.47,10638.35,119841.0,2190.66,346.27,48.89,178574.87,116221.8
19175.19,18638.11,158162.6,1457.62,384.18,23.3,171574.63,134973.74
28779.53,6289.54,105599.39,988.7,341.41,31.74,68353.08,80777.81
40539.23,26577.63,154213.73,3013.43,82.8,3.22,495493.77,250394.31
11589.49,15775.89,85762.38,2320.57,14.32,2.15,432663.18,234238.61
28655.24,15040.83,45410.55,353.87,275.13,32.1,136177.59,92212.79
22612.79,19026.48,28983.15,2053.32,115.79,33.37,153405.3,136627.72
29966.05,23257.56,74959.09,2442.95,108.95,20.75,276791.77,158124.12
21017.9,11404.68,145674.54,3404.03,496.39,16.21,31103.71,153018.21
42620.19,20694.99,152040.78,1324.33,185.43,5.06,203781.69,148431.23
38366.91,12882.8,100915.91,621.43,137.13,9.97,355056.26,185768.94
1602.83,9278.4,106191.56,1254.77,471.87,21.65,128982.08,106058.07
20529.07,18586.51,87923.97,853.77,63.43,5.94,317592.83,161107.19
7841.56,6078.82,125968.7,2181.59,167.89,24.81,79714.97,87081.72
10292.67,18436.27,69643.58,2333.12,398.86,18.25,82587.49,97862.82
4589.05,11687.24,86414.56,1391.77,103.05,27.11,228454.77,116701.02
16663.61,6023.94,21641.85,1780.16,438.24,21.84,267819.67,138581.34
47552.99,22219.59,64610.51,1082.67,138.07,48.1,107415.43,120475.54
25812.33,21197.99,38060.95,1819.39,468.19,38.4,236380.69,167335.02
37538.08,8514.18,81801.51,1554.14,68.26,19.44,223918.85,174769.58
7704.76,6259.56,82267.59,2666.37,184.31,11.89,92777.51,105234.73
19404.69,6850.83,102175.4,1128.97,52.98,25.94,308598.11,120491.33
24200.29,9179.42,41765.68,554.17,226.04,16.27,37854.75,75737.38
5410.07,14800.83,38335.78,402.14,46.45,30.67,380030.2,150492.36
40123.97,18276.11,74267.7,636.52,452.73,37.51,125543.14,111164.24
49837.18,15251.34,56269.39,2720.66,174.42,25.85,254017.11,178037.73
38759.86,18810.92,50728.82,1125.35,287.96,43.69,301824.83,174198.22
29788.46,18369.71,23272.06,803.8,407.46,49.71,323779.84,171167.04
6062.82,7458.36,117573.98,3276.62,12.92,37.07,38435.07,89359.88
40493.54,25593.2,118650.85,1940.52,24.99,33.94,42955.25,104136.57
47963.03,16066.36,157364.22,2162.88,424.01,45.73,367524.96,230342.55
41030.46,25284.68,36402.12,1234.85,239.78,32.41,402069.11,224528.31
16895.88,22067.12,61365.01,1396.7,210.23,34.85,480495.31,185430.89
22457.3,19062.25,57231.53,491.93,392.76,48.65,452995.5,189462.91
43491.44,13678.05,101926.52,651.29,313.14,35.63,75975.95,115867.85
38657.33,15723.17,162077.67,1707.49,299.65,21.99,284533.22,192290.69
8525.41,9926.94,48601.96,2911.71,18.48,30.75,347809.63,202412.28
17819.82,23433.96,43638.74,1230.67,64.33,18.47,228892.03,149604.98
29913.72,19473.23,72688.38,1800.71,130.63,24.69,211379.17,120319.53
35166.41,7721.71,114828.8,1487.94,221.21,19.73,381939.03,185800.25
13832.92,20408.97,97132.29,823.42,56.82,11.38,139893.88,91724.98
1950.9,12827.93,95388.01,3019.59,477.01,11.91,414844.01,210451.07
14918.51,6551.92,104733.77,2192.97,408.05,37.32,137750.74,142163.83
33724.61,15665.96,36878.26,2366.92,270.52,15.13,36655.56,110493.69
46445.56,18110.34,28658.1,1788.87,221.41,42.79,479729.84,261246.56
41531.5,19925.06,158984.47,3071.97,345.66,8.27,261613.14,175285.66
18841.31,10526.34,66262.05,1041.1,368.87,28.88,86406.85,88794.26
47059.15,16591.65,79626.29,2319.59,447.96,24.53,446711.52,220311.47
10458.23,7946.03,93803.71,2364.13,242.41,22.14,178556.29,132331.17
42322.82,10588.7,116222.35,3179.14,437.05,12.37,74666.73,160444.0
39188.52,17818.16,114678.32,949.3,127.18,29.14,403780.92,188292.65
14507.61,16921.53,151650.01,1139.93,309.69,21.79,211934.01,115854.5
16748.63,5277.97,143193.28,2709.66,245.94,18.93,125403.01,114496.83
17940.81,6655.86,81288.04,1751.29,319.99,43.0,349251.78,153800.03
5248.86,16917.19,140740.25,1852.09,176.28,32.67,496159.04,233291.01
21287.28,18226.2,137942.98,3366.54,287.88,38.9,217081.9,193575.89
16564.15,6395.63,85962.53,3259.66,446.0,24.25,355655.92,201617.23
38625.01,16681.45,76812.45,769.98,47.83,44.0,459448.89,223388.11
49942.6,17058.59,64988.67,1566.0,416.63,12.02,88435.39,121665.63
49482.56,20626.21,150125.36,1586.89,108.42,6.48,124378.87,147197.79
43118.5,28015.57,102396.1,3004.41,245.29,1.29,389466.6,227078.29
5896.66,13532.56,110492.46,2824.47,200.75,41.64,153105.92,135939.88
27803.8,14697.04,82882.35,1007.68,194.98,12.19,276083.95,163196.98
16052.86,15558.57,142352.76,2673.18,499.57,32.07,446790.13,257490.15
25817.19,21289.91,31668.97,1064.03,85.55,48.22,407816.67,149080.16
16108.33,9065.98,96015.05,2243.5,498.6,39.68,294705.23,162790.87
41670.94,9185.32,34852.42,720.38,491.21,15.55,305148.41,137739.67
40669.38,11752.07,76136.77,940.59,293.76,48.82,469990.35,193801.35
16190.12,7642.05,140654.35,2048.05,279.53,4.9,448359.64,236968.64
9181.67,3342.14,146475.69,3037.34,123.18,39.13,368048.17,188757.37
5893.26,4180.45,109120.89,1791.32,145.49,20.62,120741.15,72793.2
3758.15,1970.29,133323.01,1550.89,84.32,31.18,421848.99,174454.96
38146.3,26058.99,50481.99,2832.11,441.34,46.48,333733.64,223173.15
8555.35,8893.35,77618.27,2423.67,476.49,23.01,180349.27,132828.76
29403.57,20719.69,113177.2,2151.62,28.04,43.98,24126.67,101012.03
8974.74,10440.6,48304.52,2826.81,475.77,8.3,30241.66,103137.82
44599.19,11723.3,78391.88,683.65,61.57,11.96,300915.2,188502.69
48264.48,29462.26,138910.76,1948.35,203.46,21.08,444615.98,232607.91
17255.72,22937.0,141496.92,1685.09,432.15,42.87,96027.79,102967.74
45925.57,29095.59,86289.26,1852.28,194.13,26.63,262045.65,171210.5
39601.85,11437.49,103192.78,1092.26,396.17,9.84,155112.45,107479.92
46214.22,28870.45,28125.04,1129.51,339.64,5.84,249237.77,190870.36
6822.55,3505.99,57462.46,3144.71,129.56,22.82,152512.82,108381.3
28066.85,23356.31,75226.85,3213.97,496.16,40.54,269498.82,215615.98
43167.93,21581.35,44989.61,1496.74,448.09,30.51,179371.15,159545.71
14731.28,20329.93,111785.97,2928.75,149.47,41.67,428320.26,252372.67
11261.94,4840.26,34899.82,2449.05,339.91,19.32,94670.96,104817.23
20311.24,9643.35,88260.52,3242.82,245.69,17.03,459769.05,264014.54
31859.6,20146.59,50034.31,1859.61,233.94,0.1,396910.5,206063.4
14629.95,18561.81,97752.33,2956.49,103.98,29.86,422194.19,192198.94
34217.28,21249.35,134728.75,1400.35,326.5,10.01,156140.17,140231.6
43175.93,26647.39,87534.62,2357.58,11.47,44.87,101911.29,130857.91
37583.45,20929.64,62371.84,3108.56,20.34,2.2,149804.99,183741.88
9476.73,21527.03,47103.33,1114.57,148.92,15.67,335815.06,150780.63
11552.5,6085.49,98442.0,2435.03,206.35,10.93,285176.9,156390.77
15801.51,16686.98,74967.37,3268.3,226.88,24.07,342524.34,200812.62
47493.31,15332.87,30075.72,1631.36,253.83,1.37,493572.95,234592.16
8104.14,9729.36,55594.11,798.18,179.22,47.01,211449.22,130219.86
48897.79,11543.31,155088.19,1433.83,137.78,41.93,490879.07,258049.3
47077.22,28722.29,130094.81,2631.72,249.29,35.83,488159.78,256206.0
28587.53,7299.83,127224.1,1147.06,397.84,41.16,244420.07,143733.39
17611.38,10206.27,56623.33,1341.24,50.78,36.95,328087.89,126587.54
34516.01,11010.37,105837.26,1752.58,55.54,6.34,142603.48,122287.12
2785.17,16515.67,136830.61,2629.65,387.15,24.49,276618.0,143588.56
25279.82,17946.84,117598.32,2335.26,403.55,6.74,95764.29,120490.37
20077.37,9346.48,122811.85,3304.48,489.13,21.53,269261.6,163690.86
28529.13,13393.95,70490.37,3113.6,492.71,29.7,435291.05,210364.94
46916.07,26424.59,99608.61,1295.76,406.8,38.88,325913.24,185909.71
31949.8,18577.83,164541.62,2607.23,306.05,39.15,166356.68,163186.38
42715.4,22057.94,141386.48,1624.46,381.09,28.62,157063.56,135496.08
33638.88,7688.82,16368.98,2541.25,401.48,3.09,158307.96,152458.9
46282.11,21533.95,156702.67,2083.22,53.76,15.69,454697.54,254052.75
10073.79,6381.57,52990.17,1240.71,48.44,11.67,53694.19,72645.0
42633.2,27127.16,34899.52,1831.42,128.91,20.2,405435.09,235892.07
21598.71,6181.59,129987.78,3495.61,480.31,47.05,74555.37,136511.91
43841.4,24061.0,121347.95,3107.09,308.85,12.45,187510.48,150261.23
41266.88,19800.59,34835.07,2433.95,36.71,37.69,39237.15,100209.08
27865.39,17293.44,108663.89,1023.43,444.03,23.62,426533.58,206435.23
39889.96,26184.8,26558.69,1176.98,139.79,18.8,313555.68,163617.19
28106.73,18789.5,134211.01,1745.2,443.7,6.94,308752.99,174864.58
7570.64,6064.88,130920.29,3343.15,457.11,12.93,125165.55,127779.01
18371.77,20553.07,62731.25,3027.45,428.84,23.82,122205.8,138640.44
42031.79,26511.31,109478.85,3391.33,169.57,5.51,246537.97,193703.31
19483.09,5216.22,42490.76,2094.26,168.38,11.87,295976.81,145069.42
29565.93,15630.58,134964.81,2422.3,69.73,5.64,289813.7,218851.63
7751.88,17205.38,108240.78,1270.21,28.94,13.15,210465.01,127577.64
14629.19,6664.43,72090.68,1321.4,40.12,4.32,314018.66,169739.0
26065.03,13784.34,91917.51,3014.59,103.14,36.35,73865.89,139078.18
27321.46,22470.95,133951.98,798.58,66.89,15.2,36875.78,75463.4
47995.99,25285.62,133393.56,1642.33,63.52,10.64,308379.82,236899.73
46419.59,20315.49,153938.81,3295.46,273.66,29.22,125425.47,175505.65
40503.36,24948.79,44775.64,1134.32,225.01,48.89,381077.71,167329.76
16535.0,10947.05,107386.54,1002.22,195.22,1.88,341801.49,176556.9
2222.44,11635.51,134551.2,3497.38,292.95,21.95,66829.37,121271.4
30016.76,20351.32,132642.56,3376.89,88.79,17.76,434781.46,243386.83
4237.88,9856.58,124345.04,2378.6,210.79,46.93,469420.29,211466.56
25721.79,19678.2,88766.7,2847.21,100.11,43.18,183424.85,146368.22
17777.78,22581.23,60752.88,590.75,256.66,19.66,259513.06,141562.8
34065.82,19648.52,149212.04,3432.58,215.27,15.48,399897.17,259294.13
13975.55,5072.92,76209.31,1458.12,382.31,15.16,496114.2,221728.09
8379.43,20603.32,133933.1,3467.49,240.95,33.21,241480.84,164539.1
42379.46,9341.53,87077.17,3295.51,47.92,12.56,413184.98,254536.53
48811.07,17838.66,97560.09,2643.51,420.01,16.95,317859.01,180184.33
11385.78,20482.09,47603.29,2072.38,407.56,43.93,184273.73,131762.56
27039.98,17813.04,142237.24,3343.61,418.66,2.76,385873.72,226997.42
38070.8,21375.09,40448.92,500.9,216.65,13.84,314846.45,190672.22
31910.78,25418.63,124500.34,2535.18,87.42,45.84,104801.0,159273.31
44093.88,20313.4,109421.79,1682.1,242.12,46.5,352337.09,227178.37
12403.88,16949.34,92410.03,2330.41,249.9,22.72,148778.79,148716.79
6801.56,15292.08,157442.66,1961.09,117.94,2.56,60280.05,83073.95
16638.67,20483.61,115272.8,1386.75,471.6,10.07,380888.7,200138.96
30165.43,16592.95,155859.43,1368.88,270.43,12.77,189603.24,155785.78
21428.71,6641.32,142995.25,831.78,406.01,47.05,383600.1,177738.64
49856.38,23393.7,162086.93,1445.95,403.22,43.14,221995.79,179864.45
30965.64,13557.92,27998.13,1629.74,113.18,19.64,461626.6,237573.59
15225.15,11152.17,120931.27,1274.07,277.55,44.11,53256.13,84016.35
46464.55,17447.34,46891.25,1088.19,140.23,30.4,138948.77,135968.83
34530.99,14107.78,91907.55,1339.67,156.95,32.13,438781.05,248443.86
30380.08,22548.05,125907.47,1571.22,410.35,4.45,405511.83,195935.21
21759.1,12198.81,61911.78,2963.69,375.72,43.9,236956.1,164657.46
1992.68,7682.22,117074.15,3563.17,478.68,39.13,152875.33,154143.23
28820.05,22312.84,36013.88,2473.86,73.88,9.0,179238.15,147655.05
39557.68,17207.35,48158.16,800.5,82.96,16.74,156216.03,119934.13
3881.25,11426.58,59702.58,3045.81,84.48,41.76,413351.66,240612.68
16378.49,17847.32,59356.55,1032.7,203.07,17.11,78092.64,99537.66
11064.12,21501.49,93346.84,775.15,251.87,25.2,192664.46,105092.9
46406.85,22050.73,66235.77,1844.12,87.88,9.4,123545.76,150666.08
42335.17,23833.87,32945.98,2875.83,42.74,38.33,482102.88,304639.22
37837.25,18977.88,70527.56,1852.28,288.5,35.61,225002.66,155464.72
7849.59,2177.19,136323.96,3603.43,320.15,21.58,114232.26,119509.31
10388.55,12123.52,34839.88,672.02,31.36,26.97,124839.62,84029.86
11928.77,12160.97,88674.41,1508.04,439.37,25.61,422375.92,202250.27
44734.53,19496.51,78072.51,1201.48,320.62,35.53,185924.05,147754.19
2235.04,6886.64,136844.81,1030.88,399.24,12.76,240076.07,115366.84
36286.88,12431.96,63374.5,1297.19,27.44,26.15,364328.2,161327.4
34412.9,22299.83,121922.71,2844.23,222.05,15.01,476321.81,262741.81
28267.82,14690.46,50513.1,1403.42,246.55,30.23,481207.69,241992.62
40272.61,21151.32,92346.47,1703.2,328.48,12.78,128243.72,155456.56
4760.28,4581.5,96170.44,1751.91,474.31,24.54,476799.51,217019.0
14892.52,4017.96,54221.87,1599.62,37.72,25.34,333638.41,159271.01
25400.41,15436.98,78560.97,2693.38,247.15,11.74,36488.12,120101.61
14437.69,4505.62,153336.12,886.41,304.33,46.77,362182.75,145366.53
15310.91,9465.9,69710.29,2962.29,31.73,36.38,25950.63,102508.98
24821.76,17277.06,37120.46,2555.3,453.03,36.49,408611.91,196412.82
25387.16,14104.03,116713.86,1440.18,375.99,8.11,236667.73,116993.27
30982.84,23456.77,156726.97,2652.65,207.4,39.61,244605.53,167571.73
17590.98,15680.76,48427.81,958.64,278.1,32.88,275264.69,124005.43
39885.31,24335.1,50473.13,1379.7,416.71,31.87,418040.73,221814.94
26608.96,23923.78,122780.04,1876.36,54.45,49.61,277794.94,156128.32
48804.19,19737.24,106653.62,2897.92,237.02,8.94,484313.4,295890.44
17505.97,18429.14,64637.18,1960.89,118.71,40.72,311121.53,170874.31
31381.55,25167.62,152869.24,1636.93,32.36,34.53,403378.13,179097.56
2547.49,18507.27,49399.82,549.87,133.73,35.89,498428.03,183746.27
45522.27,22271.02,64900.43,2445.76,110.47,8.78,320656.01,187949.59
40813.3,24347.51,132218.95,2212.3,240.18,3.55,228118.97,169779.81
24222.7,14285.0,33573.05,1343.05,102.76,34.09,205998.59,112569.07
6108.26,11470.82,37439.15,1852.37,24.39,27.09,150556.93,87459.64
41330.31,22927.13,63293.41,3142.0,15.54,2.03,371082.39,258297.6
30225.81,17023.53,116021.2,3135.91,224.3,24.04,176416.96,133671.15
42369.35,12020.24,125518.98,1250.73,165.7,25.98,222891.97,128553.14
16781.95,11127.46,30519.68,334.28,322.35,30.29,162537.38,75656.36
1422.25,2007.19,53441.86,2695.68,363.04,44.76,68505.69,94122.02
14748.84,11530.84,102929.57,1719.98,495.8,18.9,322853.76,172269.45
13913.93,21973.53,82752.69,2491.17,248.17,27.08,55414.12,121879.02
46706.2,20775.45,62903.75,2375.01,72.25,7.35,374345.42,232285.39
32796.68,16369.13,25105.27,748.24,278.19,25.88,307221.21,172141.22
34907.67,18087.4,79727.61,2560.75,165.31,21.1,37646.73,120850.46
49602.87,21266.21,65652.92,2403.63,230.67,40.35,480621.92,220144.42
18094.17,9414.36,34654.95,1104.19,63.14,2.08,269802.89,139861.09
22867.83,17323.33,20536.13,2483.0,441.07,35.63,457356.85,250927.09
32290.97,25477.85,167748.91,3322.42,124.65,38.7,173821.1,170639.21
3839.32,14780.88,51145.77,2408.73,204.62,8.59,114456.36,112454.23
21823.99,23481.54,130519.89,2007.7,308.13,22.36,321583.13,166072.31
45195.78,13559.15,115839.03,3311.33,81.95,24.95,344728.87,221346.22
20244.02,15677.9,42446.79,1551.7,71.97,3.31,210138.3,153694.82
13623.25,10827.97,46065.76,342.89,362.99,43.02,364393.59,126825.4
11502.93,16322.71,45846.9,2589.56,269.2,5.68,417656.08,212632.38
31009.53,24609.95,50229.37,1715.01,118.96,9.52,350661.71,187164.84
26721.18,13579.35,126890.17,2040.44,310.85,29.82,143484.52,131493.39
13504.14,8274.2,25765.91,2963.13,185.26,19.56,437258.79,227191.25
21814.07,8577.95,143275.39,1440.97,461.61,10.22,471455.41,199812.18
31383.96,9111.93,121678.01,1911.31,259.68,23.38,359066.94,208404.83
6828.71,12306.93,147208.6,2868.15,253.0,10.28,438657.18,246741.97
17977.45,16292.04,99110.45,2587.32,184.17,38.18,291857.12,155213.94
20269.26,8361.96,140904.63,3384.82,392.61,40.69,284896.07,176301.64
19756.37,21150.07,29801.37,1673.74,409.31,40.22,252673.58,147086.26
47281.95,21319.64,144885.79,1715.69,167.7,23.16,481928.57,220482.8
7366.15,19439.98,150557.82,3373.27,207.85,24.14,27466.58,113636.09
9483.26,5800.42,38297.0,624.65,187.15,10.9,252719.78,123835.27
49243.86,15663.86,112103.28,2524.62,398.32,32.5,45070.74,117178.43
14435.92,10419.22,28987.98,861.33,451.58,24.62,420702.62,162256.11
37001.53,27200.81,40963.61,1166.05,320.29,24.69,277868.78,177388.72
7274.58,2645.01,16181.46,972.74,203.69,41.62,201263.47,100998.83
8347.13,5014.34,36527.09,2400.44,322.95,5.27,21526.43,81745.23
24309.54,9068.78,102486.95,773.64,186.17,43.01,257790.75,129454.36
16755.12,22746.36,111365.94,2212.38,494.06,5.36,158575.56,128859.99
20014.62,14626.32,89223.21,1730.16,45.86,7.21,310904.25,176824.79
23969.21,11856.44,34718.99,519.98,256.29,27.75,55425.04,78533.84
19344.02,22847.85,31104.4,1410.43,463.17,33.92,33831.27,83504.43
9869.48,9241.74,120249.05,2185.13,371.27,14.54,417689.1,185936.93
45047.16,26631.0,144545.62,2087.47,209.23,36.64,322134.65,239443.9
2283.87,2522.24,73181.27,1477.57,339.26,47.43,262402.85,135447.17
49942.65,19312.44,143535.7,3006.57,116.69,48.57,257965.94,201609.25
33820.89,22142.49,100474.38,2922.88,172.99,0.11,392543.53,234339.22
49087.97,15281.26,155659.79,2675.78,363.06,36.92,196287.95,169992.69
23717.66,5724.7,60635.16,2105.36,223.49,41.93,258669.81,137154.61
47692.07,16508.76,39476.75,2234.12,198.8,13.24,334179.24,181766.88
2174.55,10682.6,36385.52,1454.47,23.43,18.42,202120.47,112958.84
34902.37,26300.59,74745.56,1114.82,322.38,37.48,356171.78,198246.54
30344.06,6670.53,147060.64,2898.25,496.77,14.46,325947.82,220398.04
43575.38,25556.57,164258.55,1722.25,255.86,47.41,394375.33,262635.59
27381.28,6149.42,15602.03,1797.9,157.6,44.58,225266.22,125012.29
8521.12,11012.09,18876.59,1432.59,246.13,41.78,134737.59,82053.68
7560.56,7999.11,40285.44,1439.67,447.94,33.63,387460.46,147553.45
47397.72,20197.72,74861.72,1948.94,210.03,21.69,144305.26,179037.65
37974.08,8556.82,117383.9,1936.73,388.63,33.73,80376.55,117425.79
23629.08,19259.73,141461.43,1794.02,440.91,20.85,255459.77,159607.47
22122.74,18686.44,114019.12,3566.68,365.51,24.65,81737.83,135011.32
40715.47,22232.06,114926.66,2212.64,130.61,5.84,347706.84,237473.54
17688.95,18704.49,32559.05,1601.2,194.22,43.89,239602.42,159316.66
9904.75,21546.28,84226.27,1194.91,34.97,4.86,486284.48,238537.54
49129.3,17960.39,22675.99,2491.99,142.22,4.65,291596.22,233303.03
2069.74,932.58,33976.83,2433.01,392.03,38.67,48286.77,72171.16
12936.24,13183.17,141705.62,1798.81,31.38,46.2,167516.11,121861.57
47992.29,19870.82,135181.96,1921.25,66.8,21.27,264404.76,167578.12
13458.91,22604.54,90506.11,609.11,343.07,38.96,133823.63,104196.32
38663.73,14117.25,124243.86,1147.79,435.07,40.71,439086.03,240027.94
43071.3,24068.06,53645.23,1244.22,30.08,41.66,492655.7,224871.46
5546.49,2046.2,35946.45,1956.63,389.97,10.86,339536.0,151942.9
18385.29,20789.79,157411.61,2830.9,157.24,44.54,132232.54,140722.69
8979.97,5169.02,11650.65,1852.43,396.29,20.94,143886.77,103742.16
48115.93,25437.27,98782.68,3327.35,150.1,46.61,332674.38,262366.5
26951.64,14477.25,153590.33,2848.67,10.31,21.82,190870.25,145136.94
41544.6,12958.36,57132.68,800.66,405.49,2.7,349670.44,192755.61
15569.15,9899.11,128499.69,2679.24,14.03,44.46,264798.91,153718.35
10404.14,7346.69,66073.2,1385.82,332.75,33.63,297525.33,134859.83
35924.73,15386.15,17536.72,2145.64,10.27,25.87,119165.55,149629.52
27925.19,20512.58,60411.44,2630.42,448.75,11.13,349312.2,219951.89
33482.58,26631.52,67684.52,1223.8,92.76,46.26,405740.63,170067.74
45157.89,25102.7,51908.3,1060.38,430.04,25.65,403171.43,236298.35
23906.74,10328.63,65929.72,3119.12,105.97,19.03,48856.77,118631.32
9894.63,16879.27,64020.2,775.09,139.36,29.9,393723.3,191592.05
17232.56,6454.75,19092.61,1780.94,112.47,40.08,207813.96,125106.84
27916.59,7467.87,114168.56,1858.91,323.99,9.18,230561.78,175549.27
33577.69,9561.11,72482.43,2098.88,47.67,0.41,389041.84,195968.42
28872.86,21342.09,93038.16,2182.01,418.81,9.91,25414.86,104573.94
9751.6,14204.62,139806.32,1880.61,323.48,48.91,266239.03,142864.32
26564.0,7228.33,57133.85,1305.42,44.02,26.73,439994.93,207228.35
47550.09,14322.67,89777.57,1709.47,387.29,34.72,126159.83,159508.11
49913.2,14287.48,151626.68,2538.69,120.75,12.58,399547.95,266184.11
27424.52,11177.76,15095.8,1911.56,173.24,34.41,383669.74,207666.19
24484.4,17295.95,103641.1,1432.23,86.85,44.45,284150.27,139408.65
41976.01,16036.44,58733.49,1459.84,247.82,10.64,65060.17,91119.57
12597.12,6455.76,117654.09,3463.9,287.97,45.36,246415.77,195266.7
1213.82,11263.02,48027.75,2761.58,464.16,8.02,22336.63,93535.79
41886.71,12181.68,82350.34,1742.45,444.76,13.04,326624.67,175488.42
3210.62,5074.1,51417.61,1778.98,93.83,47.5,311375.61,128918.7
48694.09,18341.12,116595.51,2433.1,436.29,21.28,422946.01,221750.78
11873.13,19028.48,154077.99,3632.55,52.65,27.43,235808.04,180807.96
10640.37,12231.82,144559.55,2787.77,334.62,40.14,339317.99,184016.89
8714.93,12964.8,18576.93,1765.99,174.04,45.37,125309.95,117454.59
13965.28,7604.79,68087.55,1249.93,467.6,34.26,116928.11,105870.92
41871.92,28364.99,88117.73,2026.97,243.03,23.89,108012.69,166435.56
28891.39,23357.25,67517.44,445.8,138.47,40.01,457490.48,197677.83
41143.71,23202.29,51902.99,1913.83,54.26,10.91,338956.9,183850.24
45905.23,24491.59,93189.27,3139.07,351.01,27.03,330778.33,255150.5
42280.3,13624.9,35923.67,2171.23,95.09,9.75,482440.08,256166.53
26898.54,18526.82,44736.97,493.58,159.4,22.45,328092.0,174077.89
37504.58,23608.27,168694.35,2496.41,179.79,14.78,209431.88,164807.16
19169.1,8915.26,117273.78,1130.27,225.9,11.02,379333.06,151646.82
17048.09,18130.25,90071.66,2539.82,118.83,30.66,186338.22,150563.07
44059.42,12905.48,64729.82,1864.59,397.74,22.42,439078.68,219638.07
7776.06,15102.21,132118.65,1046.05,215.59,45.1,164285.93,113839.53
16715.97,9042.01,54246.5,543.33,462.9,49.76,122155.77,76663.66
34961.68,21244.99,64186.24,2814.55,319.09,42.37,301331.61,185295.87
47999.36,29303.92,106847.77,2119.78,373.33,3.99,451212.81,276758.49
4519.91,16001.31,72502.59,1841.29,174.15,25.78,168353.82,112874.43
48101.77,29006.12,85515.43,1781.71,100.76,45.5,494012.98,288642.78
17735.37,10627.94,57716.07,1656.56,401.23,42.44,320382.72,171465.96
9421.6,8334.22,76301.03,582.07,226.97,9.06,210450.57,95638.59
43074.98,23634.43,48570.17,550.45,88.96,18.59,169785.28,103164.76
37677.21,19849.5,153888.93,2368.47,289.41,17.22,269305.52,221259.43
35362.27,26552.33,77154.27,2708.01,309.73,2.27,311790.17,225698.7
7157.53,7984.34,111320.72,3484.43,65.1,9.55,320178.23,188930.52
12371.94,19114.83,63669.31,1868.36,93.39,3.24,280943.24,159067.63
37814.3,24229.37,37871.43,352.95,233.75,25.37,453964.42,214192.12
23468.86,18606.59,150421.85,3639.16,69.88,19.62,99723.02,121963.0
44500.32,26695.22,164498.66,1441.72,152.7,29.55,148157.05,166557.07
36837.19,21482.17,130047.17,3221.99,252.37,13.43,200589.91,169119.36
33100.58,9758.97,141450.63,2657.1,12.52,3.44,236058.7,147178.63
14879.1,13933.88,42433.95,2139.97,331.62,6.62,61246.3,122557.29
38833.31,16903.49,109350.79,2570.64,440.23,11.72,305471.76,206183.55
46317.25,26585.4,148937.15,2947.35,195.55,17.39,362842.47,267640.21
12655.34,18361.0,20129.61,821.16,86.27,2.67,418403.73,188352.07
14081.81,19597.78,154199.05,1179.7,370.87,20.6,447645.13,225126.32
33016.36,11221.22,143526.48,2132.74,493.82,30.69,297795.55,196721.7
21642.73,7244.33,33047.41,1836.45,220.29,49.78,144243.35,110560.3
7358.1,5431.5,110546.64,1492.49,101.39,33.73,344359.79,168480.84
43179.25,21857.26,107803.97,852.74,218.17,46.61,415774.34,192018.16
21287.35,5114.02,129324.2,1796.77,189.2,6.86,273319.52,152719.71
49394.72,29482.36,101734.98,2087.74,410.19,29.27,478611.03,261728.62
28989.45,14435.94,152805.09,3679.44,134.06,9.72,477030.01,247408.48
44917.97,16026.97,149090.35,2696.0,72.15,46.18,59021.79,137538.8
46861.05,15276.25,121122.55,2368.42,40.39,17.57,298939.55,174604.11
21510.72,14372.44,63563.62,1867.31,496.66,32.2,306246.1,146983.71
16972.22,8407.46,133277.77,2131.69,266.83,33.04,455641.21,224066.61
46599.12,10094.94,135498.61,3321.99,71.69,0.62,267729.09,204270.44
9111.05,3292.12,69164.74,500.64,473.32,38.88,75184.72,65332.16
45113.63,24123.37,58489.18,2970.5,394.91,14.83,25574.13,132273.91
16872.9,4933.63,87787.39,3320.5,57.7,23.76,234183.94,162305.4
38946.44,19657.57,94214.58,3277.44,178.35,14.86,30489.39,133772.86
35656.09,17943.1,72836.66,1938.85,358.17,8.25,99144.02,136239.81
9557.43,19478.7,144089.37,2997.95,358.39,14.99,428335.3,259004.33
37373.58,10390.58,81433.48,3338.07,203.5,48.03,488835.48,238242.24
22135.02,23529.58,144975.06,2839.06,103.22,46.25,461512.97,250167.66
30694.78,15623.8,62974.65,3001.34,366.13,7.52,472339.29,246745.0
34601.42,25320.16,99048.76,770.77,301.38,10.76,173072.61,135816.97
21967.26,8980.58,82360.84,1437.79,477.36,15.6,196317.34,97779.95
17896.73,8172.78,123192.99,2342.72,436.06,25.64,188758.39,142482.84
26365.41,7241.12,91276.24,2444.57,231.2,34.28,278056.83,198060.84
21962.88,21729.53,95141.02,2661.4,369.7,14.05,452473.21,251536.9
29647.3,20401.99,123207.88,3537.74,165.38,39.72,248483.04,189729.2
33044.68,25873.88,110216.58,2272.87,254.26,23.17,82377.52,153992.56
8351.94,16790.15,161318.19,3094.37,76.06,47.7,430689.02,250794.54
49342.91,23830.65,105159.37,3514.05,285.46,7.89,96132.05,203193.1
37560.54,9248.89,33978.4,904.96,368.47,37.32,134196.87,101077.24
9137.07,14892.7,143954.38,3609.18,128.96,20.26,369644.0,221676.93
26032.98,12267.71,71514.79,2381.07,257.94,18.14,177450.09,115637.24
34062.77,24569.47,122410.26,1097.61,116.21,15.03,253122.65,190796.06
3379.9,5849.85,144501.45,2874.54,130.71,2.12,298778.18,174931.08
32944.62,16435.37,132728.66,2950.73,246.22,48.32,464010.67,222405.88
34273.53,18517.11,70939.99,1180.01,325.35,5.39,422026.28,202765.61
22964.04,10748.74,135808.08,1403.29,252.47,34.21,322077.53,163503.95
28585.33,24897.53,70274.04,583.2,201.03,5.97,271952.36,135124.02
20312.16,22386.61,127512.29,1086.57,389.15,37.17,62049.54,111445.75
24415.99,13678.8,19795.67,1932.96,25.83,47.21,167888.32,118023.94
5163.76,13154.01,73509.9,2151.75,355.74,21.93,70163.63,111258.1
11901.63,9953.1,77616.18,863.57,25.18,16.69,447809.62,178417.71
26306.51,18264.5,60601.32,2908.52,221.05,47.93,46947.08,123328.77
10891.5,17510.53,97770.74,1405.23,262.72,43.12,348509.41,175919.61
20988.31,22077.76,90363.84,3273.58,54.07,21.06,53107.89,131998.15
12134.7,8606.57,26844.18,2825.81,119.85,31.28,310463.82,189163.63
26396.91,23794.95,121569.17,2974.92,476.64,15.49,491473.48,281443.53
49559.01,23894.45,43667.55,1914.25,337.44,10.11,127505.82,156079.99
16207.77,13929.89,37491.13,2769.15,379.43,19.99,428946.67,234854.89
5751.92,10732.54,90003.34,555.38,302.21,28.64,208723.31,119938.44
19521.44,15943.17,68457.77,2373.16,147.66,43.47,494926.82,252340.84
20844.71,23648.91,42600.53,2897.71,406.7,35.21,329286.54,207811.52
24726.46,13984.65,129827.47,870.37,302.65,11.99,270750.16,153867.23
26849.7,16610.3,80839.66,2316.63,154.23,2.81,326741.28,181423.28
47612.72,18347.37,69466.68,876.51,426.47,23.76,338514.63,171608.77
12118.56,20171.75,96942.15,1720.52,81.33,10.43,196224.47,126441.39
5297.74,19113.17,118838.46,3257.4,100.67,21.53,347586.2,203715.96
33279.19,17299.65,53881.95,1572.78,171.07,7.2,82514.69,129006.35
26424.06,5847.36,40517.03,2598.07,441.96,1.71,304467.15,193244.23
12275.05,9181.92,30961.29,2897.73,89.66,46.47,415119.95,194690.06
30706.28,25611.56,113667.51,2873.33,314.86,45.43,394260.07,204860.49
43770.09,10114.85,107011.7,2029.13,122.7,37.95,177969.84,143075.58
40937.2,20021.61,42152.95,975.03,225.72,26.99,313695.45,175180.54
49493.27,19021.82,107283.61,2773.2,226.11,40.84,471173.6,303453.68
6480.4,8901.57,91925.71,3320.73,141.75,17.96,490992.93,255425.58
43937.09,24535.35,155531.64,1080.12,163.38,36.02,310579.22,175902.71
4435.61,8560.35,112921.08,2006.3,406.12,46.67,240856.57,135783.9
22071.3,7115.45,19568.55,1411.12,189.46,6.35,318893.89,163434.16
35082.05,25473.59,56430.2,2986.22,388.02,28.15,411808.44,241441.61
5213.14,17364.56,108663.05,2003.21,389.36,34.87,395385.34,163313.62
46021.1,24400.07,158060.84,3440.12,42.92,30.85,270277.28,210108.35
29904.74,8088.83,138314.02,924.48,161.46,4.57,32444.19,84360.47
15123.18,15753.59,102302.81,2382.59,174.53,46.83,146550.89,160605.03
34441.98,13606.31,76810.68,3268.61,138.34,4.43,226073.6,187091.69
22303.23,9826.34,75543.76,2490.9,388.85,37.99,209042.27,148016.81
46003.65,13624.22,38059.95,1409.59,307.13,45.09,404557.0,190374.26
38471.49,24579.48,40304.62,1941.05,131.04,32.11,49187.08,102496.47
38845.3,13485.95,72198.15,1372.81,239.33,45.69,486169.26,258315.05
46641.63,11710.54,40246.49,1878.4,61.7,9.53,455577.75,233459.63
25764.49,8639.07,46395.3,494.58,327.44,0.89,64605.17,72538.63
6908.29,3981.35,45719.95,467.42,275.72,9.69,163796.26,89699.1
38239.27,25989.95,100671.2,3355.8,207.41,40.0,443804.04,231875.01
23185.82,12779.71,57497.47,1258.34,122.55,45.75,82503.78,81161.47
13057.26,15796.46,122015.12,1645.1,213.87,13.0,154233.29,126357.19
30189.97,19929.12,121080.54,1964.37,394.26,3.04,186435.83,177964.94
26940.18,14637.11,24678.95,693.3,474.64,36.47,196280.91,115725.15
23689.29,18090.96,108599.44,2723.29,363.93,42.97,56436.83,130298.91
30120.43,12297.13,94786.06,1770.89,35.36,32.3,355825.2,210273.85
47969.4,11174.03,120588.1,865.83,12.97,37.68,316179.06,170955.03
40390.25,18807.02,26149.41,1179.31,315.58,26.46,40344.47,105830.9
28217.62,7293.55,134826.0,2894.32,375.66,1.36,206694.49,179259.3
7473.04,8971.9,39544.35,970.04,63.38,42.88,247561.14,124061.71
32216.62,17899.94,118384.84,2054.28,274.4,37.13,123723.67,111110.87
8557.94,18157.87,78593.21,1819.72,333.23,12.6,123667.74,118289.86
35798.18,19343.28,70941.31,2025.22,84.45,28.06,50737.61,99611.71
21273.37,6513.52,72164.95,2794.66,128.44,2.8,138183.96,157137.26
24155.24,9037.85,46633.68,797.32,402.38,5.18,106571.46,113988.46
15794.44,16954.31,153039.87,1713.86,130.72,19.74,158798.45,121487.5
49740.39,25507.29,145812.15,3661.76,436.26,48.9,62167.61,164475.97
7164.54,10237.31,136112.07,1001.31,223.11,47.67,49467.34,67133.96
49816.99,18001.64,51517.32,750.52,378.28,41.34,277152.12,151735.96
33681.15,10369.54,26590.05,579.75,193.83,43.8,40052.35,56657.23
19986.44,8975.51,104445.44,893.73,420.54,5.41,81335.79,94885.7
31062.31,13590.78,94733.75,1611.21,413.36,13.46,418389.95,205131.42
38142.09,15999.76,105055.52,1314.39,51.81,29.18,272284.41,155601.85
40975.83,9814.45,71773.71,2500.95,482.48,40.01,403223.21,217021.49
48132.42,29436.18,95155.39,2618.35,302.96,0.92,428179.64,248696.97
16226.27,22973.25,158087.16,2880.5,317.15,7.84,474994.4,258652.7
31363.76,11865.61,29978.46,2537.5,178.93,47.96,463117.56,228920.0
5740.89,15264.96,119035.65,1702.38,398.64,30.88,485640.65,178987.72
10748.88,7725.44,68512.05,3276.73,338.44,24.46,469819.02,224879.3
32668.25,9879.4,82634.84,2901.68,479.82,9.65,143785.27,188775.62
48374.17,26886.54,48699.58,1634.95,18.31,44.17,455723.1,250080.26
28965.8,14350.18,32796.93,2228.86,323.51,7.24,335277.77,172855.62
10701.06,6497.4,53335.45,2210.97,216.61,23.52,186248.14,137816.04
11559.26,14292.64,141107.18,2397.05,382.32,30.84,426108.21,204745.27
32381.52,7304.41,135522.36,1351.29,474.64,40.9,459659.56,219800.22
1526.93,9990.8,60558.36,1783.68,417.89,27.62,158154.45,99193.78
29962.8,15494.24,132446.65,2121.0,445.5,3.23,140006.08,144856.87
31471.24,9877.23,54946.06,1798.53,168.52,49.88,292992.73,183893.37
5140.17,17701.89,64128.92,3029.59,297.33,45.52,391126.69,188129.84
37210.22,16692.31,99865.4,1909.55,206.9,0.63,333659.77,181209.16
34293.09,25370.33,85082.2,2455.32,221.63,8.65,122452.08,147589.82
40737.18,26306.49,52320.05,2320.29,108.43,45.93,289955.58,204580.91
46411.48,20151.98,94953.09,1457.97,431.43,7.66,245987.26,161834.2
15275.14,22450.04,81650.18,2978.5,446.83,36.67,302194.4,223166.9
14552.03,8959.79,31114.82,775.12,26.34,36.02,211498.77,96089.57
32805.98,7408.48,58348.27,2905.25,160.88,35.72,298861.35,166187.68
7767.13,10645.29,31623.87,2095.07,216.51,43.88,286721.13,153977.96
5139.56,16653.19,80008.51,3009.56,58.02,48.46,491678.63,239985.14
21327.75,19319.16,109457.19,3295.96,191.9,11.07,336122.34,232214.23
31989.87,25183.26,146326.87,995.72,473.97,5.62,285746.89,165508.83
44067.52,20913.44,31193.45,1035.37,242.06,4.89,45933.51,91221.9
20760.41,12313.28,29889.5,3087.91,386.39,36.5,304927.17,189444.36
28321.59,24687.82,157249.52,1401.29,193.99,13.77,203249.11,147393.89
34002.17,24331.22,158900.07,3773.74,457.71,36.01,496719.1,308799.93
35285.65,13300.97,127440.56,1869.37,489.64,24.82,364135.93,172638.05
42746.29,21951.16,63013.01,2459.67,173.5,48.35,475891.42,232705.86
47338.99,19921.33,151168.58,3424.51,350.36,14.43,65680.68,136639.72
26237.8,17948.37,65455.53,2373.96,481.65,20.63,452551.51,238546.89
14339.84,8985.57,149542.76,1537.83,346.82,49.64,464709.2,207691.2
6756.5,12876.51,42880.59,712.39,444.77,24.82,118438.53,78039.18
16031.93,19190.14,146654.14,2246.92,96.78,42.26,375740.13,204147.43
42892.31,15839.03,38963.24,442.74,368.81,48.27,304008.03,157542.19
20745.17,12299.05,142976.25,1625.62,281.89,1.59,100735.45,131316.25
29720.71,21805.38,77791.31,3370.54,117.34,9.28,63911.77,125278.47
2382.76,8531.27,132357.76,1168.05,204.05,26.38,239152.23,113119.72
44464.91,26400.25,84130.45,3373.43,121.92,44.05,175034.23,159164.59
13986.04,16190.82,85747.61,2794.2,23.21,42.01,134979.68,136022.54
33751.75,10538.41,141560.54,1656.46,412.78,42.84,275864.48,176139.72
43153.81,21612.18,137221.45,2378.88,43.14,23.9,487835.68,253929.8
34797.85,23228.99,104438.82,3125.42,228.72,24.3,31933.29,107560.09
5494.46,10438.62,153226.63,3653.7,275.82,8.23,237656.83,196120.6
7561.87,13870.52,79480.95,2772.61,328.59,0.31,118907.73,134533.14
32986.57,13950.45,134675.07,2596.75,377.31,5.19,114955.44,182620.26
14421.4,11167.82,70676.12,1462.05,292.59,15.65,104854.16,128769.16
35699.72,14317.43,146734.07,2231.83,394.61,1.95,419415.74,236833.93
43543.72,16339.57,139234.79,1056.34,282.1,15.26,128543.18,154510.25
28147.77,10367.52,62614.45,1034.63,424.33,14.43,377868.95,177637.46
20019.54,19845.65,97472.6,1625.3,468.22,3.66,381557.76,202437.38
11663.8,2838.89,14774.45,795.0,169.19,2.31,147497.59,94752.4
38876.85,26007.48,55052.81,2944.92,328.54,2.39,260114.24,184415.01
7155.63,11006.38,82177.65,1414.81,149.06,48.39,373248.05,153163.23
37518.78,20127.48,145450.08,3467.01,157.37,24.04,153467.47,198164.7
8475.71,20885.46,158049.86,3315.49,150.04,16.83,208610.84,179557.81
45320.81,26472.55,141310.52,1703.96,194.53,32.17,360438.77,210272.73
4134.65,11998.34,57588.98,2396.06,243.77,3.97,97954.2,116797.2
11376.84,20517.82,31459.42,1184.25,132.84,43.96,182269.27,97938.58
8567.79,4401.22,46657.37,2264.2,442.65,17.95,472701.61,229455.54
23668.89,19494.86,30639.34,2233.31,187.91,33.64,442609.52,200250.55
13757.08,3969.0,53545.53,516.02,268.26,2.43,116544.72,83047.69
48249.85,24318.43,127142.99,3090.16,372.9,8.46,226690.15,205453.94
42261.44,18799.25,21219.62,1832.89,420.65,34.65,221738.9,148408.0
49914.54,11738.42,146921.93,971.54,483.62,42.74,220393.93,149098.46
28284.79,12253.35,18327.55,1955.22,13.13,36.3,77847.57,109231.28
26459.72,19410.77,162243.91,3269.27,88.17,15.09,66405.68,162360.4
44080.8,23538.49,52971.48,2958.8,458.65,19.28,85173.56,123927.88
46588.85,19435.35,90873.1,738.52,280.91,46.93,188845.33,126321.41
13115.57,18320.28,53153.81,1744.0,487.31,18.14,377507.76,167973.72
31099.81,26062.59,65578.89,2134.61,172.24,19.54,339131.64,168754.31
12477.06,19113.72,122022.3,710.17,467.79,25.91,428376.11,202836.81
5294.85,14106.48,156997.96,2646.44,151.99,21.08,215261.96,163745.04
48305.38,19316.12,80632.5,2762.62,474.7,47.03,302673.88,198374.1
48709.54,15128.58,149259.24,1004.03,417.93,37.0,266375.58,150862.2
4681.83,11197.44,35431.83,410.32,444.3,24.02,28249.24,46116.36
38143.77,13223.25,150782.87,3026.33,213.58,33.69,162439.4,160808.15
19309.23,4803.6,92916.48,678.81,63.87,9.04,31496.96,64271.75
12807.88,3641.06,43001.29,1130.74,95.67,6.97,328731.53,142366.85
21106.73,12506.19,156108.7,1761.49,253.11,6.01,294935.4,167931.38
36401.41,7816.84,103956.6,3507.51,237.26,20.99,85562.53,153927.56
7415.14,13371.46,72048.83,1629.92,358.67,39.88,259328.68,152726.43
42755.12,20757.39,57526.39,1363.16,472.33,9.27,83836.69,109697.28
22506.66,22439.97,83423.49,1420.43,33.69,48.48,275680.48,149066.8
8560.19,13756.09,143500.46,2733.55,349.57,14.21,183096.08,136807.08
20133.76,13017.62,88817.9,2585.51,378.61,48.64,132393.57,144249.25
30998.95,7328.36,102765.72,2587.79,403.1,25.62,220963.13,156273.93
30225.19,13816.43,156702.83,2605.93,462.14,7.14,37806.72,120445.92
12519.76,13425.12,25786.8,1500.05,156.7,19.4,82514.06,87848.28
21111.63,5059.54,47508.98,1179.49,362.17,19.18,252106.82,156702.12
35518.46,16346.75,81028.35,926.75,81.63,23.0,127693.85,105819.26
35584.05,12993.33,35724.63,863.21,406.15,36.2,381648.23,184559.69
31705.32,8396.51,81632.56,984.74,379.83,19.84,100104.7,92463.6
16506.55,9620.89,120733.43,2491.8,424.43,32.52,108438.8,131627.18
29794.58,25502.23,80958.37,1725.12,59.37,36.64,364146.77,210203.65
13970.87,10978.08,26736.99,2278.23,443.67,39.23,482538.04,251122.31
10298.64,19420.7,86800.52,2868.81,92.19,31.75,60369.43,114807.37
23559.38,9242.6,141885.0,3655.84,490.82,21.78,156479.53,160939.31
16802.13,5756.07,68720.52,3155.99,486.37,4.56,311460.35,221208.96
29481.1,18850.68,137133.02,853.4,237.17,25.14,436665.74,201279.98
30518.43,25364.95,60755.79,2022.65,324.55,25.08,466068.87,258290.34
9982.59,3331.7,61242.82,554.08,228.1,9.3,406202.65,159913.79
47657.84,29200.83,49428.62,1013.54,474.74,44.91,92055.05,111352.6
43901.41,21096.84,88956.32,2411.08,96.83,48.77,57479.88,144968.66
45755.67,10792.67,91148.45,1823.39,441.12,37.17,414781.34,212165.06
5494.33,19766.16,74764.46,1082.48,87.55,0.36,482911.2,174528.93
46604.85,21301.92,44136.5,2307.03,342.41,47.07,219845.78,155360.83
14955.57,16364.54,28180.7,1558.71,202.9,47.72,59221.08,52525.83
31914.69,15944.32,67286.78,3286.0,212.84,12.76,316353.84,233783.65
15086.18,6881.22,63736.3,3001.04,121.72,11.33,338719.78,198345.41
22564.35,18839.22,131412.65,2393.6,473.11,23.69,32197.22,130350.6
40604.32,23173.36,143366.15,2703.14,96.81,30.79,36966.79,138840.2
16315.93,9135.65,87607.75,1746.58,401.05,19.11,255052.62,119687.17
10592.81,14788.08,17454.0,2262.34,288.07,38.8,183459.18,149991.59
34219.2,24806.89,85606.83,866.44,260.51,30.32,279834.29,137466.29
20104.58,20055.73,101752.78,1793.1,363.46,45.6,255251.17,166133.86
41256.21,9617.18,57806.76,2624.23,128.21,20.39,294127.99,217321.85
44283.92,14744.79,143027.46,2427.25,166.06,9.88,372976.34,230108.98
40687.1,8693.41,83811.62,2516.21,54.73,44.0,156650.93,124295.89
17603.93,9765.9,153760.52,1700.57,300.33,43.8,200314.94,126661.56
4092.74,5368.35,92339.34,1366.64,285.87,43.82,62437.7,76580.34
48794.81,14340.59,129383.92,1097.57,454.22,32.49,410391.66,227781.74
7811.25,7287.6,95283.91,1918.61,29.17,5.2,344206.77,178888.1
45975.14,14260.04,72933.83,1561.59,88.92,3.1,148443.91,158228.46
27793.86,15081.66,142118.47,2028.23,382.67,24.39,476197.67,266781.74
10849.79,14945.2,115636.8,1558.04,148.94,29.1,305368.81,162189.01
14632.64,20902.11,33053.33,1856.81,340.84,23.68,145001.64,117429.24
22420.44,9678.58,14908.72,1356.63,440.83,6.52,373174.57,176394.95
22022.28,13929.47,57827.53,1403.09,453.74,48.87,335875.16,187592.61
23858.95,11670.19,103456.37,2594.81,403.7,29.62,81884.74,131986.45
28723.72,6356.5,58310.14,1433.22,46.54,18.12,385169.63,175839.9
1636.67,12019.97,98777.52,1069.53,445.88,18.7,306878.67,112042.56
11869.34,9888.27,136023.12,2170.21,266.08,28.12,87304.31,95851.16
3856.83,20465.49,45906.0,1984.32,84.87,17.07,255070.08,160514.11
41174.37,13310.07,68577.11,1971.38,437.08,1.59,301301.68,182008.83
12547.24,3311.54,85481.88,1178.74,362.18,19.48,381609.61,145365.59
28707.83,21381.45,127987.6,1858.24,175.83,9.78,267026.89,161956.01
46913.74,14848.71,84069.03,1693.07,312.25,33.13,68211.04,92187.32
48849.83,14710.93,79102.06,694.35,423.18,48.42,379847.44,213599.02
8605.44,18052.67,74692.29,3203.86,395.31,10.27,254881.27,167307.8
33782.83,18588.31,141112.76,1271.07,497.39,14.4,398441.02,184909.79
1795.29,5172.88,29465.61,1056.01,166.8,39.72,104169.75,67576.52
22412.48,12461.76,95072.72,1093.08,394.26,13.31,42609.25,91899.51
4032.39,14795.64,153636.93,2634.06,273.43,47.54,70741.75,96373.7
28570.95,15955.91,160959.95,2943.91,210.71,1.99,127930.15,158583.84
40032.01,15997.22,94657.21,3066.46,228.35,20.3,401207.24,275748.57
21973.38,23749.91,38096.32,2323.05,401.63,7.12,407391.52,238474.61
28563.88,6366.78,149421.33,2688.05,390.07,11.92,50693.68,105749.75
41512.7,22891.85,135734.77,3316.45,300.19,8.24,470398.19,250538.08
23901.7,8871.07,131118.86,2714.23,232.73,36.62,486169.91,226158.69
47582.58,21716.49,79309.45,1874.2,327.01,47.74,485001.5,238331.57
42970.85,17745.73,150634.5,1108.41,464.91,3.55,92905.23,101620.5
41511.97,15808.32,53806.54,2675.48,182.77,26.89,477158.99,248717.63
33567.37,16427.23,63241.96,709.71,281.64,24.42,29083.48,82395.91
36623.53,15115.65,43908.51,1370.02,74.8,26.21,59499.4,100419.03
42214.88,28009.06,114823.43,1470.17,234.05,2.54,478521.71,214334.01
35211.3,26112.05,93092.14,2881.54,331.37,45.16,309006.18,220660.43
19305.96,9817.03,15284.23,361.05,416.97,28.4,170381.86,122306.89
15047.91,13426.17,75888.48,3286.95,63.51,41.75,244979.57,185452.44
35965.74,20200.8,122356.58,3245.41,262.73,29.24,116749.48,145479.31
17727.55,23017.16,106471.82,2107.85,344.58,8.63,120842.63,119604.53
24692.07,18221.74,126113.81,2814.17,95.9,13.8,47592.48,118731.71
46036.37,28077.6,109319.41,2120.53,453.5,16.52,208372.19,164629.22
16069.22,15113.8,106456.18,2206.7,276.86,22.41,186699.48,155963.82
13613.7,6378.41,133186.41,1965.52,483.16,30.24,183757.43,139785.51
15786.48,6160.67,112319.46,1741.87,363.14,48.27,375702.07,186274.93
33760.69,14716.57,118373.27,1503.68,83.5,26.08,300603.81,159613.2
36485.39,17721.83,156263.35,1430.05,133.05,42.08,445627.06,222529.34
5465.44,15697.21,20882.75,823.42,377.05,18.81,92340.18,60612.66
12165.52,15068.83,87599.49,990.67,76.64,17.82,204245.36,117638.05
27895.49,24548.36,29595.14,1050.51,102.84,34.96,296662.48,158812.06
24244.72,7215.34,26001.96,334.37,435.57,40.4,349433.47,172453.38
25352.0,10985.87,46856.32,1322.03,133.2,28.68,132380.15,104110.74
48007.29,19166.44,55906.2,2763.55,125.57,22.78,276998.66,198718.0
48689.54,17382.83,160441.13,1453.55,89.04,8.07,85576.76,111017.07
29877.23,7632.4,55532.64,524.0,416.16,5.43,25218.06,67909.17
38240.73,13010.19,88682.43,3314.54,474.32,22.62,327001.48,183278.65
39827.39,26424.27,113431.01,1508.25,376.71,38.59,217689.07,171048.44
30310.23,9027.07,107276.05,3144.69,470.07,10.34,438247.33,246749.37
38394.62,15608.12,79997.82,749.78,318.05,27.5,432875.63,177570.84
24592.54,15047.84,58022.53,2492.84,467.45,8.96,453013.72,266847.07
10556.44,15646.28,58430.68,3095.45,209.18,40.04,295661.56,163787.17
16419.71,22276.18,116344.6,1128.72,122.84,14.14,462430.47,223717.82
39806.75,26086.66,168067.67,2688.37,332.95,1.39,213657.86,230900.91
24109.57,14056.01,149143.41,2700.36,375.8,0.58,379173.06,241655.86
1796.6,9133.25,108154.19,2714.35,392.13,48.31,30532.96,79738.41
24985.6,6816.09,85344.46,1048.29,499.07,39.29,196053.3,121574.82
3175.47,2636.36,122516.76,894.53,410.15,17.51,282530.89,134027.85
3085.04,6398.1,114995.49,920.41,282.14,36.32,434718.14,174618.64
40102.38,21483.27,40440.73,2202.53,486.54,7.9,69699.0,149472.65
16568.39,6295.2,44995.36,350.68,429.79,31.39,343322.26,126986.21
5666.45,17937.62,59202.65,1772.57,184.3,5.54,355922.3,202346.2
14749.96,9828.68,71939.3,1546.48,153.97,16.66,444360.01,233023.04
20912.96,16018.94,50507.96,1937.66,321.23,0.82,113208.07,121619.91
23789.99,19092.98,72763.45,2519.72,304.34,12.49,247753.24,172979.06
3576.22,8028.47,12991.12,2948.67,480.05,19.16,112480.01,120043.97
16833.28,4875.89,127427.24,1679.08,490.61,40.62,166482.89,134316.66
49135.97,15477.94,152479.59,3622.81,202.59,13.12,497469.52,261421.76
1048.63,3692.21,61609.34,2249.22,32.51,8.58,218476.16,115262.56
21755.68,14400.4,64568.58,2761.99,293.95,33.85,228940.73,144754.01
40923.99,13059.49,103402.99,817.2,11.54,17.92,401966.58,193622.84
4441.44,18379.67,79863.91,2651.72,18.29,10.31,176637.7,140864.41
13669.3,16977.4,96425.14,1723.05,55.33,47.93,224673.26,156520.01
36883.6,19521.3,135988.72,2429.35,258.04,34.13,388667.3,198660.09
1232.33,5103.64,30764.32,1581.92,386.15,27.56,158098.22,101022.84
15119.63,10228.15,142029.07,1580.54,406.09,35.38,395642.48,192364.58
16871.16,6312.98,143868.67,2216.27,462.75,17.75,26613.4,88595.97
22873.09,22655.32,74401.17,837.37,176.47,18.11,245137.11,168487.74
21264.83,20667.22,87453.36,2571.61,387.29,5.93,112389.13,144097.49
15443.0,17646.51,45673.53,1827.56,357.68,30.06,372526.04,188275.42
34388.09,8993.12,140357.69,2854.38,267.26,21.0,462899.32,275086.09
15443.92,6195.55,144683.89,2064.38,346.9,47.6,193851.02,139467.95
8145.78,19101.71,94647.12,2223.23,318.17,19.89,455913.57,242765.71
44778.89,16961.57,106962.9,2961.53,377.39,11.67,213513.52,215119.22
28187.77,18790.07,35655.77,1749.62,255.46,44.91,90446.93,110129.03
38266.76,12435.26,17222.9,364.39,493.83,39.47,265595.13,135203.97
44323.14,20566.64,151270.21,2770.82,242.21,2.1,139227.09,184978.21
1607.46,3342.18,131555.3,2314.71,387.07,21.7,348422.85,165886.22
42942.57,21280.91,163323.47,3341.84,401.51,44.42,73110.14,137128.41
4674.93,3534.06,20267.54,669.58,84.98,24.04,499565.65,146619.67
46271.12,26250.23,110992.97,2859.39,440.69,4.89,408632.48,282820.3
10005.81,4309.27,44453.25,2835.68,223.22,26.59,160283.4,140417.11
21717.22,12305.23,90238.33,2089.93,298.24,33.64,71145.68,120654.15
13360.29,16794.02,23905.17,1712.71,151.28,30.08,472946.73,182419.35
46237.95,11562.6,62519.43,1422.59,317.88,41.48,203046.64,151779.07
25420.35,19405.01,164355.86,1360.45,64.97,40.99,319917.11,183155.59
17133.86,22813.59,158323.97,2377.55,276.11,14.99,166505.7,153442.34
49306.81,20021.08,139531.14,1218.5,331.06,25.58,128051.33,144707.53
49745.37,20156.36,154901.27,2821.64,476.21,49.81,412923.53,288415.99
37155.0,10578.53,39157.8,3013.06,467.09,42.57,433369.16,230329.2
26270.78,14261.21,156815.58,1864.2,354.28,24.18,328843.91,171729.63
27287.84,9126.96,91118.87,3009.78,109.91,33.27,32035.34,93371.63
47182.95,23680.04,119034.14,2817.83,192.59,29.0,482074.33,269613.75
46736.03,27293.96,110007.97,1453.39,67.34,16.48,217653.53,165414.0
38717.76,15329.15,21831.79,250.65,69.15,43.57,451409.39,172848.41
10457.37,9536.84,41411.77,1786.3,128.11,40.86,239927.02,150590.16
27103.39,23884.67,52113.59,653.48,306.91,31.48,275560.46,135018.4
38486.2,15505.9,121254.54,2575.55,276.06,30.76,336939.68,190463.48
47995.71,28566.86,27871.6,2372.17,349.96,40.41,429861.98,255907.57
24973.99,21320.43,56264.13,2694.29,337.72,13.22,496322.74,267607.74
7940.31,3138.07,139161.96,2160.47,471.12,24.83,353204.22,183411.02
13271.22,7347.17,100355.3,671.1,214.12,47.73,346785.11,125319.9
18045.66,4216.16,141838.38,1003.76,273.99,7.36,84985.64,90270.32
12395.93,9744.91,95800.49,1636.0,245.47,15.97,261519.21,123881.37
20412.16,11073.33,59227.91,3109.29,91.6,14.42,308479.32,210580.63
14097.68,22606.35,167172.35,3802.06,112.79,48.36,129729.2,176091.37
29928.09,8167.16,119056.92,3345.89,241.78,20.36,422646.85,238780.19
1329.07,13604.55,97601.21,1461.55,149.85,0.85,51586.1,82722.42
27994.53,15816.22,35072.87,1892.2,10.72,9.15,78632.07,94348.29
38254.49,24625.47,85813.17,909.04,62.11,49.58,28137.83,74727.33
49884.75,21223.01,65040.0,2774.94,343.66,27.87,262624.45,243875.63
14512.34,15001.16,72578.49,2873.76,300.19,27.62,215598.92,172771.95
25706.75,11674.84,140522.76,1576.76,105.47,33.07,169680.56,101476.57
28402.87,7953.8,102962.6,3314.77,86.78,13.52,39538.99,111332.46
6103.42,13876.2,37606.97,2400.67,391.19,22.75,249016.7,138867.34
2064.45,11191.3,75328.95,507.67,101.33,24.69,242356.56,83996.43
4274.46,10427.22,103830.92,3008.47,390.75,26.71,159090.96,141335.33
8974.43,13000.02,84499.41,3392.38,392.01,13.64,407134.24,250113.0
35696.47,15364.16,143191.71,3466.82,165.71,18.53,430817.86,279025.71
42756.78,9128.25,106356.14,2359.45,148.52,39.17,308874.99,202199.34
10353.37,3915.25,110551.36,1569.41,21.37,2.78,374014.43,169697.3
35553.1,23538.61,145554.18,3317.65,423.8,0.31,370789.57,210224.08
7280.92,12192.69,134941.61,1537.54,327.03,47.11,34622.65,64553.9
18216.13,17499.49,74121.61,1848.26,186.14,25.53,136445.46,136286.97
25209.12,20189.74,128674.99,1220.88,134.33,22.26,313520.98,141244.3
41785.95,9378.77,34588.99,2858.68,43.79,14.62,431639.42,258556.64
46001.41,18058.9,60889.69,2942.74,102.92,30.76,227204.34,200491.52
35802.01,8773.05,151329.7,890.36,263.48,15.91,311448.28,161451.53
49225.08,22493.62,136303.31,1010.12,383.07,8.79,297572.7,175441.33
25086.72,5685.14,37717.46,1274.18,179.45,27.31,165143.38,123504.06
13995.46,12060.35,105782.35,2469.74,296.84,7.36,152400.26,123398.57
23599.24,23879.17,149053.23,3370.92,83.3,16.22,28030.25,128205.47
3455.23,8562.34,156686.27,2562.34,121.49,45.39,318678.49,154910.38
15404.06,3720.65,64607.28,888.16,298.59,30.15,461797.97,183292.09
41724.52,22005.98,90968.99,1432.88,295.62,40.7,422565.98,204096.95
8431.52,8126.54,93607.66,1838.87,230.64,28.19,280987.76,137127.18
17931.31,7102.61,150361.76,2894.02,391.8,39.39,279581.6,189530.09
41900.68,20602.0,147790.17,1047.81,197.7,37.14,348516.06,160101.67
11254.59,21260.94,136124.27,1199.49,231.69,5.65,298657.37,138991.63
6420.84,8639.58,128016.49,2112.23,52.17,49.46,70415.26,82171.95
17773.44,23123.64,108840.56,2490.79,127.75,17.54,37062.59,101420.68
43866.33,15886.5,68604.22,2630.59,369.92,39.35,361821.1,183869.71
41001.5,18971.88,82871.66,2532.17,39.25,15.07,94955.88,131593.06
37647.18,9256.39,39606.79,2835.39,416.34,18.55,356288.0,202671.97
21396.86,6968.95,37419.9,766.17,173.69,29.11,110503.69,84857.79
31951.75,21855.74,135527.62,1801.47,369.99,44.47,234008.84,137301.12
3804.37,19353.72,82232.51,615.64,312.5,1.66,407313.24,161234.62
28181.26,10960.37,103905.23,3368.56,405.52,26.46,298186.09,210168.08
41511.36,15845.15,117800.52,1326.07,280.86,26.7,354059.08,175049.64
49552.75,26612.73,132590.45,2395.01,236.97,36.99,441511.26,281591.81
2522.41,19644.32,77621.33,1106.27,409.56,15.91,431405.71,162128.55
14157.17,14367.2,160719.13,3316.34,420.64,8.99,464669.07,259466.21
2756.29,2388.18,11943.97,2651.94,119.24,34.18,180253.3,105290.48
13171.91,12021.33,150670.2,1369.04,458.98,43.92,428570.65,196780.26
24108.54,23417.38,38333.78,2429.43,245.28,16.42,128753.2,125287.61
24291.34,19050.33,147150.7,1546.58,84.88,29.76,408496.61,167918.85
23460.44,15852.43,84207.81,864.92,382.14,25.49,371363.4,157336.13
39928.39,17909.3,149254.44,2180.66,65.76,16.79,378754.81,200313.54
39741.79,21470.4,93743.06,1162.88,268.05,21.28,394930.2,165800.33
46172.98,14480.02,100861.68,3072.98,407.15,4.05,444848.81,256017.93
4691.2,2873.12,47453.96,1182.88,398.67,25.79,319196.18,137912.55
40415.2,20327.4,55466.84,1175.93,64.92,13.85,360334.24,196916.34
33636.56,13518.79,61316.11,2438.38,259.69,5.87,241375.97,168393.89
49683.61,25122.35,102454.25,861.03,101.73,46.12,341446.69,179025.46
25284.65,13824.12,22867.52,2559.88,128.55,18.7,274184.21,212336.11
38468.69,17780.13,125330.41,1633.23,274.54,6.47,188865.35,155643.54
31681.81,10090.35,47831.7,1598.37,95.04,17.56,205399.43,142205.7
47985.13,10922.65,155214.56,3715.54,398.33,11.23,303138.61,224505.3
12959.08,13807.23,60355.05,2419.15,132.9,38.18,495969.93,236709.44
26512.95,15227.62,25322.91,3014.85,244.88,22.85,310172.31,208286.52
37846.19,23071.17,93127.2,1305.54,314.71,21.52,217940.55,144577.35
49245.76,27552.36,77528.86,2063.93,461.17,33.88,335578.89,224152.98
20113.07,7043.01,75901.98,2498.57,230.46,8.96,43634.96,102823.54
8319.33,4115.92,124189.37,3598.93,87.34,48.47,381515.89,182686.59
47707.07,25110.94,99508.59,2218.52,304.35,43.95,119684.79,155383.13
13704.96,8129.67,27747.48,1162.21,431.84,24.57,134345.84,84878.11
32761.0,23610.7,27973.83,1832.32,460.8,9.67,483815.75,244490.3
36030.93,26616.3,147132.5,939.97,482.74,11.3,392589.35,227556.43
10112.75,21675.54,153946.0,1313.35,265.91,15.44,86472.65,89136.59
7835.44,6664.63,84749.01,2005.23,200.3,43.19,239652.57,136722.49
44441.32,9688.5,114515.87,2367.77,169.54,38.91,136237.86,157414.16
7322.47,13063.38,142945.72,1473.38,390.84,5.67,448900.25,203938.1
28696.57,12129.31,132561.96,2342.66,11.87,2.6,402441.5,190126.63
28990.4,10192.69,42085.28,926.17,320.38,21.58,32786.56,84034.96
45020.39,22360.15,32510.16,2331.96,151.01,14.06,96989.49,157780.46
5235.92,16272.89,66348.61,2500.84,142.32,46.64,22228.03,84959.89
28478.09,8315.6,101582.8,2393.4,364.79,0.82,312956.49,161986.94
16045.54,19358.01,159560.46,2104.41,384.38,19.08,413882.09,226158.89
31881.54,18822.43,50920.97,2529.98,196.12,23.19,118828.48,146582.62
35816.11,11290.31,39898.84,2413.43,275.73,5.66,391590.49,186224.24
5331.71,4061.21,141808.86,2010.22,39.34,18.83,444050.68,208068.45
39140.79,20710.81,52681.63,2728.37,428.69,35.16,74570.48,116318.35
40473.72,15622.37,116861.77,1821.15,61.31,14.44,312975.94,189412.12
28426.42,15552.5,148855.38,2646.15,277.45,31.06,463688.86,253682.86
20803.57,7090.55,120106.49,2096.85,363.98,44.8,153054.91,120775.02
3321.33,15684.86,48668.48,1462.2,132.65,19.68,128579.77,91916.26
44490.98,18715.12,101645.4,2505.27,206.32,13.6,334973.7,207582.73
39177.79,19571.41,132757.66,1114.57,410.61,31.34,294141.43,171346.36
44909.98,22266.32,77460.9,2613.18,294.47,41.35,276329.12,165671.82
33898.77,20407.55,64310.47,1132.18,469.63,18.11,425782.92,217185.51
15054.94,13969.59,105773.32,3303.31,472.48,1.29,388407.54,203552.9
30164.28,23213.81,33994.86,1949.84,372.22,15.18,446970.06,214853.89
2820.87,16874.1,39440.78,796.07,333.9,48.29,188026.86,107900.66
45622.54,15104.93,20793.27,719.38,175.54,23.61,188515.71,146490.54
49828.76,27233.93,119716.69,1067.62,416.27,19.69,346998.63,237062.08
8859.44,15009.76,122758.37,1024.95,331.89,4.6,158335.84,112870.09
49344.95,25561.51,70141.65,2133.23,468.32,24.74,481355.88,245944.12
47693.51,23501.78,63180.53,620.92,410.42,22.58,39574.49,114929.51
14916.29,20809.14,114292.51,2423.05,60.16,31.36,279741.26,161660.4
29217.99,18673.68,162712.16,3423.45,383.44,29.73,133229.76,161211.3
26729.33,11654.42,114360.54,2177.85,258.36,26.87,142621.0,147035.99
35701.04,12848.49,119160.72,1258.19,363.3,20.77,44540.9,96306.81
21017.32,19147.33,90307.54,1451.17,31.9,37.74,264045.68,136787.87
49952.96,10932.43,89850.48,775.96,219.92,0.56,186079.3,143399.49
47135.4,14603.39,130527.8,3367.54,92.49,20.05,174073.02,196172.01
36512.07,14338.06,70286.71,2456.04,157.76,25.02,375495.6,221149.22
30653.67,18470.7,157435.42,957.45,299.52,32.85,33008.13,71629.74
41704.49,18182.65,27072.67,2978.76,260.36,35.29,493090.06,240074.26
40686.89,13322.42,129044.9,1662.51,159.21,24.79,253512.52,154929.52
48619.49,13580.98,127425.96,1812.35,78.97,42.57,249172.52,194497.32
6364.88,14202.27,94149.04,749.34,474.15,48.7,493949.86,185864.17
27287.91,15887.16,77603.7,3189.9,489.52,25.74,423374.47,234865.05
47459.24,24888.3,124880.05,3388.41,88.61,29.14,459303.25,257307.43
1031.47,3864.05,90230.38,2618.06,12.85,36.49,252961.68,131650.14
9349.18,9643.93,62763.67,2855.01,44.77,11.52,458386.61,244751.11
10475.88,21955.36,58796.77,1741.16,130.25,41.66,429956.31,190221.56
42636.78,11747.79,49065.88,2651.71,129.13,3.72,24194.35,89006.58
12538.28,7411.76,146655.43,1704.7,352.98,12.0,262128.58,139849.24
1992.8,5994.11,13325.39,1150.54,452.98,20.88,493140.36,201960.26
39705.39,19968.45,21882.46,999.63,483.88,21.96,40031.48,112860.05
3423.5,14393.11,40081.35,1843.97,273.25,11.78,24887.16,60772.05
23727.58,7194.63,37065.05,1320.91,248.81,35.27,138445.58,110865.79
39552.55,25118.55,82683.86,2504.3,274.96,7.45,312785.7,214861.8
41509.03,24276.66,90219.6,3262.8,62.34,47.23,140904.12,142359.87
26738.88,6606.73,137865.9,3157.6,475.19,11.71,237093.02,210295.47
11614.5,16752.57,112984.23,1914.35,384.65,27.51,129364.61,128690.75
39139.66,20033.02,77824.0,1514.03,284.33,15.63,489441.62,276356.23
7617.49,8542.85,109546.42,746.88,454.38,29.42,207764.93,114191.73
32723.13,21805.13,66138.19,1944.51,232.29,44.09,467771.67,240491.55
9054.56,20490.36,153278.83,3384.62,381.13,37.31,400354.96,201066.31
41260.4,24201.02,33361.96,1264.29,305.54,30.16,238645.66,194210.73
36314.1,25515.86,140190.71,879.58,451.46,38.6,104579.03,100665.94
31250.01,18004.18,23133.03,446.43,230.77,10.96,471058.02,200075.22
16538.91,16269.04,31965.59,2610.96,202.11,4.17,166941.92,149216.82
17163.2,12502.53,16599.45,2621.33,127.08,4.89,143304.25,142265.47
1094.56,17872.34,44229.1,478.0,420.69,29.73,189987.23,117796.73
24117.78,11283.98,54015.46,1803.45,175.15,15.1,494307.64,233893.68
1808.07,1603.0,17103.71,2821.9,449.72,25.78,279300.91,120450.63
1132.66,13497.77,151371.02,2020.97,63.67,42.05,420750.98,211939.34
12332.75,7805.9,87570.99,3084.26,412.0,36.31,435019.3,216503.93
36760.95,15379.84,158078.66,2099.08,270.23,22.13,380345.04,255174.52
8490.98,15206.54,120327.1,1461.94,193.06,10.36,360811.32,184227.97
2646.89,12596.93,15616.86,1139.32,213.82,1.64,182358.52,95897.18
4469.22,3228.03,110783.72,3085.59,160.99,28.63,460772.69,257798.95
13909.02,6459.47,31546.14,567.81,120.82,13.09,124200.21,67290.53
34083.37,19662.04,70370.42,1873.01,42.67,17.11,378022.93,222550.61
27432.45,8990.89,44963.74,2361.52,423.4,49.93,119836.51,116709.81
6738.07,4620.24,36721.53,2224.2,454.03,8.75,223975.36,119021.53
2164.07,3469.43,41662.72,312.14,353.53,46.75,207626.62,71290.4
39960.63,9845.75,134385.5,3554.04,446.96,2.89,198145.9,211396.75
7218.59,12154.45,29432.54,517.17,298.21,22.85,480605.77,195501.88
21418.5,12010.82,75552.84,1508.1,296.2,20.92,96423.09,98688.93
26665.34,12177.76,86989.84,2077.5,143.49,21.43,212441.31,161120.14
9891.27,14338.32,110684.89,1175.76,317.13,48.72,243318.96,147015.3
42496.84,13176.03,101111.0,2505.6,201.4,12.52,74061.24,134148.4
35888.05,11607.24,125764.55,2647.19,113.81,6.04,21858.57,119211.07
13964.14,10755.68,68982.44,1661.43,230.7,12.69,260940.48,168407.44
11628.89,10639.82,52218.08,2873.14,224.96,14.74,271058.52,178217.61
4827.31,3692.06,148426.83,1390.75,381.27,3.55,24846.89,58165.18
30163.87,22502.25,24912.43,2175.51,41.01,40.66,309587.34,207686.57
29517.96,15529.45,62055.75,2469.11,147.34,8.33,94150.18,123923.57
15774.09,23053.87,149405.44,2510.42,95.85,37.45,242430.38,169640.51
13821.09,8529.0,148038.13,2245.95,283.16,41.79,382734.23,201895.66
49082.55,28076.62,147400.1,2000.06,61.28,18.83,461367.5,246562.12
17018.02,20290.26,48949.54,1626.22,74.68,2.06,190639.84,131105.5
21368.23,6974.03,127037.33,1192.3,334.85,25.41,366065.28,156493.91
41736.74,20270.43,137968.97,2508.34,205.3,45.05,170124.78,138187.14
32756.6,25563.9,51504.71,400.39,460.46,20.73,391692.25,209590.04
16721.01,13271.42,51322.4,1012.09,172.93,2.24,71557.74,92540.77
27135.98,13940.32,58176.31,1126.87,76.94,42.17,421648.82,167328.99
43138.56,16040.71,101901.17,1987.77,77.34,34.48,158394.03,137642.6
15057.73,9909.07,92059.82,2775.72,90.5,11.75,183732.44,162066.19
44199.24,14290.57,146194.3,1361.12,496.59,34.31,476592.98,225519.92
13472.92,19185.84,139622.23,2698.83,118.84,9.68,22057.23,106394.86
43543.59,21735.14,35858.38,2952.16,182.87,28.54,319080.45,208356.73
27011.67,12669.44,70734.48,2105.83,492.01,22.3,394681.87,191452.39
36849.72,10319.36,21767.48,2894.76,30.02,31.63,363870.05,182991.91
33509.21,8292.69,142245.27,1669.28,15.83,44.22,68283.24,99922.06
20935.94,18409.46,80968.63,3245.94,461.84,44.74,276653.04,209573.3
16840.03,15694.87,92917.73,1176.15,69.52,44.84,322396.2,154625.69
45621.27,16515.69,123374.94,744.61,466.33,33.21,134841.07,141726.55
31221.05,21307.93,126041.14,983.17,291.82,37.15,494223.86,218950.47
6976.48,19692.95,89511.23,1061.94,282.92,39.5,411952.93,196851.33
30938.39,15481.2,80283.27,2823.39,330.49,7.28,28785.21,108359.81
39358.21,20576.94,147292.69,3021.8,249.66,6.5,152853.05,136325.69
41598.8,19716.23,117661.13,1582.09,396.7,31.68,457115.54,246343.29
28458.32,24671.78,100144.03,1797.35,214.51,8.27,432165.14,221631.04
27488.02,13788.91,91589.88,2809.0,173.95,11.67,34671.79,118791.58
16298.5,18845.15,132407.8,2968.35,220.12,41.54,371811.97,203161.88
15787.87,9427.95,72758.47,2564.99,173.55,9.51,477913.33,207248.31
5299.15,15426.48,70565.4,979.53,136.09,7.9,321159.41,144263.95
2674.79,15361.68,147448.59,1072.46,422.15,40.17,296541.17,145197.59
47662.01,15035.09,63927.51,2507.31,172.3,43.58,373422.17,225534.57
17417.3,11615.47,72996.04,2655.31,242.66,36.91,473205.22,233320.01
27760.84,23358.66,92914.05,2955.56,256.71,22.75,45131.63,121991.98
31115.7,24973.75,65796.39,772.73,209.42,35.01,368067.69,203983.82
44529.91,21423.0,58418.57,1520.1,135.92,9.6,328515.75,233149.15
36330.99,18566.52,32270.14,1028.31,14.21,35.18,407349.99,165413.94
13233.85,11453.62,109353.92,3478.81,48.81,42.46,113325.99,117963.98
39888.13,27263.52,108144.06,953.68,80.92,21.99,253475.83,156392.45
6644.12,12098.13,109515.36,2515.93,342.61,9.91,447947.64,258197.82
5331.12,6829.65,50244.91,2493.99,295.82,36.19,192499.66,116358.3
44259.53,22015.94,142086.86,1728.54,229.33,19.55,118310.61,148668.69
37429.54,17516.35,119419.17,1895.28,323.56,5.28,244105.98,170305.39
26811.89,12195.13,131524.05,1070.12,112.75,27.99,211194.35,115793.03
15114.94,4584.58,136267.88,2473.0,420.34,45.08,475519.63,218346.79
29674.38,15973.29,82960.38,1525.85,352.15,34.97,56816.09,98851.77
16414.5,6434.3,79792.61,2408.73,488.19,2.63,314580.83,195471.04
48830.29,27231.56,76837.16,3234.05,365.39,9.78,156994.4,193608.15
8778.68,11219.01,48044.49,2353.49,102.28,12.8,182008.78,147125.39
48020.22,24570.88,137475.94,1346.21,12.59,27.29,116001.93,141732.13
33433.91,10102.26,38459.27,2367.5,326.95,5.82,437521.7,227149.76
31530.5,25495.38,139998.11,3031.4,66.69,30.23,401130.91,229272.01
2888.56,14568.97,31850.92,497.85,426.44,23.12,261059.65,104009.76
26090.05,19313.25,154657.91,3065.73,195.65,27.65,132547.03,131480.24
48982.01,12625.34,133722.34,1058.39,252.9,13.14,287644.85,171012.24
21776.84,12479.08,86322.16,1390.62,10.73,1.24,497465.89,230218.56
37730.22,15369.53,146162.24,3452.94,80.52,36.72,279648.71,214907.65
27604.14,21896.39,128632.66,2937.14,277.04,3.3,58377.36,115202.24
35233.04,16028.2,143858.19,1493.69,80.74,20.86,284865.47,172285.1
31265.8,24576.87,63664.82,689.99,380.09,13.98,116425.34,93808.99
11823.06,15647.08,26386.78,2183.31,23.13,23.09,292006.37,168257.67
22001.05,4950.49,105609.63,2556.95,124.54,47.09,201183.82,134834.89
3387.4,13697.52,129856.03,3550.65,347.43,43.78,70585.91,115347.31
8241.39,15443.17,129848.73,1706.33,153.69,24.27,168780.52,108805.16
40334.86,27820.11,85991.7,1839.81,324.84,46.08,148623.14,132450.58
4313.38,8742.24,23212.2,2321.73,454.69,24.85,373745.12,208598.8
2284.26,4312.06,79649.19,2761.3,211.06,17.6,115105.72,110790.83
33483.15,23322.78,129479.79,1321.55,303.96,18.08,228502.28,139448.86
12527.56,17282.62,46406.34,2145.92,225.29,1.14,188533.7,165146.57
14260.98,20183.65,85376.36,3222.62,127.46,37.0,243634.84,169565.76
29004.27,19410.19,68509.37,897.37,89.11,2.45,149086.05,106931.2
29825.16,10502.03,40687.9,1142.26,449.03,25.54,116295.27,104174.7
33448.43,8321.22,33640.99,2755.9,199.18,44.93,223343.7,145267.84
13149.4,5173.6,149463.28,3089.61,186.63,5.32,215118.95,165963.52
24289.98,20897.38,42626.18,1097.37,485.12,9.47,121542.61,108426.29
12597.52,12313.09,68343.64,3204.36,305.93,26.22,248671.47,164883.52
34886.15,13533.7,128378.44,768.52,79.35,12.11,176589.43,134656.12
43733.11,10791.4,24869.2,2909.19,211.03,22.03,391861.69,222200.13
24606.41,22596.94,70378.17,1379.6,440.76,15.98,184352.41,151378.57
45901.05,11366.65,131150.43,2858.27,142.81,39.37,265312.02,177526.22
2893.57,6284.66,44712.37,2583.47,175.73,30.16,363817.63,200430.49
37963.69,22048.39,78584.89,2049.9,466.78,25.65,107898.43,162506.89
47325.41,13290.55,32524.84,3112.41,176.28,39.67,300148.83,239483.82
16421.15,7599.4,111312.97,1914.23,178.82,28.76,116023.78,91143.15
7286.37,10441.46,125969.39,1799.23,78.95,32.93,274294.15,167437.22
8162.49,14823.08,138185.8,1677.73,395.89,2.7,242997.67,137090.28
1684.66,15205.03,124623.7,1585.89,152.12,41.87,130712.26,120537.56
38428.36,26254.13,109797.76,2779.72,465.77,31.42,429993.41,267941.25
13712.55,3775.14,53320.77,1290.54,256.03,6.14,378725.37,183505.46
5416.71,12646.45,95328.94,1853.32,267.98,35.99,209028.48,139251.66
40704.83,20335.15,152393.17,3508.09,190.36,37.32,120017.55,192289.71
36516.02,20546.09,118235.77,1094.65,271.19,10.0,483475.3,232866.82
46162.56,21821.94,58211.73,2602.48,362.46,6.0,475902.55,311660.19
41994.04,20723.5,152362.19,1297.31,137.03,15.27,260201.69,158685.36
18607.61,18677.95,126886.8,1929.05,233.32,44.31,420496.56,192312.05
22991.51,9886.19,20010.59,1089.12,117.8,34.25,216988.26,141099.62
15035.87,12877.19,122542.29,2284.6,440.66,42.97,369845.12,184235.85
48028.95,27437.71,51522.27,2537.82,23.19,32.27,370628.05,246846.25
14729.84,8363.23,109837.98,3173.86,165.3,35.95,54242.94,116314.3
39585.73,11472.96,56583.84,1443.66,473.85,0.23,66658.19,124029.34
5925.58,6651.97,72374.22,3167.74,410.54,44.78,202544.19,136902.58
20355.35,22927.28,125805.45,1636.29,336.7,15.24,64284.03,111295.19
25464.73,18682.91,74582.61,862.95,305.58,15.01,109719.11,88760.09
18894.05,4371.47,19660.84,2033.76,203.44,18.61,266334.48,132827.23
36253.68,22701.42,101843.41,3288.54,41.1,28.88,93666.63,132201.03
43048.14,13546.83,62415.15,829.31,41.23,29.8,458462.51,216231.3
35171.03,10783.61,18941.92,2534.16,130.01,22.19,60413.16,124550.52
48138.7,13465.84,137226.05,3055.96,201.81,28.32,250086.07,220843.12
47089.13,12675.0,44084.18,445.86,119.62,33.53,418668.19,182359.56
48805.5,18833.05,42851.21,811.82,213.45,25.17,228977.76,163885.92
28092.01,11830.01,14614.54,2779.79,211.94,11.8,469186.06,222989.91
45752.6,26965.67,134929.08,1764.11,103.76,13.28,422655.35,261489.31
31648.43,14657.34,57472.69,1460.12,289.22,16.9,32482.36,98754.45
38615.39,15460.07,110210.04,2726.82,49.54,36.62,215887.51,174054.22
12399.4,8945.77,46305.46,593.38,59.69,9.93,206285.79,113347.42
2707.08,14483.48,43927.64,844.49,113.91,19.11,259383.34,146385.3
31451.46,7442.14,141672.67,3454.86,474.73,2.31,357802.94,261238.08
48773.17,15598.04,134624.47,787.14,349.24,12.91,315999.99,216039.0
10285.07,8785.58,66352.14,2883.14,406.02,21.6,34479.63,105710.19
9436.36,5562.09,24352.3,3025.19,21.46,40.26,293411.42,141859.68
17771.18,20489.53,135970.26,866.63,14.16,11.61,203779.02,112780.6
26312.15,14342.38,152793.23,2652.15,73.43,28.04,134825.75,146393.98
14534.16,5466.13,24038.52,535.76,402.4,39.25,305435.01,130675.58
39554.0,17284.61,82750.41,1600.83,86.02,36.07,64174.28,96771.5
13873.75,17523.57,76590.86,1271.73,316.22,49.88,107860.46,111372.01
32497.38,19989.03,57796.76,2480.48,140.39,40.37,124139.4,159332.56
8693.55,17531.44,47164.41,2806.79,377.85,44.99,361534.14,228971.87
29369.9,24938.6,106278.38,3238.76,433.36,15.5,191582.06,206831.2
17076.94,6068.49,138158.61,2034.0,315.62,27.62,77670.88,98272.29
28639.52,17662.74,119574.03,3317.16,16.83,3.31,489586.45,237588.76
43634.67,25212.4,41331.91,2265.7,322.86,33.58,82930.9,132901.68
24404.79,22874.6,48213.48,935.55,130.56,46.57,285955.41,149794.58
11759.4,3381.11,42549.15,746.24,367.38,33.87,374420.79,152823.04
46026.58,17388.88,48052.83,1494.28,68.48,22.81,234593.05,159310.39
9287.6,13883.64,84801.28,2725.83,469.21,46.03,65218.51,102455.81
29189.45,14927.76,120630.72,2272.48,144.55,37.36,423292.54,239321.69
20347.2,8665.79,17429.61,2956.9,388.12,20.0,378366.71,217639.43
36442.7,14681.3,48079.33,2157.89,207.8,36.47,481103.49,260275.5
8470.86,12876.43,157240.13,2585.33,418.98,49.46,170217.43,115350.66
39306.1,11490.28,38877.96,2226.46,457.36,39.67,178401.26,152418.49
10312.98,14766.36,126656.96,742.22,242.19,46.79,205418.21,94260.79
21294.7,8524.06,29214.52,3058.02,68.04,41.93,486082.64,231064.22
5545.05,15230.68,131431.12,3464.4,272.81,36.84,275709.97,153932.77
22129.53,22174.92,111497.04,678.77,486.84,23.07,483351.9,200999.34
48345.36,18084.99,68000.62,1194.42,326.54,27.84,68197.25,91222.36
28401.15,18339.95,77147.8,2887.58,245.92,20.3,179667.7,170079.67
40909.22,11799.17,158509.87,1218.84,185.47,0.54,105657.8,110523.4
5617.26,11454.99,48972.7,1447.18,378.78,9.84,140112.48,84564.96
43603.4,22093.69,69676.12,976.61,270.67,20.81,451327.89,225796.04
25205.55,6357.41,53880.2,2012.14,474.4,6.86,114862.94,122040.35
5637.35,17315.11,124597.89,1184.63,206.87,45.71,86682.48,76087.67
23732.19,21250.32,32721.69,382.84,91.74,41.42,330900.03,142905.06
15628.57,10657.17,19674.94,647.89,334.18,0.8,339647.15,176563.77
32160.04,13908.35,113961.4,906.28,183.41,49.63,320885.8,182574.79
27005.44,14906.44,161191.18,2494.54,240.4,10.14,143851.04,163497.14
11057.73,21033.26,73520.8,1121.43,463.84,13.53,73372.41,82072.19
47532.13,21258.85,78324.09,1752.83,221.17,35.17,314611.3,169225.13
33922.49,17242.33,141734.93,1589.56,447.22,11.66,139369.72,150324.79
9570.93,21439.9,133420.77,1066.16,55.26,27.53,351658.09,155671.48
18311.19,21244.19,29104.45,1307.45,369.67,6.43,277436.69,137522.48
15918.86,20625.4,137907.35,1233.55,101.71,43.67,482579.22,173525.46
15182.06,4940.33,93479.25,2612.03,424.93,7.69,249626.62,144187.53
33235.3,24394.77,35697.94,2258.64,149.17,23.03,381156.53,224547.24
21631.69,22667.65,163378.52,3306.41,87.02,26.28,393967.71,257954.74
19873.22,23930.91,142886.7,3564.42,103.52,21.57,475237.84,299031.08
19877.11,11275.85,93303.47,613.12,466.75,10.24,87348.78,81935.7
18881.05,22123.5,85578.21,2479.73,397.68,4.05,264870.89,168234.1
39255.72,13707.51,41053.24,2827.18,28.42,47.05,144889.75,156182.73
38912.31,9220.58,91804.92,1807.55,86.26,1.87,138717.55,118296.58
27267.33,20109.72,109677.03,2996.47,254.32,35.65,287295.24,176884.09
22818.01,19250.96,35986.7,1420.25,410.27,13.45,141603.27,134221.18
10467.21,6691.66,29847.42,680.74,52.18,31.76,306256.11,121949.26
24510.13,12867.11,96171.67,1162.5,68.18,5.55,42551.47,67642.54
3538.45,7475.41,44330.38,2085.53,254.76,7.4,231729.62,123343.62
19766.9,17632.24,134007.69,3050.44,128.07,15.2,310926.79,220715.81
26922.93,24809.66,119145.14,1137.78,496.27,21.06,390925.68,201432.5
6184.91,10452.4,140120.71,1674.54,245.3,31.88,167912.73,98741.5
44513.41,24952.22,104345.19,2249.67,377.86,18.93,116558.02,132676.13
49348.88,26489.79,94167.51,1494.5,486.17,16.51,403888.34,224651.93
36695.61,21236.69,166981.7,2179.38,415.06,33.49,273102.33,201178.33
40775.87,26399.73,108376.38,2600.5,27.68,20.81,322586.36,218306.17
24150.97,16984.14,93737.91,605.28,219.76,0.01,372233.74,191687.51
4349.05,11256.29,122883.43,823.66,210.9,8.41,361609.81,132058.59
33993.09,13799.18,153410.63,1263.91,70.87,35.72,326248.33,204725.06
1535.8,15204.38,25065.65,307.72,84.52,49.7,196604.52,80855.96
30441.18,19721.91,90433.64,920.98,110.04,27.81,489963.78,189068.05
8024.15,5784.71,57988.0,2432.33,41.73,44.35,88019.02,110631.6
17231.3,17801.0,75109.67,1950.35,58.08,6.65,97676.29,116232.37
45477.1,18595.79,127729.77,2685.08,370.26,0.26,441743.58,268697.55
25981.69,16759.84,66583.19,1992.83,97.96,23.07,60396.87,108559.18
29168.72,23276.31,138983.69,977.3,17.76,48.97,126923.89,94485.79
4410.94,16089.49,124878.39,2590.41,465.19,14.18,347096.4,186629.3
40564.15,13627.1,58670.42,2405.08,495.63,34.97,119548.01,139069.89
26052.24,16992.38,68179.83,2928.19,426.72,0.8,286074.91,192846.17
10246.9,7703.76,26754.02,2831.3,314.14,39.9,266551.01,137082.87
10250.17,20765.21,113387.27,1760.34,263.51,3.54,63141.25,101726.29
3130.28,19799.11,118178.25,3035.68,40.06,26.38,354797.8,194505.12
41650.18,17594.45,161671.79,1989.34,257.62,40.93,351268.35,195979.65
40119.19,16594.48,93081.75,2119.59,292.63,23.17,378537.33,211818.29
26578.6,7007.74,25703.04,1651.99,17.37,23.9,158192.19,104848.56
10882.71,7631.19,97753.14,2432.67,419.92,8.51,67671.24,98870.79
35866.34,9233.65,39253.62,1162.1,62.49,31.88,127210.97,100168.65
22699.72,19574.38,110246.86,1924.2,85.85,39.99,23664.94,92849.13
7628.81,9140.07,117168.75,2773.07,345.26,30.81,297506.29,182647.49
2523.12,15391.81,140006.28,2319.25,32.1,47.11,274618.63,163569.92
35754.43,13806.41,52457.61,512.26,135.66,16.29,254709.32,162390.74
34605.69,22549.21,61104.86,2186.02,275.17,38.48,242210.86,193364.99
24117.5,20690.62,160358.4,2988.08,336.84,1.25,69745.55,155864.18
7096.11,17737.34,72242.15,2076.62,325.62,49.49,386307.11,218038.36
32299.02,16538.78,33029.25,2289.68,302.75,3.86,498268.57,261463.44
4158.41,8445.94,62664.58,3235.03,407.07,7.49,229985.94,175645.65
4611.89,4480.27,49263.2,1318.05,255.96,24.12,78584.47,86885.54
23677.15,6992.74,17767.33,1695.1,34.75,44.55,228300.89,142446.19
28064.3,14234.87,23853.84,2683.48,495.8,49.67,232067.81,174276.88
24632.87,6204.34,108757.93,1368.12,36.66,37.45,221570.04,113412.72
39451.38,13437.91,59847.55,2506.24,479.15,0.34,184052.1,173744.83
5396.83,18178.92,31599.6,1365.03,309.22,43.71,267066.34,158330.18
18869.24,15421.36,68597.51,1738.24,181.27,33.04,280811.43,144972.13
29849.77,22393.6,155967.45,3471.04,356.08,4.73,82364.04,133988.24
44496.38,11603.8,102931.03,2257.5,422.73,39.38,492028.53,235306.81
36780.47,20146.06,70689.96,2331.08,86.41,33.54,57903.79,124857.14
25332.93,24240.03,163085.74,2675.82,55.94,43.58,418111.75,257031.85
2570.14,1546.05,138823.32,2200.48,125.96,39.77,245581.7,140493.19
6181.76,12463.83,27174.54,699.0,324.71,1.15,405227.42,151748.71
34816.21,17368.58,47953.96,1852.88,65.53,35.76,118413.48,141954.85
8868.83,7145.35,150180.92,1128.14,196.27,23.65,257529.09,112275.26
33155.25,18021.43,24722.08,2757.12,421.08,17.32,374301.71,259626.77
14688.39,22070.47,51543.92,2065.71,432.9,35.72,413729.78,184326.81
22609.91,16128.29,56679.69,2062.73,309.78,38.42,191767.25,124339.11
6651.0,10203.35,47975.75,1674.83,424.89,11.54,157450.09,113253.52
16867.52,21924.6,67496.36,950.05,418.08,48.02,388616.45,195688.25
25855.18,18066.72,155145.58,936.88,273.22,24.23,174462.76,121664.15
2386.32,11781.65,44406.5,2740.03,461.28,15.11,211550.55,167676.52
21200.67,8675.59,37464.06,751.85,121.58,15.55,445611.95,210942.0
1244.26,10344.58,103399.77,2439.03,322.63,17.0,128988.35,127880.01
6805.45,10743.94,34356.29,2056.45,198.4,34.07,242564.85,128351.04
40413.68,20807.72,57800.02,3035.27,311.37,39.11,68020.58,115995.1
25001.39,12476.05,90386.91,1561.34,66.19,16.07,373289.95,180453.27
31314.37,12941.55,41269.0,1994.06,48.31,44.65,169084.36,126286.35
48961.62,20291.22,104190.78,1293.04,14.87,46.91,321710.11,186609.76
35045.12,21282.83,149042.6,3075.79,325.98,33.62,218122.05,217740.24
12840.31,18693.75,24794.55,3004.08,48.25,34.25,120998.53,127252.67
14246.71,11488.95,25950.79,2260.52,161.26,4.82,258933.96,150174.83
35343.17,18276.88,129392.29,2299.84,15.31,48.12,38059.29,96764.25
21868.22,20900.12,156663.99,1231.79,217.79,48.24,279178.91,156997.74
6324.2,10210.7,130045.94,3381.34,382.2,16.89,48473.83,131600.89
42663.9,10856.62,91498.02,854.55,367.08,23.63,260062.27,151401.51
10808.99,19020.22,147337.02,1884.82,70.42,17.98,422190.53,232235.28
30497.85,7250.92,105746.98,3263.14,209.91,39.42,216449.25,160064.72
28546.37,22321.06,96462.44,872.25,209.6,16.46,355789.57,203604.95
43869.96,27288.18,43310.96,2437.58,256.48,33.74,75070.81,127008.69
8190.42,12083.29,92857.69,1681.63,374.77,49.26,114416.37,85557.76
33045.37,22190.35,89595.74,2737.94,498.12,40.35,464442.13,261139.25
9228.96,19049.79,34219.27,1059.42,479.94,40.08,140531.32,101996.5
21276.19,16992.11,62300.38,3211.98,174.84,38.43,473805.28,243437.66
38767.89,12640.46,86559.98,1270.95,48.01,26.34,203125.99,161027.83
3476.26,4944.79,75118.64,1907.48,110.31,5.57,388978.67,200574.66
43614.53,11571.47,48160.97,1397.4,185.6,17.39,317630.5,164196.67
42293.87,23450.23,98879.71,2319.75,248.3,26.41,92410.84,149127.39
49854.7,21249.59,52438.87,1978.47,157.28,30.69,359981.07,228437.57
19441.61,9029.06,122920.1,1021.34,249.81,33.76,463431.94,222357.78
5412.7,8502.26,100745.93,3084.67,122.2,11.75,48121.32,103010.92
38739.16,27733.4,146087.4,2654.04,156.45,24.35,318911.08,230507.4
34829.7,18764.5,40522.93,686.57,304.93,47.91,248785.27,120635.59
25782.16,12015.38,120602.87,1094.15,148.9,25.06,355527.55,179391.76
28442.82,15349.63,91799.52,1125.76,294.09,16.84,103506.17,111401.63
23095.31,9607.04,119897.23,1037.27,306.67,45.2,300658.79,156955.11
47825.54,12072.27,117228.3,2139.41,435.85,10.91,307906.59,190945.75
3883.58,10884.52,69181.93,1328.3,46.42,9.58,78591.34,78758.29
42309.85,19761.44,36692.14,1163.0,363.07,13.79,214518.64,161220.73
37138.24,19127.89,121155.8,721.98,82.49,30.1,276588.92,140925.14
31531.18,17127.71,123318.81,1943.51,160.26,21.76,133663.79,135591.79
9108.9,20013.38,65442.86,2506.35,89.06,49.2,477404.32,240895.72
23429.02,6030.77,26929.54,2861.23,280.24,30.04,253425.67,187034.39
23068.91,12969.15,61612.04,1688.7,44.74,31.9,426179.58,181167.15
41396.36,16240.54,44813.42,3049.3,105.03,37.98,240614.06,183147.96
38692.89,27414.48,119001.51,1696.48,299.05,17.72,233054.88,195783.66
37554.7,25089.36,69521.83,653.23,69.59,7.72,471255.33,219427.0
38059.05,22211.49,113795.6,1258.41,419.6,32.96,68537.8,130437.93
16403.05,15514.91,128128.67,3251.53,407.81,24.93,225090.35,174703.04
8694.25,9258.71,50742.97,2298.08,366.34,4.7,329922.54,204834.01
9100.25,13269.17,58483.78,2193.02,318.7,20.58,352640.87,159093.53
2461.77,17252.69,120252.91,3530.31,407.34,13.39,119466.68,122195.26
27088.35,18037.28,143335.47,3095.52,372.41,22.92,136450.46,133162.94
25073.87,9017.32,65735.79,1646.46,15.38,13.52,139845.42,142479.9
25649.24,15301.68,103843.44,3130.59,47.83,17.41,357145.53,196116.11
7625.85,15805.41,128861.63,1671.33,340.17,42.34,467327.01,208564.88
41978.91,8916.3,150877.38,3560.63,23.71,43.25,483070.48,297404.59
39355.31,19735.31,32235.93,2102.3,260.77,17.78,217721.72,172623.79
42953.56,28141.28,96080.14,1239.37,215.56,7.29,44651.4,66961.23
43940.89,22049.91,69470.92,2669.3,14.68,24.01,159913.68,186604.02
16755.74,16529.32,117241.8,1318.08,53.99,20.16,210585.64,128613.76
49938.43,27879.5,31679.2,3094.42,482.63,35.5,63887.27,163182.0
12498.94,15198.66,46752.03,1905.58,145.57,31.99,314792.38,180588.79
40162.99,16657.65,113927.61,1562.67,485.5,23.66,31285.49,112983.42
23109.55,18498.67,94551.74,1004.05,369.92,30.25,480363.36,221691.49
18219.13,8492.12,84961.46,3350.63,23.22,32.42,448120.26,208072.73
15886.03,12124.42,35964.27,2868.87,314.15,43.55,368380.52,219489.06
20797.69,16994.68,52789.86,1010.8,370.62,44.9,109513.65,104017.6
40802.55,21185.31,119106.61,746.31,319.77,19.48,352002.09,216159.24
47263.14,13692.18,53704.31,606.87,73.83,11.76,264575.17,145388.37
11615.63,10474.59,51168.68,2702.5,354.84,12.07,198925.73,170262.29
27210.01,21409.37,143708.07,2027.0,48.66,38.81,333190.32,179838.53
45841.78,26212.57,101733.41,1828.1,10.97,36.65,207193.53,187221.61
39015.71,20843.41,46105.77,2307.5,423.44,23.31,206173.77,170482.39
1496.34,14900.9,46748.98,2294.69,436.58,33.62,256761.42,160226.96
37959.3,20784.14,54881.7,2171.59,37.42,39.58,318236.8,182226.36
49409.01,20144.14,129948.36,3611.61,233.71,25.5,174618.6,198446.18
5891.72,17926.52,86404.9,1034.28,118.57,18.62,120236.07,113663.25
30140.43,7632.77,11925.21,2123.02,113.27,18.14,268651.12,172542.55
27118.99,18643.49,33650.25,1426.64,101.74,45.24,58366.69,93667.01
10345.63,4630.42,149804.13,3103.3,95.12,15.03,422072.92,239851.56
44213.45,12670.26,122778.31,3517.45,269.36,8.65,458467.72,245883.71
28222.36,25596.56,96509.57,1252.47,83.34,13.92,250798.87,163344.68
25510.27,19432.02,73867.06,623.84,80.21,16.43,316153.15,177490.82
32131.38,24962.14,68223.63,2084.97,143.13,49.23,116856.3,133697.08
35807.6,8534.53,105384.83,2087.43,410.46,22.85,298514.74,171395.51
17996.62,13415.49,138226.02,2243.32,135.64,28.89,379126.21,201007.13
29627.17,23535.76,153745.44,1972.32,236.77,5.23,245716.32,158826.73
33517.43,10596.24,75832.56,2237.84,304.72,44.17,370802.51,192336.86
25180.1,15752.76,145205.08,2458.47,238.76,39.43,153855.49,168997.11
7236.53,21298.78,29243.64,697.09,132.24,15.58,69999.52,70965.32
14264.14,8182.55,34158.2,2320.93,317.41,29.89,317352.66,172561.32
26493.48,22859.23,135676.91,1289.99,390.68,21.69,187782.11,131421.79
8657.42,4226.59,31105.55,2733.07,211.75,35.81,454682.25,234835.93
14971.0,17825.59,27909.74,2982.05,174.93,32.87,478271.89,275799.1
40972.42,13122.7,95614.22,1623.9,183.94,23.39,320354.14,182102.87
42639.67,16140.51,128970.06,2971.46,90.59,43.46,160481.29,150155.69
47976.67,13475.21,64158.38,1753.96,193.36,31.64,126545.92,148139.95
37921.72,8621.52,111011.13,2903.77,251.23,36.39,397954.48,257257.05
9993.13,12841.42,128407.97,3491.34,349.85,33.97,146942.68,172133.99
18809.92,11154.22,125006.17,2590.85,117.93,2.92,348778.19,207537.38
36975.56,14723.6,39829.39,2615.8,354.04,31.5,229803.18,166339.79
22883.24,16685.52,77325.67,1194.28,106.11,42.35,161969.9,98815.88
39860.89,26167.5,117434.11,2370.84,220.91,42.4,70267.61,132861.46
6373.14,20643.53,100018.81,3278.88,120.82,1.71,123290.51,133940.88
25955.72,6195.46,114663.12,1395.59,415.15,32.3,271236.69,176547.36
25559.25,11441.53,75464.1,965.68,285.08,29.22,275824.21,135393.74
45225.14,22922.96,48854.31,2410.85,347.54,36.72,259902.78,168615.53
6102.6,16268.47,65412.03,3305.76,474.34,22.33,231040.55,160697.84
46195.52,25636.79,97636.54,1169.23,75.71,43.44,343007.1,180225.27
34033.07,18537.04,49492.27,1786.57,325.09,44.19,364032.06,176460.32
11896.03,6153.96,149741.47,3545.03,400.2,36.3,125704.94,153170.92
34143.3,25696.95,75881.24,3011.79,110.79,16.15,98759.11,164238.8
9478.17,7451.83,11978.56,1599.17,299.86,15.8,364035.83,150964.02
24597.99,22213.82,49118.1,385.43,13.92,46.6,41100.95,51733.23
4308.41,3253.77,12732.45,2568.37,93.99,28.53,46053.1,61767.59
17205.09,15593.74,39136.53,705.06,217.73,39.47,143640.3,75048.01
13670.9,8187.72,128882.92,3015.31,210.99,18.55,287654.99,201324.08
4530.9,3378.47,87362.36,785.24,104.45,42.74,278309.03,110802.42
37493.78,20879.13,80328.56,1288.1,145.92,47.15,489734.7,251757.98
26124.22,10695.41,125382.05,1180.27,137.58,39.97,194414.97,129513.96
33644.64,23948.95,76302.69,2750.29,255.04,35.65,350114.02,231914.53
11973.34,7445.42,43293.44,1027.0,459.72,10.89,65128.12,77978.43
45246.47,28586.06,52269.84,2250.06,419.25,25.06,225775.29,219884.95
24285.16,6129.76,22759.69,677.41,250.71,20.67,187064.71,121226.1
49372.13,21087.91,49083.32,2493.9,270.6,48.02,231822.03,205523.43
47751.31,28095.41,43483.06,2205.99,413.79,38.63,56567.21,165947.44
41207.3,26141.43,148023.91,3695.66,365.21,39.28,317150.07,246430.29
28640.66,19792.68,75455.88,1745.9,398.34,40.86,353371.83,193521.15
42828.88,22126.88,68515.97,1665.21,217.6,6.37,467934.99,273650.65
27898.77,22927.05,50943.27,1177.26,13.67,46.64,434771.61,198630.31
20252.99,7204.01,27770.19,395.74,347.71,44.73,216536.05,123733.82
18679.72,22234.29,84829.04,1517.02,20.4,25.08,330915.98,207363.89
16639.52,11493.61,143790.73,1193.49,480.13,3.5,98139.65,87681.0
30611.06,23527.42,119456.28,1724.41,206.61,31.26,203035.85,135009.76
25977.0,10922.94,110044.57,2866.52,491.32,3.23,491848.76,233723.64
8901.45,3169.11,117259.32,1340.08,40.56,15.88,437902.88,205549.76
5986.65,13862.69,49836.45,2460.66,49.4,18.33,461209.12,217219.84
6468.42,15069.72,119918.17,1194.19,416.79,11.01,69185.07,98726.5
3587.55,10017.48,144364.17,1558.41,139.0,27.33,209387.63,106878.74
24862.12,18891.34,21712.8,3043.89,51.07,24.14,351040.97,189442.11
5875.97,19750.5,129478.94,3415.5,392.03,32.65,214048.67,186290.01
5796.28,18347.52,142233.39,2402.66,10.72,36.62,60576.44,94389.28
13500.24,6213.08,43358.27,2043.44,250.87,25.82,361435.15,221616.18
10676.62,8364.04,92470.01,3226.01,240.6,36.24,203781.26,159815.06
27408.15,14955.62,145096.56,3159.05,424.02,25.63,108217.51,150972.14
38236.39,14542.57,111614.17,1070.26,93.82,33.83,80636.67,106655.33
41284.24,13833.03,17041.14,2493.8,143.3,45.93,20068.45,123137.75
12986.73,7286.32,121503.06,1841.05,346.49,12.38,327347.8,195797.29
42671.13,27498.19,129226.16,3075.49,57.05,5.28,225192.49,232624.15
15863.54,9183.33,113941.77,2509.35,369.03,6.53,300621.35,185195.02
29014.67,24426.73,44518.02,1626.66,410.63,28.99,481674.95,226919.67
13577.12,8285.68,154470.34,1121.57,58.18,29.49,222250.05,84944.63
32251.71,16796.18,103145.26,1387.6,485.39,4.27,392463.54,226169.08
5992.81,21135.32,133059.05,3164.65,387.23,29.72,373541.76,230102.69
31366.25,25670.44,91272.87,2474.98,495.32,24.27,212957.65,183708.34
47574.32,13685.26,51141.68,673.76,53.04,22.8,438668.07,198766.22
12896.17,8525.95,34872.24,2734.82,324.34,33.25,431483.33,200849.28
35635.12,20830.45,60107.96,2490.7,197.35,4.24,397602.86,240391.72
23261.58,13179.38,79427.36,3183.89,498.38,27.03,62206.88,136257.3
4611.1,4744.93,94785.78,3281.42,13.63,32.15,318644.97,158587.54
49810.24,27715.89,155306.28,1745.15,234.84,32.77,350817.01,203424.14
26590.29,12818.81,149135.51,953.84,430.85,17.48,426367.82,208999.34
2199.69,11110.05,35085.65,2607.71,488.88,23.27,167360.91,118518.97
14623.08,15779.89,83599.29,619.04,292.27,5.64,32741.77,65817.3
47274.09,16383.02,148701.18,3524.45,201.27,22.1,454858.66,279818.95
23356.12,22730.6,45364.97,1685.21,368.88,25.66,394002.56,186599.48
11239.02,21624.71,107534.13,3084.59,434.52,7.83,33999.52,103931.69
26115.09,21282.56,118030.91,1303.1,206.03,3.7,97348.45,100813.56
13937.65,18188.19,132450.52,3653.72,171.6,35.87,279728.22,173746.14
14607.2,6345.31,80729.86,1846.1,251.54,48.65,219482.16,109529.44
21944.03,13075.29,138346.82,2959.27,441.26,22.52,198103.26,150168.65
25340.15,7469.01,153378.75,3764.61,48.33,23.22,456521.9,217332.77
40513.54,10452.89,35367.6,460.91,127.71,21.65,299212.22,154818.94
28840.2,16651.4,162354.65,3003.46,206.63,7.92,82241.18,136657.93
23083.98,11660.95,98338.78,1675.14,264.9,39.85,292021.08,146478.33
41793.93,22253.3,120876.02,789.21,270.23,46.73,22107.69,101277.02
34655.63,20947.32,124757.09,1858.68,191.48,25.97,190901.24,167013.65
14889.81,20022.87,50227.82,1948.0,250.33,6.73,323503.08,143638.67
14582.71,13800.88,99694.22,1588.2,198.22,29.57,298081.19,159163.3
39858.02,18293.3,30765.59,1659.94,419.93,17.25,372698.62,175053.01
20226.09,22169.14,106004.91,1108.88,337.66,24.62,333783.92,160391.81
10006.6,20930.37,159299.39,1512.57,153.65,36.13,114501.17,98513.52
38918.64,8735.35,101120.72,946.11,44.68,17.21,233885.97,151946.58
23300.77,22833.26,135932.62,3464.46,492.95,38.86,203173.13,204923.88
5431.6,8044.71,30277.94,2560.35,234.82,43.81,47241.96,89375.19
37018.94,12890.17,155080.08,3214.74,197.79,26.12,219823.63,204799.54
6425.49,16052.24,160820.5,2599.92,386.66,43.15,234217.68,156219.25
1889.87,3967.04,102279.87,2396.59,144.75,6.75,380739.6,173812.86
38407.15,11976.29,77428.4,1755.2,274.62,3.09,139883.73,112793.13
4741.73,7261.67,35459.41,2036.47,428.14,13.04,453788.6,215837.25
37749.19,16638.66,62102.52,3183.13,254.01,16.51,469037.28,281826.38
9661.87,4708.1,10289.97,249.96,345.79,11.81,258432.95,101431.65
39061.63,27031.2,38741.77,2697.86,454.32,27.62,85540.25,129016.37
22974.45,24213.25,115049.14,1438.09,318.6,49.08,97137.92,109499.42
37606.71,25762.29,69285.15,2472.48,209.21,6.18,352248.03,192305.57
12162.75,3019.32,117387.52,3084.7,144.14,26.37,320087.71,199829.55
40534.89,27815.37,49821.75,2322.64,60.19,10.43,320671.3,230198.95
48750.54,21639.65,61490.73,3162.23,162.37,27.89,131037.63,202074.31
16017.54,22553.15,51344.21,1260.01,426.19,32.69,396018.08,204806.09
34321.71,22865.24,70212.97,1678.08,417.97,17.4,90507.4,141057.07
24513.31,20083.93,47003.78,1897.51,314.2,21.12,243698.55,185923.31
48526.66,20578.33,144408.57,1382.99,149.33,22.38,96240.71,131436.6
8023.77,12524.51,131133.54,1240.92,125.8,15.42,336202.88,176470.38
8995.73,10201.9,111379.19,1890.25,224.72,30.84,227119.07,152735.8
36665.81,16590.48,50495.39,1892.92,184.63,20.24,72093.29,102784.52
24587.39,6360.64,79749.74,2822.1,227.76,4.62,39765.95,128656.25
26577.87,14873.58,97210.1,693.93,262.6,29.59,51357.95,82325.79
20584.13,14107.85,146569.62,1310.72,17.15,17.26,446811.17,206638.08
19932.32,12395.79,29770.29,2552.08,192.11,6.36,445132.38,242303.21
20210.08,15396.92,31134.61,2893.11,222.56,3.43,357972.64,191374.68
35628.1,9417.03,62368.5,1763.22,13.33,45.6,461306.61,228889.75
36088.9,24754.12,108518.72,675.75,388.71,36.05,293468.17,177502.95
24382.83,17399.83,83022.19,3130.11,326.77,15.73,94850.85,151914.03
34900.51,10629.78,142450.52,872.11,443.9,13.56,105789.78,127086.25
13258.38,16685.97,143007.34,2001.15,172.8,47.25,469317.4,203697.92
11825.47,8625.26,139637.37,2800.1,174.01,12.82,385448.32,228075.13
25758.57,22928.23,62300.9,1195.4,368.62,49.4,437544.02,190619.38
10777.56,19495.71,81570.69,1261.87,413.96,14.42,189864.44,129637.32
24523.92,19950.53,163674.08,1282.03,77.77,41.63,280465.81,165337.06
44170.77,24488.63,164098.18,3323.16,313.18,48.46,97545.54,139816.01
36761.13,25660.61,137776.34,1660.02,287.24,35.02,306193.2,180343.06
31104.61,21845.19,157511.47,932.12,318.11,38.68,489031.01,245943.32
3237.45,7528.0,155519.87,2966.34,269.96,6.43,369751.03,181781.57
23227.09,8518.66,30787.42,2820.97,364.28,23.58,487916.68,231906.43
21463.35,14442.22,78231.27,3387.81,214.92,10.15,455658.96,274886.59
9684.54,3580.92,90660.54,1162.56,157.02,32.62,27002.2,60813.48
14844.19,14273.58,154611.65,2674.76,99.07,25.51,165018.41,127902.08
43228.91,10324.82,87794.13,997.73,74.25,11.33,52698.52,104885.27
30824.33,7087.1,41907.2,2483.54,386.68,46.44,138427.48,133338.08
46877.65,14230.93,105667.5,3230.61,171.77,4.06,102544.47,162593.88
28097.64,8818.14,13940.7,701.67,482.56,40.74,208071.32,110279.09
32777.1,19629.05,44271.5,2540.53,205.83,23.14,141209.14,150276.2
43117.01,22097.57,124940.37,3609.0,211.21,16.7,229763.55,222633.72
33016.84,22723.39,34853.51,2387.3,153.39,32.14,23504.07,120285.24
30530.56,19211.87,32682.41,355.05,390.27,11.02,293205.4,153974.46
21180.33,9862.89,86975.09,1695.67,89.42,14.71,306258.58,151012.2
47263.04,27665.18,95679.23,2337.62,251.27,17.38,202570.79,199859.36
7201.63,3004.81,22339.77,1831.7,452.71,20.13,152653.01,114425.2
45786.98,28008.34,149963.53,2615.51,457.2,11.91,497230.34,261861.92
45890.45,17024.81,50186.38,986.03,414.33,13.28,262147.64,148000.75
14225.07,20543.09,101415.05,2987.28,422.65,7.84,473563.04,230451.63
22283.11,18857.8,113165.47,810.33,437.63,2.74,268648.83,133448.43
14259.92,11096.2,91887.01,1630.19,187.76,12.37,89881.32,98181.1
17493.74,19690.36,128299.87,2401.36,127.39,26.37,29824.22,108898.16
13730.11,4523.81,48689.4,2782.59,40.31,47.83,116125.33,103305.09
28469.37,19349.92,51369.11,415.48,319.96,0.01,493976.6,190992.77
18667.69,19575.72,143015.17,2131.6,463.12,42.09,322726.31,184857.84
25331.38,16667.9,37779.92,2469.47,372.99,12.04,345848.27,221430.92
26845.42,14787.18,69660.77,1544.96,251.55,41.71,241875.44,142079.68
40209.8,24699.97,89952.35,865.47,124.01,2.52,172304.35,156556.22
35874.14,11700.1,36288.85,2739.83,382.48,27.88,138920.43,161235.73
15657.13,16231.92,113021.62,695.09,153.84,28.33,69417.41,71360.41
25442.03,19204.13,132978.42,986.82,75.23,34.72,339659.37,151342.81
46896.81,17709.0,77022.21,1581.91,197.08,5.04,73899.87,118459.18
20250.03,8766.65,116310.74,2115.54,303.81,46.55,273622.32,139100.56
6072.0,8632.88,20469.53,1940.8,364.35,37.26,359496.6,167911.21
49081.85,26398.71,121329.16,1503.65,364.51,43.83,399649.27,239568.04
15516.48,22820.43,53456.2,1178.77,354.39,23.35,56305.6,92238.68
25171.21,8445.03,133971.43,3561.12,171.91,3.76,92175.85,160975.78
19447.0,18101.52,109051.46,2177.87,283.48,41.56,257484.21,171977.62
3722.83,10372.23,36902.11,3179.14,315.05,34.23,446918.3,175510.02
45720.92,10288.84,112769.1,2695.51,365.22,32.35,276355.5,179091.4
45952.38,14664.47,121306.78,2641.67,95.89,17.09,124156.34,155789.74
24166.41,5530.97,106591.27,2716.26,435.7,41.96,53691.42,113087.19
30909.8,20781.85,108050.39,937.06,273.31,36.28,232646.02,131949.72
8051.53,17802.12,39443.86,963.21,262.44,9.72,130789.66,79794.01
19213.85,18799.32,92709.35,1992.39,13.24,17.71,256953.09,171806.03
38167.46,19862.11,157601.44,1077.7,193.18,17.81,112591.38,106781.33
1081.37,14747.99,153255.59,2474.61,247.29,5.92,106568.83,125213.74
21021.44,18164.91,94538.15,1021.02,298.81,10.87,395701.03,191635.34
44037.42,23522.44,168167.83,1009.16,339.86,45.44,257755.21,162901.24
30927.74,19768.86,131071.24,3074.21,191.17,48.82,252262.8,197248.82
31738.13,16717.52,63667.63,1631.81,83.24,10.41,475111.56,197780.41
7140.97,5015.02,49058.13,2807.94,186.3,42.95,140905.82,98401.49
7429.04,14118.89,66841.71,1419.8,261.65,19.87,268099.71,143342.85
6354.83,14810.51,27312.14,2909.36,349.97,43.89,213258.44,168940.54
8414.08,6777.22,106706.93,3437.72,275.09,20.26,147962.89,173930.79
37490.46,22877.23,60882.15,673.09,231.58,35.19,251638.51,168333.84
2640.69,5470.12,102688.73,1377.53,417.62,34.95,307380.48,161361.36
37791.09,21470.84,125861.85,3535.64,442.11,31.72,122218.67,158678.69
20336.86,16411.39,51860.83,2966.42,449.45,49.87,383280.75,174381.19
5614.69,2478.17,51033.47,1786.26,302.89,27.37,73592.54,69174.09
5779.69,16307.02,138513.27,1554.75,493.16,1.79,277764.62,134455.49
10330.56,20978.82,157201.63,2344.64,358.74,3.58,236101.64,154815.51
42194.11,17181.64,156952.52,1909.57,359.87,41.21,314812.33,177477.98
20704.77,24140.51,61651.17,2510.42,11.69,11.97,66662.34,108960.75
30589.36,17286.38,45740.63,2608.15,15.75,20.66,367583.41,230840.91
38739.46,24611.72,150804.01,1299.25,245.17,11.37,20490.36,103762.4
25071.61,23423.59,39575.07,1016.33,308.79,35.63,226912.65,148449.49
35109.7,9150.04,36283.58,2487.77,343.76,48.52,392685.19,218237.99
42748.76,15406.58,135930.37,2254.29,185.72,19.15,177250.85,173035.68
31901.68,8422.15,62710.82,2937.41,461.11,20.82,73810.06,133912.78
13495.86,13679.93,89978.72,1190.79,474.13,22.67,184720.22,113252.2
2530.81,5655.69,62575.5,2423.47,164.87,20.58,377445.69,150717.39
45716.55,14542.95,121698.24,1934.06,326.02,40.31,234202.92,181959.63
42734.39,14397.88,81952.51,956.37,486.03,7.89,270897.5,164084.68
37950.44,21429.09,90151.67,2874.61,259.62,17.28,302581.41,214564.32
41333.11,20515.02,22708.06,1971.37,125.36,47.04,147689.12,158170.01
2472.67,1907.23,135016.82,2791.97,214.11,12.63,342312.01,190338.96
27104.28,16221.55,122216.23,3511.84,203.0,14.02,260697.41,193491.03
18522.31,7339.87,103869.5,2059.66,375.27,10.53,327738.67,166247.31
35567.02,19147.21,50498.08,2956.63,27.99,47.38,335475.79,197393.36
18962.47,22112.2,101326.1,2354.02,302.81,27.85,406205.79,214563.64
14125.9,19814.99,29989.69,456.7,395.43,44.47,130125.77,86345.98
31714.0,21159.47,160773.06,3341.57,19.79,26.7,351374.94,205185.44
8525.32,14983.21,73371.85,3265.96,411.35,20.18,105416.9,148005.52
6863.96,7365.95,140827.54,2643.85,244.6,2.26,85524.65,124865.63
27337.88,16468.02,145191.32,3498.07,431.23,43.56,277601.65,186361.56
28929.16,25602.49,149814.18,2017.34,494.37,21.08,61906.35,138578.32
9023.81,14134.99,128761.43,845.17,237.61,16.0,64158.03,69059.09
17110.22,19152.19,154926.05,1378.21,466.59,35.49,458502.27,202419.13
7105.9,2003.59,50413.81,1863.24,33.42,45.08,203934.14,132373.47
2968.9,18514.57,36992.15,374.75,460.77,1.0,249298.71,109559.94
49247.83,15099.15,160535.63,2324.98,313.43,36.7,205743.0,196963.03
47717.59,29444.51,83131.07,1478.64,21.85,7.68,268726.91,158128.39
35684.35,11767.64,41668.03,1690.87,241.44,34.42,155379.0,144882.4
19486.81,20438.93,99948.02,1148.0,143.32,31.4,363676.61,157769.14
6320.21,2987.93,58335.78,2130.37,366.36,34.36,79934.48,84564.2
37790.98,19522.31,78577.46,836.12,460.53,20.4,273585.82,153680.81
25640.87,23999.75,53056.99,3132.79,385.88,32.34,490508.59,245287.72
46630.92,21986.97,127714.75,2184.77,119.49,22.61,352485.41,230492.76
34865.47,18176.02,81884.67,3127.65,61.7,49.45,324480.62,191766.94
17841.79,15689.59,81386.83,2987.47,316.59,46.03,485764.12,214273.73
17370.6,8672.17,136681.29,1255.31,203.15,15.47,35109.69,78152.43
9673.07,4850.67,32627.58,2491.75,391.25,31.41,34357.62,84234.86
27436.84,23132.51,158997.8,903.28,470.97,11.81,158347.78,134773.89
38260.66,20518.76,114764.6,3211.7,109.1,19.9,63840.38,169472.28
46575.17,25614.13,88719.02,1391.64,242.77,17.42,36008.06,126562.33
8081.69,6285.79,147799.5,1375.93,287.97,24.96,433791.73,166737.3
37281.82,9143.18,21743.75,1226.92,144.62,36.61,42928.31,78272.59
42589.83,20094.36,58043.82,2003.22,64.77,44.92,491896.76,202294.83
32022.18,23129.01,148390.59,3099.11,325.25,11.49,301738.64,196570.61
41156.87,26272.21,36100.41,2853.28,318.95,32.96,234126.56,230675.96
49441.59,20155.26,70110.53,547.56,498.68,39.62,35469.95,101024.3
47494.81,18897.03,42510.56,1079.8,420.09,22.75,31723.53,103890.41
46903.84,21744.9,159940.24,1102.73,176.56,6.43,375290.97,217126.57
33940.96,15966.38,42501.61,3049.48,485.09,40.56,295794.49,171404.2
15669.78,4681.41,131576.63,1095.29,338.83,37.01,269515.12,133085.25
16122.15,7254.65,91519.9,3014.05,297.36,35.42,357553.65,221592.55
43473.27,10317.0,67391.49,1130.31,230.53,37.27,276769.73,148014.32
20832.67,21359.18,121857.18,775.69,478.03,18.53,331353.97,172457.51
7593.06,13979.12,99265.06,1178.79,356.2,28.53,363971.12,183092.49
43177.62,14598.22,72596.58,3123.26,59.65,43.75,442347.84,215270.98
36013.05,23687.97,30410.79,2932.63,363.22,6.23,61021.24,124241.52
47693.2,22423.35,83060.2,1986.62,465.96,22.86,356794.49,220789.35
20407.2,21816.84,50799.24,1431.29,35.65,31.62,42629.14,85334.93
30179.49,13476.88,127474.69,3231.81,91.54,47.21,254314.78,177374.45
20603.01,7281.77,66879.64,517.5,321.32,41.06,247836.11,119348.5
45698.06,13331.51,112247.53,3175.76,384.65,49.07,34719.71,131597.91
29794.11,14304.23,108280.13,3147.6,399.86,4.97,130764.61,148169.13
3708.25,16679.57,111880.52,701.84,193.96,34.13,188547.11,98087.26
28174.65,16012.55,109898.5,1752.24,237.19,35.22,138090.13,140339.3
8946.82,9626.68,39451.52,2304.16,479.96,40.78,174994.48,148493.94
24214.62,22791.01,117789.41,1392.17,132.97,19.11,56394.24,103885.77
44967.81,24972.64,35366.14,2529.32,499.83,9.52,412437.11,238680.48
9915.2,10535.44,133398.29,2261.64,137.47,43.4,91319.53,108495.94
48380.41,20256.18,37468.72,519.92,315.09,39.11,213020.45,170060.03
26957.54,11914.33,157739.34,1249.98,441.13,5.25,345310.07,188282.33
46315.61,18387.63,124744.84,1637.39,416.02,49.19,318291.78,207377.93
25279.08,15802.26,134233.58,1695.61,414.98,7.1,324395.94,207151.7
19783.8,19869.82,115657.08,752.93,120.77,44.78,342556.53,158353.9
42335.83,10940.56,131125.46,2531.25,274.37,15.28,321143.71,236869.93
17110.49,12121.06,62664.74,981.24,53.86,49.37,477226.3,162624.8
37089.64,23871.84,62234.02,845.42,431.18,38.06,98009.9,124765.96
17000.8,11471.2,130871.45,2592.98,391.26,27.0,92953.26,149870.63
34274.64,15816.49,155149.98,2297.05,158.9,1.04,288892.21,189511.09
33368.6,18029.44,95937.49,2295.42,32.84,47.9,403257.63,193202.14
47060.93,18301.6,153476.91,2101.34,141.96,15.1,128224.99,161908.04
17307.46,22661.25,142796.89,2084.33,258.33,6.09,363539.28,228555.23
23541.84,12943.51,159522.03,3770.33,293.9,38.89,319412.89,243311.45
44040.76,19085.35,74421.26,1077.84,409.18,16.18,202554.08,164982.65
37551.27,19510.48,60354.0,2128.66,275.01,13.64,257325.62,180877.17
35497.58,16350.07,149904.41,3252.27,73.49,40.07,312104.93,197038.11
34155.97,11143.31,89800.2,2402.96,383.4,46.31,451668.31,235070.71
24441.84,5903.09,114646.08,933.28,422.79,34.93,374551.06,148505.63
23870.89,24321.03,169222.84,1942.14,120.64,5.35,131146.27,138254.46
11512.41,6788.71,82956.66,1066.38,46.27,24.76,62745.31,64065.89
14745.69,13273.29,67467.72,2621.7,373.29,48.26,333771.58,220444.48
6279.31,21084.26,43104.9,658.34,191.41,45.29,190886.93,98788.63
35065.53,19138.49,129998.81,2960.63,109.11,40.29,303615.74,225185.86
39090.58,18966.13,157585.66,2973.77,53.84,32.67,359810.29,230960.14
16913.76,20556.62,146380.24,3502.63,12.01,40.41,293829.17,223156.78
9048.42,19737.54,129384.71,2603.76,388.83,41.91,153145.76,118213.55
2774.89,14592.21,41600.53,2544.64,385.93,19.34,367990.52,169980.72
4834.69,17029.51,140828.78,1596.15,323.79,20.55,359131.11,201161.92
19228.18,13208.72,142815.77,920.34,77.95,15.78,449587.85,180593.39
48519.89,15263.03,106204.65,3324.58,35.38,45.03,70102.66,117154.53
6815.19,9161.91,135982.14,3351.75,407.41,31.36,376087.67,198772.21
6782.29,18000.98,39629.28,2702.71,67.78,15.51,79261.02,103317.68
13857.04,9541.81,56414.03,2956.25,472.55,14.65,107682.06,136256.49
9515.07,3064.83,34054.45,2684.65,430.4,48.68,318933.83,142246.21
13144.14,18807.49,65838.84,1126.81,92.65,21.92,339415.79,150275.21
46224.23,16462.39,162570.89,1476.97,215.56,8.62,308308.56,197192.54
6015.75,11434.2,100882.49,1687.96,87.53,39.63,64678.37,82968.36
28859.92,9257.88,16125.69,2046.48,434.07,11.94,229056.46,160916.69
45472.64,27469.01,76119.6,2903.45,243.78,33.37,351233.94,261916.2
38243.52,26827.09,162061.42,2561.69,223.0,24.65,35578.71,139526.54
31009.83,13941.16,104927.47,1741.55,245.16,23.38,178135.01,135220.48
21731.23,8366.44,11793.23,1692.34,331.77,14.92,188637.53,121803.75
10237.98,9234.55,118539.8,1204.9,131.01,5.37,94645.83,78965.76
2315.93,17539.25,160902.18,1195.85,181.02,30.86,109810.8,73748.58
38757.41,12388.74,146885.12,3382.81,128.57,28.48,63376.83,134980.72
27158.16,14170.71,45387.74,1647.27,268.75,25.29,211340.02,147617.92
26577.03,6768.17,141587.86,2160.84,433.49,37.11,126916.74,112098.45
37718.29,19622.49,146533.4,1864.78,248.23,38.05,76474.68,134777.46
49342.96,29179.8,172243.83,3094.93,176.09,19.08,419619.16,275225.03
48924.24,26991.1,78534.79,2894.17,476.46,1.25,149557.95,137752.33
5946.61,14601.5,88401.45,2995.33,123.21,46.14,368314.23,199956.22
10147.91,14246.32,132451.51,2491.19,49.72,28.03,275511.27,170936.79
36559.71,18050.93,32048.78,1906.26,388.69,5.48,422562.51,214928.78
22136.62,19566.02,129064.94,3182.58,265.48,48.07,64556.56,139686.01
17478.01,9683.52,114730.91,722.34,466.97,15.83,234607.86,107697.69
9646.55,8657.48,33456.47,1119.7,20.97,48.24,61485.55,65761.44
24763.05,6107.13,127249.7,2352.12,290.89,37.6,392204.49,222168.53
23783.7,17240.74,102618.12,2762.51,345.04,11.57,187378.4,190142.85
16206.4,6761.14,20049.68,1611.45,141.79,33.26,485696.0,198926.1
22611.05,7304.67,102841.42,1622.42,31.11,9.01,43083.48,79414.73
35479.25,25471.51,55221.64,2730.73,365.34,8.02,88947.62,141409.37
7618.91,11638.68,116204.36,1291.1,392.52,0.19,436250.03,199923.49
34408.19,7854.84,119494.97,2552.58,361.82,46.79,326722.26,224445.57
35484.72,14802.36,43164.09,2249.31,202.71,22.75,37096.27,112962.08
38350.32,23568.27,79188.14,632.22,30.66,6.46,148998.23,108621.03
31077.58,24443.44,54678.35,875.89,363.36,41.04,281707.13,138582.49
33041.37,23466.49,120903.92,2448.92,116.62,29.25,384673.87,221999.88
29050.44,14346.13,160532.82,1923.5,290.0,15.22,240847.24,151293.01
47112.74,16537.94,95772.52,2483.33,342.44,41.54,356059.75,228642.61
43463.83,11109.32,135173.38,1907.63,435.32,35.44,21616.02,99031.6
8310.03,4911.26,50365.57,2475.05,185.7,26.05,294226.66,186672.11
17199.43,19773.25,95754.8,1263.69,160.32,37.96,406228.96,193072.79
17246.88,21419.49,23365.32,2974.13,320.93,10.08,386372.16,202975.49
13636.81,14883.41,32610.44,579.97,23.03,3.55,80525.76,79599.65
17862.91,17762.66,137087.4,1590.07,494.94,8.18,107018.82,122941.61
43788.76,20739.1,117728.3,3230.9,338.61,13.16,227011.19,203526.53
20450.06,19151.15,89635.18,2790.42,341.75,38.33,38594.83,118137.45
45580.03,21936.14,119579.14,2713.51,218.71,13.22,356680.22,254172.74
21568.5,15444.68,47187.91,950.64,480.98,32.96,494935.98,186893.51
6398.33,16536.34,74956.86,1800.72,313.91,46.24,427930.54,194622.44
31160.32,16021.91,125804.73,2913.14,395.69,17.41,81602.4,125223.31
40268.08,14917.6,23936.4,797.6,184.42,5.39,75778.0,119260.23
32441.36,25996.47,155270.81,1293.19,402.4,14.88,147160.77,137927.09
36888.26,16246.11,155615.01,1507.86,42.34,49.39,158292.38,113472.49
20683.24,15057.16,112650.15,1333.79,174.6,9.57,242222.98,136849.18
32556.46,11720.11,128711.37,3340.82,202.29,23.37,87528.09,168961.7
43853.54,15988.55,116749.08,956.49,43.7,40.34,395752.32,210564.04
11174.22,13602.18,98970.54,1775.16,390.21,8.13,424500.6,230145.89
10707.77,11002.33,34658.97,1742.18,439.07,30.98,109678.51,109936.8
29517.94,6655.64,17836.59,1091.15,66.74,9.3,269206.31,155099.14
10227.78,9534.5,48750.52,360.72,418.34,41.31,461434.4,159973.36
24467.0,6892.45,155386.79,1050.62,126.67,6.89,71537.84,87580.03
48818.84,25555.61,132007.5,3597.54,12.37,40.63,462043.76,229481.11
40396.06,12488.85,17319.22,1069.09,362.18,45.62,469792.02,208853.69
25536.32,8926.75,73222.45,2277.31,456.8,35.74,484366.57,254663.95
47994.59,15715.75,71005.77,2118.05,441.28,29.7,380171.22,251005.27
13623.02,18747.91,37131.48,1722.56,60.24,36.19,308416.57,145769.0
26188.36,22773.65,25477.31,1098.1,311.5,8.25,267668.31,138227.08
21206.37,15107.09,28673.83,1593.43,427.43,26.65,240589.57,125407.82
28080.91,11635.06,78995.16,2328.84,77.83,16.17,92731.93,121489.18
11395.22,3624.22,137815.98,3595.67,339.35,25.21,84374.93,129455.09
3427.21,4703.89,81986.99,3277.82,14.17,7.35,330791.98,183762.6
31468.01,14351.51,54262.77,1782.13,205.71,19.52,464933.65,211665.63
22962.59,16526.38,21488.02,2516.37,80.95,4.14,449971.05,215640.16
33018.52,23758.43,151367.04,2653.4,468.11,38.19,187237.88,201782.93
39371.33,13075.16,86041.05,696.95,239.92,0.52,131960.37,133762.73
5805.91,20226.59,100128.89,1513.67,365.12,12.85,496106.28,258148.81
15671.16,6553.81,33471.71,1074.77,287.17,18.8,107442.88,93758.6
20764.37,7032.81,122764.42,3557.99,70.5,40.01,125197.24,153717.72
45212.86,26948.71,141992.94,1700.11,360.99,14.38,223979.23,179504.48
39809.14,15512.99,57393.12,2625.18,133.69,20.69,146360.18,127922.73
33278.92,25262.08,77596.11,1314.63,241.37,13.02,442015.85,200922.82
8628.08,9945.38,49428.03,675.26,105.58,40.0,314981.23,119837.48
38048.56,16061.24,147249.32,2649.0,218.91,46.53,360756.85,201888.2
13185.83,16114.82,63222.83,1287.24,141.6,42.2,343433.64,146899.38
36215.79,22413.95,112856.53,2827.34,87.02,28.62,186357.66,188307.24
19982.25,21854.03,111468.99,1355.25,223.2,12.45,231153.89,132831.7
26027.07,19832.65,124261.69,3469.28,82.35,11.04,477859.12,243740.62
17496.87,4429.47,51284.03,532.6,186.14,37.36,115867.32,78318.18
42439.27,25833.11,144467.12,1405.54,263.75,4.35,159965.14,127052.71
5155.77,4067.06,121052.31,2566.75,128.94,42.15,316762.85,183575.79
33119.08,23007.09,24211.74,722.32,149.86,0.91,24067.13,82774.31
16169.02,18919.31,44573.18,634.28,167.75,41.93,289419.18,139351.13
8381.99,20933.74,133543.78,2270.59,319.48,8.5,421178.46,250125.63
4507.78,17069.46,154743.06,1535.63,113.42,19.64,417266.26,163800.33
24336.61,17381.02,117153.26,689.07,333.86,42.21,168529.92,110155.28
22144.43,12525.03,87766.49,1435.45,481.44,40.91,301169.69,142732.23
25548.18,15917.37,44092.23,1241.21,157.85,19.99,166985.85,114886.44
45354.13,11113.9,123102.59,3126.93,226.1,17.88,213753.29,218900.39
30272.33,20069.87,58720.14,1901.24,417.77,28.68,352790.53,214893.38
16687.89,16044.01,53502.19,1870.7,78.45,1.47,474095.94,187247.16
13541.02,7482.1,151101.95,1451.77,134.05,17.46,379143.71,155288.97
30467.27,23890.39,128861.5,1165.46,234.3,12.43,346646.8,190568.88
14398.06,5009.92,96342.46,689.69,296.92,14.85,485446.55,178422.08
11335.79,19334.07,76698.55,1965.29,306.16,32.66,198886.31,150691.67
31920.38,23999.27,155007.94,2964.06,459.5,4.97,165222.92,175580.2
49051.37,19796.46,67713.15,3317.84,381.81,40.54,102580.83,167550.15
33949.54,24948.82,69320.25,1095.02,49.22,45.97,448912.41,227549.11
49360.28,14755.48,59049.7,2018.78,20.93,49.8,276074.73,203390.16
30291.19,19161.4,64482.81,2582.21,201.37,22.82,83736.18,137057.8
9597.65,7633.49,80134.13,1016.65,211.41,16.92,415218.42,197209.7
44752.34,12415.17,109040.53,1973.69,378.08,1.77,463625.45,251486.18
21702.26,5917.35,94388.0,2630.44,11.89,41.11,103411.34,117752.26
3788.75,5445.18,73370.18,2561.94,243.92,46.75,245514.54,136547.92
15302.83,7552.64,36419.95,405.55,428.65,46.37,414918.87,170001.1
35883.97,15835.46,103586.33,1760.26,149.56,21.88,484631.69,251130.26
35368.16,24866.35,36723.58,1512.14,55.96,23.8,423428.2,188116.18
17677.83,15174.34,124110.86,2771.72,195.0,20.98,111846.81,115947.57
46038.84,29102.43,172091.07,2320.17,368.94,13.34,157909.44,177886.26
43957.23,9994.67,86517.44,3102.6,53.03,7.68,163788.4,179614.22
48644.97,27489.82,77238.59,2010.85,247.68,45.66,222127.75,172397.78
36460.24,13496.7,130642.55,2281.55,125.06,2.38,410934.07,267596.08
32241.85,10354.71,41130.0,2970.0,495.35,17.12,277689.5,176221.24
41957.29,22792.61,118050.61,3223.48,264.0,49.8,75303.81,150570.28
28926.76,20606.81,51653.16,3175.11,64.6,21.48,378309.46,250683.97
32242.84,25941.84,66357.3,3245.43,302.11,12.3,458198.63,293718.91
7459.29,3007.59,81579.16,2380.92,484.71,19.24,294695.18,140879.45
15130.95,22176.04,67903.99,844.68,484.15,21.33,205874.82,144849.46
37436.42,20410.9,87258.53,1209.68,174.88,47.73,179173.4,149062.2
6253.33,13263.15,144961.36,1718.02,197.54,49.88,91455.52,89521.83
46131.8,11924.32,39340.15,1504.91,67.37,20.38,353116.95,177482.96
37187.02,25951.68,97336.03,2401.57,400.93,12.3,34011.04,132189.16
34445.43,10880.51,30119.65,2239.77,383.34,48.96,497717.83,206400.41
47483.68,10615.22,57163.31,402.46,356.91,13.06,27037.65,73582.94
20960.76,18328.74,140378.18,2651.78,288.7,17.94,282032.9,203956.03
3394.89,19755.11,24902.18,888.32,17.1,7.61,251455.99,115626.69
15639.19,12172.0,29147.31,474.95,427.52,42.95,265960.73,127538.57
7175.29,11855.9,94246.99,2707.12,108.5,26.82,253404.55,142995.25
38038.01,15505.63,132621.78,1899.04,206.7,14.17,428344.74,209815.78
31613.27,25461.13,101941.17,1395.23,72.89,39.48,383448.26,211112.16
17241.73,18127.26,95311.18,2217.59,252.16,8.15,78420.03,108654.39
32406.34,20615.31,74197.58,1074.58,83.12,9.49,97877.27,118373.18
28166.56,13108.03,116749.01,2809.79,446.6,34.42,139765.54,148386.43
39092.84,13336.01,110120.03,935.19,156.59,4.46,403570.5,201331.31
9327.09,20530.73,76751.58,1699.0,188.24,46.42,51291.02,66645.89
43156.95,21068.48,98906.22,1572.86,41.55,14.88,436590.68,235641.4
25692.72,10393.27,23229.35,2340.39,411.35,33.34,21786.5,109830.18
25287.04,12672.34,73549.56,1134.21,327.76,23.16,107260.7,120167.07
6598.89,5249.68,89307.18,1237.74,414.07,2.35,210797.73,126204.35
6974.16,9454.55,147928.63,1581.53,412.97,33.72,333135.39,142785.83
32258.9,7190.57,63431.81,1158.39,126.92,38.84,312371.91,141311.47
9127.44,13716.21,132960.69,3426.64,254.85,45.77,323201.85,183180.72
19514.04,9298.51,81582.64,1277.96,159.68,10.02,233383.65,155645.27
33094.8,24789.5,168385.21,1329.71,478.58,16.95,94893.53,115322.89
32101.2,24897.71,107897.65,2098.35,231.43,36.15,350473.43,222975.07
48747.66,19993.72,94018.76,1584.47,404.43,14.01,248057.68,217796.1
25699.13,10970.02,115319.95,3021.6,196.9,19.05,349204.49,228819.18
32969.22,11718.13,152137.29,3457.54,187.75,49.42,444171.55,274374.71
36754.6,24017.17,26382.58,2747.55,235.01,10.61,437836.15,216820.81
14656.8,13187.73,84388.96,1318.53,123.74,15.93,38211.88,79139.13
16855.1,10996.92,66409.08,2781.8,282.54,32.5,360373.86,198487.92
35056.88,22599.72,142064.63,2688.28,403.37,17.87,450063.67,245599.16
27682.87,18240.52,31609.2,472.97,181.52,14.14,269558.34,160114.05
30828.32,20559.35,70077.76,2311.73,359.4,30.58,196362.49,173732.6
36560.07,20796.16,156421.22,1476.36,85.94,45.63,399657.85,193444.49
34226.61,10395.36,88245.8,550.15,226.08,18.23,95549.19,68007.86
16733.2,18026.03,70607.98,817.22,422.71,45.35,305927.15,179381.15
21348.79,7415.01,35971.43,2992.3,87.1,22.62,36609.28,86124.48
34480.55,9639.49,20470.72,378.6,45.95,1.04,314920.68,178100.49
8722.47,15345.35,26229.1,786.37,373.9,22.55,40214.8,44269.37
23814.82,17626.04,78127.47,1741.59,189.89,28.1,132253.11,111947.52
22461.49,12329.77,134919.87,2451.04,335.13,0.64,246120.06,154924.38
19531.83,23235.16,57426.55,981.36,205.94,13.26,379292.14,181826.96
29875.1,24688.82,77653.32,2078.6,411.26,14.38,474216.38,281537.86
45884.58,27997.65,108703.23,1367.95,36.61,38.19,461229.2,251627.46
42289.81,10092.22,132217.51,2501.13,106.94,20.2,90966.81,158885.52
33920.86,25123.6,100332.11,3041.84,140.38,40.5,271435.62,203967.71
30798.32,18341.69,108263.69,997.42,445.89,11.72,290790.44,155660.86
38871.86,16372.02,119992.54,2455.2,434.32,7.87,144505.93,156524.66
39688.35,21220.31,94443.53,1690.96,491.5,8.38,121586.35,155165.09
37731.31,25465.3,160891.05,3049.24,499.84,8.28,338309.9,246559.79
36454.41,16548.84,53502.91,1491.65,205.62,7.11,493148.86,282524.35
30806.74,21579.2,52276.16,2024.63,127.77,19.63,272024.62,184923.62
47001.46,14917.74,157904.42,977.59,189.43,41.46,108885.48,105988.39
48564.8,19518.76,116321.31,1094.22,277.71,32.94,38987.22,116111.54
18339.07,15363.48,74887.74,624.96,209.88,48.22,124365.82,92658.57
24008.23,17293.91,163757.71,3372.35,363.8,3.76,57360.74,162758.62
28692.26,25235.67,140648.93,1352.09,327.25,28.86,164439.24,114247.43
42815.1,9795.36,61452.33,2862.93,446.05,33.85,299568.59,219972.89
2226.97,6778.61,22384.54,2768.57,317.46,11.06,201149.4,134127.07
24827.75,10278.4,128955.82,2894.76,499.99,37.88,451721.8,193893.64
2964.66,3609.39,52275.39,1700.82,322.94,21.16,344611.01,167050.36
25149.05,18554.31,38185.13,1021.75,222.67,6.64,64547.59,77724.15
49057.12,29574.9,123913.43,2304.26,182.55,47.55,147851.74,170416.2
39590.22,12267.27,131388.27,3063.08,169.04,15.64,413528.15,221625.45
40044.04,14227.64,16868.86,2507.02,90.61,31.3,27442.4,108806.94
14024.66,3545.49,114759.53,1085.93,154.98,37.65,90597.16,85383.31
44430.41,25441.85,115502.04,1013.23,400.76,43.43,469029.69,193186.44
24397.79,15746.86,123586.45,1524.9,322.23,42.24,62615.69,93130.6
47891.61,18544.22,92905.9,2990.16,148.02,36.11,444285.47,255494.81
6307.1,15530.97,146880.87,3298.71,408.4,8.2,61971.41,141681.84
1220.51,12062.03,86849.13,1987.01,406.6,33.03,480977.23,201595.34
7980.45,17376.08,152160.0,1051.83,264.86,31.71,30056.38,65554.17
25415.68,18797.77,96819.18,2400.96,338.78,34.26,405062.27,245023.99
45917.33,14736.82,94167.2,1467.58,83.12,32.98,211078.2,136541.73
8223.87,12146.75,126503.94,949.76,384.43,34.17,104940.84,62968.63
48953.07,25911.6,124867.06,1231.3,162.78,25.12,473810.14,229799.32
3691.81,19714.1,158792.19,2154.42,402.23,41.78,270858.35,190310.39
29140.57,24485.92,75299.94,1481.55,163.35,17.74,65066.07,111262.44
38946.47,21985.66,106314.28,2842.95,473.36,43.13,35714.57,144164.76
14330.21,19420.98,133729.49,3474.49,483.15,45.5,241902.16,187684.19
13860.57,14435.66,48347.98,852.83,247.28,8.61,482269.38,184113.9
4629.46,11688.56,102918.04,2426.64,66.9,22.83,474078.07,214497.99
30798.33,10969.6,54260.06,2188.29,400.12,28.53,262040.18,171965.6
10146.44,15099.3,66831.92,2574.18,287.38,12.61,290138.55,199588.39
27802.4,12413.42,70395.7,2958.56,132.72,35.05,55735.4,126502.47
23722.27,21902.15,110376.33,659.36,202.89,34.37,194980.32,99366.79
46269.85,20921.7,49793.34,2367.37,153.52,23.62,389366.34,234947.01
14625.7,16741.59,76055.4,2001.34,414.95,47.16,397215.09,196245.15
19577.13,23033.51,44826.75,2566.02,230.36,18.65,49057.39,120101.22
22024.68,17374.09,108189.09,2176.92,290.11,46.16,215610.09,161810.96
43393.99,20248.26,24582.12,1084.12,345.29,5.81,25468.92,90593.15
34577.12,14939.55,79513.87,1285.33,31.67,29.37,298126.23,148236.89
37559.11,8412.32,109429.39,1323.58,415.83,15.37,40616.57,97953.27
9591.98,6287.6,19596.5,280.09,274.55,13.27,369601.87,138010.94
16800.7,6477.15,151446.37,1816.67,346.34,44.76,229598.86,130905.38
38047.69,8386.69,86922.56,1543.52,438.71,15.24,285378.9,182718.97
31387.32,21329.79,137507.27,2875.22,403.68,13.52,113464.97,154321.84
12678.59,9915.5,134972.63,3082.59,485.34,21.56,277392.94,205215.54
9359.06,8214.93,139103.44,3075.29,189.63,11.14,289716.36,175553.24
35734.24,15996.11,109715.38,1662.49,94.88,2.16,346351.46,177344.96
33927.24,20740.62,45292.17,2505.74,292.36,18.59,23408.69,110599.3
44069.47,26156.43,84520.5,2921.46,77.58,8.33,399814.41,261990.87
10150.56,5223.25,24932.23,2544.87,100.27,36.86,149465.37,115684.88
32812.42,22587.39,78733.95,3048.49,363.61,48.82,332296.23,237132.95
42662.86,14191.23,87751.4,1536.56,39.1,18.52,229799.86,140848.56
34353.51,20615.78,109381.82,1334.62,183.34,45.01,491198.69,196123.25
37344.1,19700.77,77458.88,1569.84,166.54,6.73,37072.62,91176.58
